"Data Source","World Development Indicators",

"Last Updated Date","2026-07-13",

"Country Name","Country Code","Indicator Name","Indicator Code","1960","1961","1962","1963","1964","1965","1966","1967","1968","1969","1970","1971","1972","1973","1974","1975","1976","1977","1978","1979","1980","1981","1982","1983","1984","1985","1986","1987","1988","1989","1990","1991","1992","1993","1994","1995","1996","1997","1998","1999","2000","2001","2002","2003","2004","2005","2006","2007","2008","2009","2010","2011","2012","2013","2014","2015","2016","2017","2018","2019","2020","2021","2022","2023","2024","2025",
"Aruba","ABW","Current health expenditure per capita (current US$)","SH.XPD.CHEX.PC.CD","","","","","","","","","","","","","","","","","","","","","","","","","","","","","","","","","","","","","","","","","","","","","","","","","","","","","","","","","","","","","","","","","","",
"Africa Eastern and Southern","AFE","Current health expenditure per capita (current US$)","SH.XPD.CHEX.PC.CD","","","","","","","","","","","","","","","","","","","","","","","","","","","","","","","","","","","","","","","","","42.7649736223739","37.8451836266013","35.0264668200769","50.3085149981016","61.8846071751485","68.7259030701744","75.1738953911871","84.2036395657671","86.606132950143","90.3051319842631","104.353723653982","112.500235569633","109.276549861823","104.979280345368","98.492735401455","90.7980923306796","85.6874598126392","89.8672604899708","89.9693693736129","87.0398773156759","81.4461401594807","92.3503331753643","92.0352883967091","88.48558529145","","",
"Afghanistan","AFG","Current health expenditure per capita (current US$)","SH.XPD.CHEX.PC.CD","","","","","","","","","","","","","","","","","","","","","","","","","","","","","","","","","","","","","","","","","","","16.70697403","17.74602509","21.42300415","25.11388779","28.9412632","32.70893097","39.88624954","43.13351822","46.42438889","52.18721771","52.45247269","56.16043472","60.04951096","59.91960526","61.37234497","66.82388306","71.22509003","74.0642395","80.0892334","81.52112579","80.6516037","59.06770706","","",
"Africa Western and Central","AFW","Current health expenditure per capita (current US$)","SH.XPD.CHEX.PC.CD","","","","","","","","","","","","","","","","","","","","","","","","","","","","","","","","","","","","","","","","","18.1535242334617","18.7198742639536","19.7262097336905","31.6447143435604","36.1369187537825","41.8512729386852","48.6833922674256","52.8176392390014","60.5965909459332","55.5356742235589","59.612243679929","65.3991364279652","67.9967996588326","75.534904669735","78.7849895958275","70.738706184874","61.7168342971552","58.5214095205365","56.2928689276805","59.2861168406291","64.6462871223599","72.6715310804023","74.4796108722856","65.900206902325","","",
"Angola","AGO","Current health expenditure per capita (current US$)","SH.XPD.CHEX.PC.CD","","","","","","","","","","","","","","","","","","","","","","","","","","","","","","","","","","","","","","","","","13.15998554","29.26095772","29.37077141","35.2206955","50.23310852","54.66142273","70.28185272","93.42698669","136.34094238","120.5289917","96.95197296","122.11888123","121.84848022","142.78450012","130.5861969","107.52857208","94.01481628","112.75364685","83.87555695","64.4466095","56.01641846","66.94487","103.94506073","76.07118225","","",
"Albania","ALB","Current health expenditure per capita (current US$)","SH.XPD.CHEX.PC.CD","","","","","","","","","","","","","","","","","","","","","","","","","","","","","","","","","","","","","","","","","65.47674561","73.92171478","78.72909546","105.43667603","136.50724792","149.97515869","164.22090149","209.31910706","237.10340881","236.94244385","253.98246765","273.75292969","260.68319702","276.0765686","293.1267395","253.93347168","275.43676758","295.52346802","349.21127319","366.34014893","396.17477417","465.57043457","506.86920166","590.62799072","","",
"Andorra","AND","Current health expenditure per capita (current US$)","SH.XPD.CHEX.PC.CD","","","","","","","","","","","","","","","","","","","","","","","","","","","","","","","","","","","","","","","","","1294.09118652","1378.70837402","1590.68554688","1888.13574219","2060.26928711","2279.53051758","2151.95092773","2388.17407227","2790.11254883","2679.67358398","3286.52954102","3555.52319336","2788.69238281","2886.97241211","3005.21557617","2672.49731445","2785.64599609","2876.24194336","3159.16162109","3021.078125","3282.02587891","3668.44750977","3190.11328125","3605.19799805","","",
"Arab World","ARB","Current health expenditure per capita (current US$)","SH.XPD.CHEX.PC.CD","","","","","","","","","","","","","","","","","","","","","","","","","","","","","","","","","","","","","","","","","111.859374944682","114.541456078151","113.335666331259","109.519307494392","120.208364769271","133.719505210474","153.255519530645","179.238839261707","210.954303939832","227.076111662128","234.640952020934","266.866553538312","295.080643944446","303.590198616256","326.499751028553","312.609883146077","311.947978507094","307.126617877282","325.592164585057","326.670945661256","327.069625588704","336.587194733694","348.767262238545","363.465124423147","","",
"United Arab Emirates","ARE","Current health expenditure per capita (current US$)","SH.XPD.CHEX.PC.CD","","","","","","","","","","","","","","","","","","","","","","","","","","","","","","","","","","","","","","","","","706.03112793","689.29278564","754.26220703","784.89343262","821.74920654","898.36480713","1031.14904785","1176.49328613","1465.82446289","1531.02209473","1619.98864746","1787.59997559","1711.38525391","1789.68579102","1776.7310791","1479.49743652","1592.91906738","1695.203125","1872.58422852","1962.46728516","2154.41113281","2249.96313477","2240.9050293","2401.52026367","","",
"Argentina","ARG","Current health expenditure per capita (current US$)","SH.XPD.CHEX.PC.CD","","","","","","","","","","","","","","","","","","","","","","","","","","","","","","","","","","","","","","","","","702.23309326","660.63378906","219.96408081","261.2038269","303.31906128","395.64596558","456.06246948","569.27264404","745.40356445","787.78051758","979.7689209","1208.23120117","1363.21618652","1428.91125488","1291.32458496","1523.90979004","1276.79785156","1491.11877441","1195.59973145","1007.45629883","910.9586792","1182.15930176","1415.79577637","1456.98596191","","",
"Armenia","ARM","Current health expenditure per capita (current US$)","SH.XPD.CHEX.PC.CD","","","","","","","","","","","","","","","","","","","","","","","","","","","","","","","","","","","","","","","","","25.6606369","31.90725899","59.20983887","66.31577301","71.65074158","95.55093384","124.8989563","170.15332031","261.59963989","247.90641785","291.77758789","325.29086304","331.91378784","392.85253906","404.33874512","365.51950073","359.58227539","409.80145264","428.34579468","533.69952393","535.2723999","595.83544922","674.78619385","766.95874023","","",
"American Samoa","ASM","Current health expenditure per capita (current US$)","SH.XPD.CHEX.PC.CD","","","","","","","","","","","","","","","","","","","","","","","","","","","","","","","","","","","","","","","","","","","","","","","","","","","","","","","","","","","","","","","","","","",
"Antigua and Barbuda","ATG","Current health expenditure per capita (current US$)","SH.XPD.CHEX.PC.CD","","","","","","","","","","","","","","","","","","","","","","","","","","","","","","","","","","","","","","","","","520.12213135","572.20776367","559.08331299","613.65112305","597.74902344","641.3157959","665.11560059","714.27496338","694.03344727","609.50390625","724.08880615","717.28186035","753.50183105","739.10491943","826.75598145","789.30975342","817.88891602","791.12322998","856.37127686","808.14996338","873.5246582","835.06512451","891.00323486","841.24884033","","",
"Australia","AUS","Current health expenditure per capita (current US$)","SH.XPD.CHEX.PC.CD","","","","","","","","","","","","","","","","","","","","","","","","","","","","","","","","","","","","","","","","","1626.73388672","1550.37390137","1752.93896484","2227.12768555","2744.08105469","2995.87255859","3174.86865234","3792.80981445","4083.42944336","3989.44116211","4947.96337891","5876.88525391","6038.87158203","5811.86865234","6098.25439453","5271.93310547","5418.43652344","5770.69042969","5843.64794922","5543.37841797","5968.00341797","7092.13476563","6723.98242188","6980.38525391","","",
"Austria","AUT","Current health expenditure per capita (current US$)","SH.XPD.CHEX.PC.CD","","","","","","","","","","","","","","","","","","","","","","","","","","","","","","","","","","","","","","","","","2301.89208984","2315.42285156","2531.61938477","3122.31201172","3606.77856445","3720.02441406","3899.90722656","4484.81640625","5080.83740234","4939.75878906","4815.26953125","5191.92333984","4983.67724609","5251.96826172","5418.47558594","4649.59667969","4758.89892578","4999.86962891","5394.55908203","5313.19287109","5569.84130859","6554.14257813","5897.97607422","6267.93164063","6739.30908203","",
"Azerbaijan","AZE","Current health expenditure per capita (current US$)","SH.XPD.CHEX.PC.CD","","","","","","","","","","","","","","","","","","","","","","","","","","","","","","","","","","","","","","","","","19.01968193","19.19010162","20.45606041","23.62244987","27.1906395","34.35204697","49.87102127","74.65649414","111.88427734","135.40127563","153.0665741","184.93493652","234.60324097","251.67863464","280.22314453","236.25979614","169.69596863","167.01565552","180.03610229","199.25746155","245.21949768","250.9887085","261.44659424","299.81060791","","",
"Burundi","BDI","Current health expenditure per capita (current US$)","SH.XPD.CHEX.PC.CD","","","","","","","","","","","","","","","","","","","","","","","","","","","","","","","","","","","","","","","","","5.67927122","7.50815582","6.46998882","5.87316799","8.88248062","11.13118172","14.10514736","15.26294613","14.67025566","18.31996346","24.45114708","23.16802216","20.01195908","20.26322556","18.06601143","17.67629051","18.59472847","19.16676521","18.67819214","22.2435379","26.21934319","23.11420059","25.52155113","28.14028931","","",
"Belgium","BEL","Current health expenditure per capita (current US$)","SH.XPD.CHEX.PC.CD","","","","","","","","","","","","","","","","","","","","","","","","","","","","","","","","","","","","","","","","","1849.91601563","1879.93457031","2084.7199707","2822.50341797","3322.28857422","3415.64599609","3547.06835938","4066.2121582","4656.04150391","4755.80859375","4626.02685547","4990.35595703","4763.93505859","5005.64990234","5110.17333984","4465.45556641","4569.640625","4827.59326172","5233.68261719","5087.45654297","5269.40625","5847.17333984","5487.59277344","5931.01464844","","",
"Benin","BEN","Current health expenditure per capita (current US$)","SH.XPD.CHEX.PC.CD","","","","","","","","","","","","","","","","","","","","","","","","","","","","","","","","","","","","","","","","","14.42371464","16.26979828","16.9179287","21.06955719","24.52665329","25.12485313","26.60264206","26.79680061","28.12486076","29.69425583","29.37720871","31.76816368","32.95616913","33.53426743","32.41182327","27.34733391","36.58565903","38.75862122","39.54786301","33.9457283","36.62052536","38.45053101","37.76291275","46.52822113","","",
"Burkina Faso","BFA","Current health expenditure per capita (current US$)","SH.XPD.CHEX.PC.CD","","","","","","","","","","","","","","","","","","","","","","","","","","","","","","","","","","","","","","","","","10.00902748","10.27519512","11.93992615","16.02656555","21.12279129","21.34285545","23.55202866","29.72483063","30.76880074","31.26260567","33.05819321","33.70409393","33.66717529","42.26796341","38.24516678","32.3375206","39.50990677","43.37775803","38.48573303","41.06895828","57.17589188","63.59171295","64.38339996","71.73455048","","",
"Bangladesh","BGD","Current health expenditure per capita (current US$)","SH.XPD.CHEX.PC.CD","","","","","","","","","","","","","","","","","","","","","","","","","","","","","","","","","","","","","","","","","8.27585602","8.10025787","9.05402279","9.98434258","10.78997898","11.31403732","12.05988026","14.03898716","15.5619669","17.7030201","20.62105751","22.77348328","23.43771553","26.96918297","29.91152382","33.20998764","39.30647659","42.17510986","44.78892899","45.07677078","49.0274353","56.09640121","56.62142181","53.46432495","","",
"Bulgaria","BGR","Current health expenditure per capita (current US$)","SH.XPD.CHEX.PC.CD","","","","","","","","","","","","","","","","","","","","","","","","","","","","","","","","","","","","","","","","","94.51976013","119.82997894","148.1479187","195.74369812","233.11332703","267.74139404","294.10891724","361.23498535","455.54058838","459.30020142","484.75228882","555.86419678","558.64794922","553.68725586","616.16296387","534.21466064","579.76715088","647.56402588","719.78033447","733.06878662","906.54833984","1109.10290527","1066.69189453","1257.87597656","","",
"Bahrain","BHR","Current health expenditure per capita (current US$)","SH.XPD.CHEX.PC.CD","","","","","","","","","","","","","","","","","","","","","","","","","","","","","","","","","","","","","","","","","451.50253296","457.59741211","469.15478516","530.5446167","527.82989502","557.9574585","578.29705811","677.16290283","734.99511719","838.52880859","866.67224121","921.72064209","1038.1661377","1115.16906738","1122.16040039","1128.24291992","1095.92541504","1080.08898926","1041.8560791","1030.26379395","1101.14025879","1176.92102051","1178.80664063","1175.81628418","","",
"Bahamas, The","BHS","Current health expenditure per capita (current US$)","SH.XPD.CHEX.PC.CD","","","","","","","","","","","","","","","","","","","","","","","","","","","","","","","","","","","","","","","","","948.88244629","995.71844482","1021.03601074","1062.43786621","1078.31152344","1153.21594238","1257.64587402","1351.08203125","1429.23681641","1416.92468262","1444.0065918","1442.24768066","1518.64953613","1559.34985352","1619.36669922","1588.57775879","1711.60510254","2069.44555664","1875.74035645","1881.40393066","1861.0637207","1946.21960449","2327.20117188","2262.33447266","","",
"Bosnia and Herzegovina","BIH","Current health expenditure per capita (current US$)","SH.XPD.CHEX.PC.CD","","","","","","","","","","","","","","","","","","","","","","","","","","","","","","","","","","","","","","","","","106.5786972","105.10999298","118.87058258","168.42216492","222.27758789","241.64047241","281.26403809","363.86224365","459.29174805","409.29098511","406.13046265","456.96905518","444.93655396","475.07409668","493.07333374","430.83413696","450.44155884","471.32647705","529.85546875","546.4508667","594.8225708","697.07427979","667.29681396","772.88568115","","",
"Belarus","BLR","Current health expenditure per capita (current US$)","SH.XPD.CHEX.PC.CD","","","","","","","","","","","","","","","","","","","","","","","","","","","","","","","","","","","","","","","","","57.02944183","73.3659668","85.97066498","108.51013947","140.99655151","196.13806152","221.70170593","278.63424683","348.92633057","288.44775391","341.13800049","317.82492065","364.09957886","454.51959229","448.27426147","360.91937256","296.94720459","331.94082642","349.99176025","400.11621094","420.43655396","484.03930664","529.01873779","558.22644043","","",
"Belize","BLZ","Current health expenditure per capita (current US$)","SH.XPD.CHEX.PC.CD","","","","","","","","","","","","","","","","","","","","","","","","","","","","","","","","","","","","","","","","","139.00151062","163.11247253","172.81750488","175.13619995","176.26716614","181.24623108","196.13124084","233.67915344","257.84707642","243.3110199","244.02867126","252.81436157","247.97563171","263.10794067","298.51965332","286.78604126","293.09829712","280.71743774","286.83633423","298.14306641","279.10131836","308.93920898","298.01553345","309.40835571","","",
"Bermuda","BMU","Current health expenditure per capita (current US$)","SH.XPD.CHEX.PC.CD","","","","","","","","","","","","","","","","","","","","","","","","","","","","","","","","","","","","","","","","","","","","","","","","","","","","","","","","","","","","","","","","","","",
"Bolivia","BOL","Current health expenditure per capita (current US$)","SH.XPD.CHEX.PC.CD","","","","","","","","","","","","","","","","","","","","","","","","","","","","","","","","","","","","","","","","","42.89028168","44.88241577","43.49106216","46.41044998","46.35359192","51.76200867","56.05701447","63.62155914","77.9777298","89.57923889","100.39356232","119.78379059","135.32060242","159.99380493","179.3274231","196.25799561","207.4511261","214.58572388","231.18806458","241.34619141","248.69514465","276.20880127","260.88070679","255.04104614","","",
"Brazil","BRA","Current health expenditure per capita (current US$)","SH.XPD.CHEX.PC.CD","","","","","","","","","","","","","","","","","","","","","","","","","","","","","","","","","","","","","","","","","313.92590332","271.56121826","248.37753296","253.08970642","297.68243408","387.93121338","489.53884888","607.73022461","713.67193604","728.55639648","906.0098877","1043.3548584","968.7277832","993.79608154","1030.66271973","796.15252686","810.20037842","954.75012207","880.28430176","868.17248535","680.76843262","768.27075195","871.27526855","1009.83563232","","",
"Barbados","BRB","Current health expenditure per capita (current US$)","SH.XPD.CHEX.PC.CD","","","","","","","","","","","","","","","","","","","","","","","","","","","","","","","","","","","","","","","","","622.47875977","643.1159668","689.30773926","808.06054688","942.37701416","963.07849121","1028.39282227","1043.49401855","1136.53637695","1163.96875","1114.3729248","1163.2668457","1294.78674316","1246.16491699","1175.44348145","1154.62719727","1181.14257813","1182.00366211","1169.35559082","1168.11938477","1234.30041504","1391.49853516","1302.0592041","1286.47680664","","",
"Brunei Darussalam","BRN","Current health expenditure per capita (current US$)","SH.XPD.CHEX.PC.CD","","","","","","","","","","","","","","","","","","","","","","","","","","","","","","","","","","","","","","","","","519.05047607","474.11706543","482.52624512","545.55560303","630.73266602","657.31945801","664.74499512","710.42297363","792.01367188","739.28015137","795.97766113","864.63787842","869.36553955","835.32452393","785.41210938","731.04980469","679.46929932","636.22973633","748.69073486","678.81982422","658.38983154","665.87030029","648.55499268","733.00543213","","",
"Bhutan","BTN","Current health expenditure per capita (current US$)","SH.XPD.CHEX.PC.CD","","","","","","","","","","","","","","","","","","","","","","","","","","","","","","","","","","","","","","","","","30.5911293","35.08880234","32.9380188","37.15467834","46.06135941","46.79434204","54.21236038","64.72015381","57.59343338","59.74616623","72.38789368","77.75431824","84.0940094","86.41462708","87.19132233","96.86671448","97.42939758","103.63583374","102.01222992","115.71811676","134.13723755","161.46617126","138.00679016","162.19680786","","",
"Botswana","BWA","Current health expenditure per capita (current US$)","SH.XPD.CHEX.PC.CD","","","","","","","","","","","","","","","","","","","","","","","","","","","","","","","","","","","","","","","","","206.93144226","203.01203918","206.11392212","269.58544922","297.2512207","281.38796997","258.01873779","305.22042847","324.54284668","336.53146362","389.55178833","427.70709229","418.82244873","433.29150391","418.82452393","374.79058838","389.3107605","471.05056763","447.4473877","438.28546143","386.28860474","492.14276123","477.77633667","489.59677124","","",
"Central African Republic","CAF","Current health expenditure per capita (current US$)","SH.XPD.CHEX.PC.CD","","","","","","","","","","","","","","","","","","","","","","","","","","","","","","","","","","","","","","","","","9.9123354","9.20995235","10.44132614","12.15000153","12.96809387","13.93517494","15.15495491","18.24629021","18.02888489","21.37773895","17.01008034","19.62990761","21.33021736","17.36794472","18.7120266","18.44194221","21.07796097","28.81619644","51.3541069","35.76099014","42.63476563","46.25038147","47.91523361","53.81136703","","",
"Canada","CAN","Current health expenditure per capita (current US$)","SH.XPD.CHEX.PC.CD","","","","","","","","","","","","","","","","","","","","","","","","","","","","","","","","","","","","","","","","","1988.15942383","2041.87512207","2134.84960938","2534.86474609","2896.19335938","3268.46850586","3758.35961914","4187.87255859","4454.11621094","4355.83056641","5060.88818359","5399.98779297","5518.5703125","5460.03173828","5209.93164063","4658.83789063","4647.14892578","4894.7734375","5052.90185547","5098.88720703","5646.19433594","6511.46972656","6252.34033203","6186.65234375","6377.96875","",
"Central Europe and the Baltics","CEB","Current health expenditure per capita (current US$)","SH.XPD.CHEX.PC.CD","","","","","","","","","","","","","","","","","","","","","","","","","","","","","","","","","","","","","","","","","221.752169441734","252.155496334545","298.231436034936","373.191144319793","446.960080489537","522.801258659789","580.337701888503","729.697767570638","927.677474022657","842.580508218217","869.171916475988","920.709058276828","863.755895369154","911.420338086475","932.81846871344","817.142104856243","854.458742634355","941.309979111415","1057.78591814118","1095.4614214139","1187.60462614471","1412.78214453503","1374.1600690946","1626.96748530039","","",
"Switzerland","CHE","Current health expenditure per capita (current US$)","SH.XPD.CHEX.PC.CD","","","","","","","","","","","","","","","","","","","","","","","","","","","","","","","","","","","","","","","","","3550.12597656","3751.75244141","4198.36376953","5005.11816406","5593.4765625","5661.17431641","5657.28222656","6124.81445313","7075.70751953","7263.62695313","7645.25732422","9139.43066406","8868.98144531","9247.28417969","9469.6640625","9200.10058594","9201.47460938","9354.22070313","9541.07421875","9609.80273438","10294.578125","11197.76464844","10930.13964844","11783.66992188","","",
"Channel Islands","CHI","Current health expenditure per capita (current US$)","SH.XPD.CHEX.PC.CD","","","","","","","","","","","","","","","","","","","","","","","","","","","","","","","","","","","","","","","","","","","","","","","","","","","","","","","","","","","","","","","","","","",
"Chile","CHL","Current health expenditure per capita (current US$)","SH.XPD.CHEX.PC.CD","","","","","","","","","","","","","","","","","","","","","","","","","","","","","","","","","","","","","","","","","353.25033569","323.63336182","319.53222656","346.1635437","422.96481323","495.56002808","565.8493042","643.05963135","719.07501221","730.63336182","861.72436523","984.4486084","1070.51293945","1171.77038574","1138.66113281","1122.13378906","1167.89306641","1353.69274902","1430.70263672","1348.99401855","1270.97814941","1576.69287109","1541.37927246","1736.52038574","1759.70605469","",
"China","CHN","Current health expenditure per capita (current US$)","SH.XPD.CHEX.PC.CD","","","","","","","","","","","","","","","","","","","","","","","","","","","","","","","","","","","","","","","","","42.80797577","44.36042023","49.92394638","56.54468155","64.28150177","73.00266266","82.48256683","98.5569458","133.83999634","164.87619019","188.87156677","239.19824219","284.69760132","329.08572388","362.28695679","393.09768677","398.17489624","439.94006348","504.10980225","538.99157715","582.95092773","670.25897217","755.43597412","763.37762451","","",
"Cote d'Ivoire","CIV","Current health expenditure per capita (current US$)","SH.XPD.CHEX.PC.CD","","","","","","","","","","","","","","","","","","","","","","","","","","","","","","","","","","","","","","","","","30.33073425","30.58369255","32.55319595","43.81231308","47.04700851","46.69436264","47.08904266","56.15083694","64.67678833","71.06480408","70.04605103","67.97618103","69.86203003","67.13149261","74.3581543","58.43181992","61.85705566","63.77943039","65.87952423","68.30471039","78.97766876","92.39588928","84.89915466","87.68105316","","",
"Cameroon","CMR","Current health expenditure per capita (current US$)","SH.XPD.CHEX.PC.CD","","","","","","","","","","","","","","","","","","","","","","","","","","","","","","","","","","","","","","","","","30.438097","29.82297325","31.79577446","38.56394196","42.25278473","43.10830688","44.52022934","50.30911255","54.58909225","51.14823914","50.03335571","58.33031845","56.96441269","57.22771454","71.61038208","58.38298035","57.99372482","56.7457695","58.32909393","56.79493713","66.17185211","72.59731293","72.12950897","79.09996796","","",
"Congo, Dem. Rep.","COD","Current health expenditure per capita (current US$)","SH.XPD.CHEX.PC.CD","","","","","","","","","","","","","","","","","","","","","","","","","","","","","","","","","","","","","","","","","17.52071953","5.4341011","4.17578602","6.03257608","7.83304834","8.55065727","10.37645721","11.5629034","15.36659527","12.75762081","12.1423111","11.89942932","13.20595551","15.37901688","18.22281265","18.57252884","19.3114109","18.14648819","17.29077148","19.20812035","20.5593071","21.58848572","24.3800106","23.43148804","","",
"Congo, Rep.","COG","Current health expenditure per capita (current US$)","SH.XPD.CHEX.PC.CD","","","","","","","","","","","","","","","","","","","","","","","","","","","","","","","","","","","","","","","","","17.35089302","20.30390549","16.99031258","21.51475716","27.50056839","30.90304375","35.94208145","41.96711731","63.41820908","48.65313721","54.56225586","59.51348114","71.2766571","71.85824585","71.03118896","57.30290604","54.3000145","52.29982376","47.310215","58.42106628","80.09735107","78.60149384","53.11892319","75.55332184","","",
"Colombia","COL","Current health expenditure per capita (current US$)","SH.XPD.CHEX.PC.CD","","","","","","","","","","","","","","","","","","","","","","","","","","","","","","","","","","","","","","","","","134.71453857","138.47569275","132.18363953","129.71965027","159.61109924","209.68319702","240.10488892","309.61691284","379.16812134","383.91674805","452.44281006","501.84420776","547.00732422","580.96453857","588.29449463","470.099823","448.84588623","497.54016113","526.11828613","507.06231689","464.41998291","568.84130859","507.07064819","571.15496826","644.30908203","",
"Comoros","COM","Current health expenditure per capita (current US$)","SH.XPD.CHEX.PC.CD","","","","","","","","","","","","","","","","","","","","","","","","","","","","","","","","","","","","","","","","","47.59479904","45.34629059","51.12159729","63.91786194","70.61806488","67.80059814","65.72916412","69.87202454","73.75498962","69.4848938","69.21523285","81.19863892","77.10220337","81.81765747","84.63935852","61.16300201","63.53099442","75.01337433","74.89152527","78.23674774","89.67817688","100.50016785","124.14363861","102.23101807","","",
"Cabo Verde","CPV","Current health expenditure per capita (current US$)","SH.XPD.CHEX.PC.CD","","","","","","","","","","","","","","","","","","","","","","","","","","","","","","","","","","","","","","","","","59.54011154","63.55782318","69.12203979","84.6628952","93.43228912","96.08917999","113.13097382","127.73626709","127.79390717","130.23704529","146.07247925","157.08999634","174.66062927","191.1048584","193.39482117","150.28823853","157.39906311","174.43547058","205.5345459","211.24963379","249.71989441","262.42272949","297.08233643","290.12619019","","",
"Costa Rica","CRI","Current health expenditure per capita (current US$)","SH.XPD.CHEX.PC.CD","","","","","","","","","","","","","","","","","","","","","","","","","","","","","","","","","","","","","","","","","250.30950928","258.00057983","279.41705322","290.83309937","293.77548218","313.48355103","364.52426147","429.41894531","518.1114502","537.06317139","663.69165039","753.42633057","788.53100586","829.93658447","836.23120117","889.3762207","884.73028564","867.76733398","917.31018066","930.43511963","969.89099121","977.14831543","978.84155273","1163.30224609","","",
"Caribbean small states","CSS","Current health expenditure per capita (current US$)","SH.XPD.CHEX.PC.CD","","","","","","","","","","","","","","","","","","","","","","","","","","","","","","","","","","","","","","","","","290.570618755862","291.123719989722","325.198426009048","351.51308948754","393.124619070154","442.34759752957","485.729852678028","539.439782531732","590.420111478154","604.643592048314","627.807859298105","650.723189462505","680.879428773639","712.607256838982","730.353108337739","752.904794394727","747.226086126681","788.582309385435","790.748049253674","820.239812214279","796.157980008992","851.953010679747","915.955448715908","915.847407140298","","",
"Cuba","CUB","Current health expenditure per capita (current US$)","SH.XPD.CHEX.PC.CD","","","","","","","","","","","","","","","","","","","","","","","","","","","","","","","","","","","","","","","","","181.09315491","198.49874878","213.81524658","227.49208069","232.22746277","331.50354004","386.8258667","569.43585205","609.27282715","675.53399658","608.5847168","695.81542969","601.74957275","712.26629639","867.69702148","991.08496094","990.92346191","987.81030273","981.90283203","1023.39715576","1199.35327148","","","","","",
"Curacao","CUW","Current health expenditure per capita (current US$)","SH.XPD.CHEX.PC.CD","","","","","","","","","","","","","","","","","","","","","","","","","","","","","","","","","","","","","","","","","","","","","","","","","","","","","","","","","","","","","","","","","","",
"Cayman Islands","CYM","Current health expenditure per capita (current US$)","SH.XPD.CHEX.PC.CD","","","","","","","","","","","","","","","","","","","","","","","","","","","","","","","","","","","","","","","","","","","","","","","","","","","","","","","","","","","","","","","","","","",
"Cyprus","CYP","Current health expenditure per capita (current US$)","SH.XPD.CHEX.PC.CD","","","","","","","","","","","","","","","","","","","","","","","","","","","","","","","","","","","","","","","","","750.51672363","782.16162109","890.48297119","1145.05847168","1286.97155762","1366.01708984","1474.02062988","1694.27185059","2155.24658203","2105.4777832","2045.2923584","2114.66894531","1899.37255859","1923.03869629","1869.46398926","1570.54638672","1619.91918945","1742.67626953","1987.69470215","2059.45019531","2443.37207031","2947.81494141","2748.6159668","2899.36499023","","",
"Czechia","CZE","Current health expenditure per capita (current US$)","SH.XPD.CHEX.PC.CD","","","","","","","","","","","","","","","","","","","","","","","","","","","","","","","","","","","","","","","","","342.92108154","388.54403687","497.74203491","640.66040039","746.32891846","852.65246582","942.11804199","1110.17663574","1449.33679199","1442.24279785","1509.44726563","1649.15905762","1509.77526855","1508.79907227","1512.59326172","1308.8013916","1374.9005127","1516.75012207","1750.81188965","1805.44030762","2106.28027344","2538.03344727","2431.08496094","2671.08398438","2692.76416016","",
"Germany","DEU","Current health expenditure per capita (current US$)","SH.XPD.CHEX.PC.CD","","","","","","","","","","","","","","","","","","","","","","","","","","","","","","","","","","","","","","","","","2336.36230469","2338.12231445","2557.53564453","3139.36328125","3447.26977539","3544.56616211","3681.3659668","4162.6875","4647.31005859","4655.171875","4592.07128906","5016.23583984","4744.87011719","5080.62402344","5287.34423828","4605.59033203","4723.32421875","5039.35302734","5473.55712891","5447.31787109","5906.80615234","6653.58349609","6226.14208984","6394.62255859","6849.26367188","",
"Djibouti","DJI","Current health expenditure per capita (current US$)","SH.XPD.CHEX.PC.CD","","","","","","","","","","","","","","","","","","","","","","","","","","","","","","","","","","","","","","","","","35.48954773","33.61427689","39.49966431","46.27521896","40.04951477","45.12551498","53.26344299","55.18254471","55.90976715","56.92132568","55.7044487","61.89852524","64.8536911","60.57233047","65.53726196","79.54257965","68.82745361","64.94396973","68.79101563","68.4744873","66.53086853","86.88237762","79.13184357","77.57087708","","",
"Dominica","DMA","Current health expenditure per capita (current US$)","SH.XPD.CHEX.PC.CD","","","","","","","","","","","","","","","","","","","","","","","","","","","","","","","","","","","","","","","","","259.0213623","231.52333069","226.86923218","242.78863525","253.70576477","263.66098022","271.24331665","293.30905151","336.0015564","354.04888916","369.75668335","387.11709595","407.42053223","382.10519409","389.05343628","396.23742676","424.15756226","415.87072754","503.34179688","465.63766479","452.65899658","521.41455078","542.53948975","492.4524231","","",
"Denmark","DNK","Current health expenditure per capita (current US$)","SH.XPD.CHEX.PC.CD","","","","","","","","","","","","","","","","","","","","","","","","","","","","","","","","","","","","","","","","","2491.54174805","2597.97290039","2891.71069336","3602.28295898","4189.47265625","4436.07421875","4770.13720703","5453.83837891","6117.69677734","6208.48486328","6156.68554688","6426.39990234","6155.76367188","6320.08447266","6447.92382813","5508.53369141","5603.75830078","5817.42529297","6219.12988281","6049.93408203","6520.65771484","7429.99023438","6451.19433594","6510.625","6745.06152344","",
"Dominican Republic","DOM","Current health expenditure per capita (current US$)","SH.XPD.CHEX.PC.CD","","","","","","","","","","","","","","","","","","","","","","","","","","","","","","","","","","","","","","","","","138.29624939","143.32540894","152.86595154","104.59856415","105.12216187","168.85827637","161.94844055","190.14048767","229.29747009","237.11128235","270.03961182","293.95123291","304.23754883","302.28512573","312.44223022","322.04864502","328.36526489","329.54168701","332.47702026","357.44137573","354.25689697","433.89172363","469.34915161","488.8727417","","",
"Algeria","DZA","Current health expenditure per capita (current US$)","SH.XPD.CHEX.PC.CD","","","","","","","","","","","","","","","","","","","","","","","","","","","","","","","","","","","","","","","","","61.85785294","67.05859375","66.681633","75.9513092","92.6876297","100.83694458","116.7750473","150.86651611","206.37207031","207.20181274","227.95396423","285.5020752","340.09176636","337.57348633","366.58615112","296.76834106","265.53491211","270.93231201","271.53808594","242.07049561","211.07240295","208.93911743","180.33454895","233.37947083","","",
"East Asia & Pacific (excluding high income)","EAP","Current health expenditure per capita (current US$)","SH.XPD.CHEX.PC.CD","","","","","","","","","","","","","","","","","","","","","","","","","","","","","","","","","","","","","","","","","38.3870416172518","39.5186247465139","44.0812093473831","50.3355953685125","56.6396873563519","65.0217836701955","74.6125422958051","89.2576304285462","116.588275270623","138.512114070546","160.364281320042","200.301228138972","233.503638439295","263.817161904896","287.327126516732","307.270504529694","312.578961695984","342.752366201755","388.610220413854","414.609681820139","446.453873085913","515.527340657811","566.030286298373","570.046154107498","","",
"Early-demographic dividend","EAR","Current health expenditure per capita (current US$)","SH.XPD.CHEX.PC.CD","","","","","","","","","","","","","","","","","","","","","","","","","","","","","","","","","","","","","","","","","63.4025062509756","63.9320367467369","58.7796426299947","65.8555382864186","74.322163372657","85.0266018615647","93.7861122362258","108.245042054146","119.562418602745","120.100938668571","137.399835168198","153.440902871512","160.554302847423","166.635054311832","165.927177497586","165.201062958564","161.00720510291","166.136635212773","159.6997596475","159.821297045575","162.139748994011","186.693713270936","191.392926293627","201.321276167908","","",
"East Asia & Pacific","EAS","Current health expenditure per capita (current US$)","SH.XPD.CHEX.PC.CD","","","","","","","","","","","","","","","","","","","","","","","","","","","","","","","","","","","","","","","","","239.832676205173","222.890506272818","224.536842708809","253.020416156328","279.713123154029","293.864687950824","299.85595449761","323.51641028565","375.872971179041","421.18852506788","479.387975872585","588.755207712256","627.13244385485","603.347478303646","617.395012835319","604.254750654018","637.056055933574","669.232674974526","723.925473826868","754.673740778479","799.468053130348","899.287259231387","905.114818668488","881.290897960564","","",
"Europe & Central Asia (excluding high income)","ECA","Current health expenditure per capita (current US$)","SH.XPD.CHEX.PC.CD","","","","","","","","","","","","","","","","","","","","","","","","","","","","","","","","","","","","","","","","","87.4739690994496","79.9049065499798","95.8969788503221","123.735909721197","156.938955353583","193.191160635613","226.209177830607","276.621234814896","322.581042016962","284.384244898929","310.360441881054","330.417824093321","346.093293024212","367.587637360575","345.933133984597","294.269916283956","289.020041283304","288.640304992191","282.063525018229","296.599975653494","313.492738787445","373.799664319144","366.115150801706","455.307563958052","","",
"Europe & Central Asia","ECS","Current health expenditure per capita (current US$)","SH.XPD.CHEX.PC.CD","","","","","","","","","","","","","","","","","","","","","","","","","","","","","","","","","","","","","","","","","934.427788457795","963.897798657633","1088.03899143488","1348.82361413621","1565.29037109494","1657.54062500021","1775.73548635854","2046.68784039878","2290.63725590395","2194.57126520554","2182.78948070826","2365.26568894297","2273.38230892746","2379.23679870257","2431.97384185177","2105.26090028047","2095.79240619186","2194.38357892709","2346.37056498712","2329.09882257234","2527.44146299898","2865.34293291689","2811.99788990336","2968.53722113162","","",
"Ecuador","ECU","Current health expenditure per capita (current US$)","SH.XPD.CHEX.PC.CD","","","","","","","","","","","","","","","","","","","","","","","","","","","","","","","","","","","","","","","","","49.37281418","72.7922287","99.12815857","134.12744141","152.10868835","170.44190979","192.55101013","193.33273315","231.62229919","244.5753479","287.00466919","340.40786743","387.54577637","414.12683105","433.41845703","464.22186279","449.03869629","469.04544067","493.82693481","484.54037476","470.20355225","507.65136719","495.30380249","509.49414063","","",
"Egypt, Arab Rep.","EGY","Current health expenditure per capita (current US$)","SH.XPD.CHEX.PC.CD","","","","","","","","","","","","","","","","","","","","","","","","","","","","","","","","","","","","","","","","","69.37174988","68.67334747","63.99928665","50.34780884","50.33084488","59.4683876","66.32707214","73.29454041","90.15769958","98.90396881","105.07817841","116.22949219","139.81625366","139.67245483","155.06480408","170.25532532","142.61845398","106.00288391","118.01481628","142.69670105","148.35269165","176.93664551","171.67852783","141.41111755","","",
"Euro area","EMU","Current health expenditure per capita (current US$)","SH.XPD.CHEX.PC.CD","","","","","","","","","","","","","","","","","","","","","","","","","","","","","","","","","","","","","","","","","1690.76065300032","1732.89285129305","1930.96437061601","2421.17561708339","2769.86457339632","2885.88507181355","3050.36252274121","3461.94941912262","3913.20155147938","3852.6539008054","3741.2298138997","3996.67104481579","3733.82559658973","3909.07891161441","4011.66637569218","3450.16293853121","3513.74727284047","3707.80093980814","3995.7906805039","3929.67795036463","4205.68480148807","4740.46066145846","4379.2743765017","4603.63899965368","5420.84357436742","",
"Eritrea","ERI","Current health expenditure per capita (current US$)","SH.XPD.CHEX.PC.CD","","","","","","","","","","","","","","","","","","","","","","","","","","","","","","","","","","","","","","","","","14.03034782","14.90675831","15.77544498","19.81480217","23.15624809","21.92651939","23.77408791","19.62666321","21.55065727","24.35102463","26.00652122","35.55129623","27.78689003","31.64078712","32.93448257","29.22208977","26.00592422","25.10270691","26.68201256","28.42930794","27.66697884","27.58759499","27.0898056","28.29782677","","",
"Spain","ESP","Current health expenditure per capita (current US$)","SH.XPD.CHEX.PC.CD","","","","","","","","","","","","","","","","","","","","","","","","","","","","","","","","","","","","","","","","","1005.28399658","1045.05065918","1174.5793457","1648.05712891","1932.21398926","2074.33081055","2256.68066406","2625.55664063","3019.7578125","2962.48266602","2816.84350586","2938.18041992","2620.84204102","2664.48339844","2716.5793457","2383.85302734","2378.13598633","2564.55834961","2784.16308594","2756.62109375","2942.41943359","3188.8515625","2948.61474609","3106.62011719","","",
"Estonia","EST","Current health expenditure per capita (current US$)","SH.XPD.CHEX.PC.CD","","","","","","","","","","","","","","","","","","","","","","","","","","","","","","","","","","","","","","","","","209.97769165","214.70417786","250.48020935","368.97955322","474.50796509","549.63024902","627.18377686","866.49945068","1082.15478516","1006.50708008","966.19024658","1061.1628418","1058.71960449","1194.86206055","1287.76123047","1156.20275879","1226.0859375","1350.12646484","1553.43347168","1599.3503418","1789.03417969","2091.15649414","1998.74523926","2258.4597168","2437.83764648","",
"Ethiopia","ETH","Current health expenditure per capita (current US$)","SH.XPD.CHEX.PC.CD","","","","","","","","","","","","","","","","","","","","","","","","","","","","","","","","","","","","","","","","","5.28970861","5.50955105","5.14964151","5.70984173","5.7385993","6.4820013","8.42413712","11.63210678","13.03863621","15.1445961","16.17102051","14.62286568","20.00217628","19.26698494","21.6064415","23.21817207","24.34373283","24.18239403","23.5205574","25.93511963","28.28001595","26.06931114","27.06845474","34.79846954","","",
"European Union","EUU","Current health expenditure per capita (current US$)","SH.XPD.CHEX.PC.CD","","","","","","","","","","","","","","","","","","","","","","","","","","","","","","","","","","","","","","","","","1431.54643719374","1473.75202926334","1649.76352599715","2069.93055868748","2372.48318460176","2484.4519124792","2633.24060077167","3004.23168365245","3413.63651740455","3340.25278572443","3268.03690840667","3523.01951869602","3301.71038108101","3463.64750492935","3550.25487120767","3056.00162327666","3117.18625390947","3295.21181360212","3553.26077514172","3498.76733094227","3749.13990498742","4245.25531256131","3922.6915573189","4153.58435864806","5005.49753794043","",
"Finland","FIN","Current health expenditure per capita (current US$)","SH.XPD.CHEX.PC.CD","","","","","","","","","","","","","","","","","","","","","","","","","","","","","","","","","","","","","","","","","1726.74438477","1810.40380859","2059.3269043","2613.84570313","3044.12109375","3236.85839844","3414.94140625","3918.64453125","4486.33789063","4349.89501953","4251.52880859","4717.5078125","4573.19726563","4892.03369141","4922.4296875","4128.20751953","4108.73974609","4235.75488281","4521.27636719","4459.9296875","4736.21435547","5261.90966797","4902.0390625","5515.40478516","","",
"Fiji","FJI","Current health expenditure per capita (current US$)","SH.XPD.CHEX.PC.CD","","","","","","","","","","","","","","","","","","","","","","","","","","","","","","","","","","","","","","","","","74.28569794","61.49855804","69.40512085","86.09690094","110.06819153","120.21074677","126.38617706","140.30192566","134.50354004","121.05646515","127.65603638","140.93704224","153.56562805","158.51806641","178.31169128","169.47518921","175.91635132","185.69645691","249.86022949","254.83047485","256.25967407","331.58413696","217.15068054","212.88697815","","",
"France","FRA","Current health expenditure per capita (current US$)","SH.XPD.CHEX.PC.CD","","","","","","","","","","","","","","","","","","","","","","","","","","","","","","","","","","","","","","","","","2161.85302734","2192.71557617","2449.75830078","3006.3059082","3458.62744141","3575.02514648","3811.55175781","4312.31054688","4807.37451172","4737.578125","4593.66308594","4936.95605469","4659.92431641","4884.71582031","5007.29736328","4226.62646484","4289.34716797","4436.63720703","4692.99511719","4519.98583984","4760.08251953","5364.89746094","4857.73388672","5149.0546875","5327.43359375","",
"Faroe Islands","FRO","Current health expenditure per capita (current US$)","SH.XPD.CHEX.PC.CD","","","","","","","","","","","","","","","","","","","","","","","","","","","","","","","","","","","","","","","","","","","","","","","","","","","","","","","","","","","","","","","","","","",
"Micronesia, Fed. Sts.","FSM","Current health expenditure per capita (current US$)","SH.XPD.CHEX.PC.CD","","","","","","","","","","","","","","","","","","","","","","","","","","","","","","","","","","","","","","","","","161.47862244","181.29023743","169.95617676","208.84524536","257.98867798","397.91644287","245.42320251","258.64785767","289.50195313","325.56570435","361.96511841","378.15283203","372.10220337","354.82269287","345.01589966","362.27624512","399.77108765","409.11758423","428.00738525","425.28103638","403.03540039","399.43988037","468.53509521","507.7762146","","",
"Gabon","GAB","Current health expenditure per capita (current US$)","SH.XPD.CHEX.PC.CD","","","","","","","","","","","","","","","","","","","","","","","","","","","","","","","","","","","","","","","","","123.197258","120.90242767","132.07215881","166.59495544","183.92318726","188.91426086","211.9914093","246.78276062","275.89450073","277.62945557","206.87702942","261.37597656","225.07722473","261.29452515","233.05368042","187.27270508","207.50273132","192.47543335","209.28697205","205.99945068","227.2480011","228.46922302","243.09941101","252.98246765","","",
"United Kingdom","GBR","Current health expenditure per capita (current US$)","SH.XPD.CHEX.PC.CD","","","","","","","","","","","","","","","","","","","","","","","","","","","","","","","","","","","","","","","","","2020.96813965","2074.59936523","2364.04736328","2773.99414063","3361.65625","3528.16162109","3802.56347656","4415.51220703","4280.36083984","3813.02758789","3876.33911133","4123.70019531","4204.08300781","4340.16992188","4733.37060547","4470.09228516","4043.35253906","3938.65234375","4233.62988281","4260.03222656","4865.97802734","5645.40136719","5111.81738281","5407.17041016","5860.23925781","",
"Georgia","GEO","Current health expenditure per capita (current US$)","SH.XPD.CHEX.PC.CD","","","","","","","","","","","","","","","","","","","","","","","","","","","","","","","","","","","","","","","","","52.25807953","56.36803818","66.08916473","80.6542511","105.09565735","132.22496033","152.0617218","195.9908905","281.84671021","270.2170105","287.75900269","315.29684448","349.90432739","368.16253662","392.86099243","347.71783447","369.51849365","377.92520142","365.91583252","339.86679077","389.42260742","524.32415771","546.22503662","554.3248291","","",
"Ghana","GHA","Current health expenditure per capita (current US$)","SH.XPD.CHEX.PC.CD","","","","","","","","","","","","","","","","","","","","","","","","","","","","","","","","","","","","","","","","","10.46035767","12.15051079","14.30371571","18.96423721","23.57214928","38.51657486","49.34616852","57.34096527","63.45487595","62.44382095","80.6833725","91.70959473","81.96895599","105.34784698","78.46701813","78.21643066","64.86400604","54.10602188","53.37788773","71.14958191","97.37677765","94.40388489","82.32108307","70.25730896","","",
"Gibraltar","GIB","Current health expenditure per capita (current US$)","SH.XPD.CHEX.PC.CD","","","","","","","","","","","","","","","","","","","","","","","","","","","","","","","","","","","","","","","","","","","","","","","","","","","","","","","","","","","","","","","","","","",
"Guinea","GIN","Current health expenditure per capita (current US$)","SH.XPD.CHEX.PC.CD","","","","","","","","","","","","","","","","","","","","","","","","","","","","","","","","","","","","","","","","","22.71741867","21.76875114","24.83917809","25.60194969","26.41420937","19.66388702","16.15967941","22.64143372","22.97397041","23.71565628","22.59741783","24.12806129","23.70012856","25.90467834","36.63517761","43.41540527","38.42609406","32.63646317","34.88978195","42.16910172","41.1027565","44.10476303","53.2922287","59.33010101","","",
"Gambia, The","GMB","Current health expenditure per capita (current US$)","SH.XPD.CHEX.PC.CD","","","","","","","","","","","","","","","","","","","","","","","","","","","","","","","","","","","","","","","","","74.83678436","55.65046692","35.99459839","28.3001461","32.15613174","33.2039566","33.41355896","35.91078568","40.0297699","34.59326172","32.99832535","31.05148888","29.56409264","25.59075928","17.33743477","19.67725563","20.77086067","21.55331612","22.17474365","23.21861267","28.9169693","29.77283478","29.57811737","25.74407768","","",
"Guinea-Bissau","GNB","Current health expenditure per capita (current US$)","SH.XPD.CHEX.PC.CD","","","","","","","","","","","","","","","","","","","","","","","","","","","","","","","","","","","","","","","","","13.2785511","13.50725842","14.02086544","14.70093441","18.42279816","20.99864388","22.77665329","25.56799126","34.26661301","26.88874054","29.23748016","44.72909927","37.75499725","46.05934143","64.99989319","52.45866776","56.60805511","54.8225174","58.87445068","53.98390961","67.88795471","70.21189117","68.01049042","82.13543701","","",
"Equatorial Guinea","GNQ","Current health expenditure per capita (current US$)","SH.XPD.CHEX.PC.CD","","","","","","","","","","","","","","","","","","","","","","","","","","","","","","","","","","","","","","","","","20.14153671","29.59247589","74.93979645","86.82926178","104.54925537","122.75533295","143.95661926","179.49963379","225.50572205","248.9617157","237.85783386","265.38485718","280.90136719","286.33657837","290.53604126","222.81713867","221.49227905","223.4354248","240.49389648","223.14128113","213.59317017","243.81242371","215.32841492","233.68379211","","",
"Greece","GRC","Current health expenditure per capita (current US$)","SH.XPD.CHEX.PC.CD","","","","","","","","","","","","","","","","","","","","","","","","","","","","","","","","","","","","","","","","","885.41052246","1004.81542969","1168.82409668","1566.40979004","1782.69592285","1935.26757813","2052.87548828","2426.75952148","2840.50854492","2809.05957031","2564.36987305","2338.91577148","1948.24816895","1832.02954102","1700.4942627","1481.41967773","1513.25939941","1509.78442383","1603.07788086","1569.02844238","1674.78417969","1846.37304688","1768.11071777","1962.59594727","","",
"Grenada","GRD","Current health expenditure per capita (current US$)","SH.XPD.CHEX.PC.CD","","","","","","","","","","","","","","","","","","","","","","","","","","","","","","","","","","","","","","","","","259.33764648","271.03814697","307.84365845","286.90512085","294.12390137","326.09225464","324.32067871","359.53503418","401.15072632","376.68447876","374.46508789","403.17129517","413.02658081","417.74581909","381.22598267","404.00680542","409.27841187","454.07266235","462.2394104","515.94726563","475.83853149","508.09500122","526.35113525","526.3918457","","",
"Greenland","GRL","Current health expenditure per capita (current US$)","SH.XPD.CHEX.PC.CD","","","","","","","","","","","","","","","","","","","","","","","","","","","","","","","","","","","","","","","","","","","","","","","","","","","","","","","","","","","","","","","","","","",
"Guatemala","GTM","Current health expenditure per capita (current US$)","SH.XPD.CHEX.PC.CD","","","","","","","","","","","","","","","","","","","","","","","","","","","","","","","","","","","","","","","","","83.61930084","100.02039337","107.62042236","113.38285065","122.16271973","132.41906738","149.04266357","158.89395142","175.67254639","169.37559509","175.31318665","191.24732971","200.84880066","198.79296875","217.23764038","233.8447876","246.4538269","265.36593628","265.81820679","278.59024048","289.21640015","361.51858521","384.06158447","392.01223755","","",
"Guam","GUM","Current health expenditure per capita (current US$)","SH.XPD.CHEX.PC.CD","","","","","","","","","","","","","","","","","","","","","","","","","","","","","","","","","","","","","","","","","","","","","","","","","","","","","","","","","","","","","","","","","","",
"Guyana","GUY","Current health expenditure per capita (current US$)","SH.XPD.CHEX.PC.CD","","","","","","","","","","","","","","","","","","","","","","","","","","","","","","","","","","","","","","","","","62.37635422","60.09927368","65.04125214","68.19880676","74.69225311","85.35713959","98.34314728","125.79258728","138.70043945","150.21723938","162.70393372","186.11392212","201.88832092","211.2910614","216.03759766","226.89404297","235.91662598","266.86364746","296.66903687","314.0977478","364.20135498","457.86633301","452.23754883","505.03240967","","",
"High income","HIC","Current health expenditure per capita (current US$)","SH.XPD.CHEX.PC.CD","","","","","","","","","","","","","","","","","","","","","","","","","","","","","","","","","","","","","","","","","2108.17152251742","2188.98141212393","2374.04519538122","2699.22271994533","2974.6128224078","3144.86466310372","3325.55718043693","3622.23793937007","3893.89667269145","3939.40853319884","4075.62348747242","4388.57462442442","4408.31890095369","4436.82946029661","4562.15297613616","4379.01490108987","4508.97764224591","4675.55912577297","4909.61705751817","5007.54317238076","5459.20713972943","5898.07614125649","5837.54913570711","6100.42177813648","","",
"Hong Kong SAR, China","HKG","Current health expenditure per capita (current US$)","SH.XPD.CHEX.PC.CD","","","","","","","","","","","","","","","","","","","","","","","","","","","","","","","","","","","","","","","","","","","","","","","","","","","","","","","","","","","","","","","","","","",
"Honduras","HND","Current health expenditure per capita (current US$)","SH.XPD.CHEX.PC.CD","","","","","","","","","","","","","","","","","","","","","","","","","","","","","","","","","","","","","","","","","68.48374939","67.13735199","70.72001648","79.65468597","83.29620361","97.86359406","112.11707306","127.55919647","149.05706787","160.23144531","165.19970703","182.3137207","184.04154968","176.421875","172.52818298","169.97198486","177.8835144","169.07194519","178.1494751","183.75006104","212.7419281","253.63349915","244.90408325","249.15301514","","",
"Heavily indebted poor countries (HIPC)","HPC","Current health expenditure per capita (current US$)","SH.XPD.CHEX.PC.CD","","","","","","","","","","","","","","","","","","","","","","","","","","","","","","","","","","","","","","","","","15.8796374606839","15.120419568702","16.0230602836898","18.7813227064062","21.6311080917604","24.9170614647834","29.1379689492275","33.8492018157739","38.0812159099423","38.8444759688306","40.562930964945","43.820504872476","44.5567791707364","47.8110218826926","48.5070559316375","46.1258914898662","45.419823988255","44.2091460931805","43.3482242293526","44.6417534405441","47.7665220825739","51.3384020378492","50.1963992943632","51.3398975815569","","",
"Croatia","HRV","Current health expenditure per capita (current US$)","SH.XPD.CHEX.PC.CD","","","","","","","","","","","","","","","","","","","","","","","","","","","","","","","","","","","","","","","","","385.78341675","387.8130188","386.41821289","511.99743652","633.98242188","726.6114502","815.39093018","1040.44995117","1258.09594727","1187.34326172","1126.81970215","1134.88916016","1034.02124023","894.07080078","915.2689209","803.41619873","851.92492676","919.22418213","1045.14904785","1063.54443359","1123.37963867","1423.52905273","1328.80371094","1548.33959961","","",
"Haiti","HTI","Current health expenditure per capita (current US$)","SH.XPD.CHEX.PC.CD","","","","","","","","","","","","","","","","","","","","","","","","","","","","","","","","","","","","","","","","","30.35855865","27.39323044","22.36586189","18.60943604","24.0406456","25.25854683","29.11877251","37.59618378","40.445961","41.39894867","55.73518753","77.12206268","75.08546448","59.38277435","65.10858917","68.50547791","60.06819153","53.80579758","62.30102539","49.32995987","52.2158699","59.89406204","52.28417587","54.4146843","","",
"Hungary","HUN","Current health expenditure per capita (current US$)","SH.XPD.CHEX.PC.CD","","","","","","","","","","","","","","","","","","","","","","","","","","","","","","","","","","","","","","","","","313.10858154","359.69750977","473.12783813","682.86566162","798.45361328","895.20330811","893.20300293","1003.25805664","1117.20227051","943.68774414","983.11083984","1063.43237305","961.1383667","991.98742676","1008.92950439","874.04138184","918.94506836","990.90808105","1087.64611816","1062.15869141","1182.54138184","1392.97460938","1228.00231934","1419.87475586","","",
"IBRD only","IBD","Current health expenditure per capita (current US$)","SH.XPD.CHEX.PC.CD","","","","","","","","","","","","","","","","","","","","","","","","","","","","","","","","","","","","","","","","","76.0538342062542","76.6680894327063","75.9585740018375","84.6631943198898","98.3778597773573","116.236753420594","134.078231895779","161.900229434482","195.420467832049","199.519304236268","230.125570534571","267.529859798835","284.914827647415","305.301586834021","312.124093742608","297.690339285266","295.17943343273","323.348313106482","336.657577777028","348.259188407069","356.808048107177","409.708232311971","447.260654903885","465.617090196061","","",
"IDA & IBRD total","IBT","Current health expenditure per capita (current US$)","SH.XPD.CHEX.PC.CD","","","","","","","","","","","","","","","","","","","","","","","","","","","","","","","","","","","","","","","","","63.1658957366583","63.4016504418087","62.7164908174632","70.2678533984006","81.3353187152867","95.8013909302806","110.416587295162","132.426976063104","158.822462037938","161.487634978118","184.845752267164","213.468699052341","226.686869033802","242.128990272552","247.377460159091","235.742542286724","232.806411330013","252.521826412286","262.14387443513","269.799873822321","275.754500893646","315.387354788525","340.419197270122","351.469684570639","","",
"IDA total","IDA","Current health expenditure per capita (current US$)","SH.XPD.CHEX.PC.CD","","","","","","","","","","","","","","","","","","","","","","","","","","","","","","","","","","","","","","","","","16.3789703801006","15.8515676683523","16.7107047826559","20.6235837941042","23.3039699615021","27.1052137082905","31.932165554825","36.0275142066591","40.739132815932","40.3914671579165","43.8857414498149","47.2624033024569","49.7079904230576","53.5654285388603","56.1265766661405","54.8022691689404","52.7931467764091","51.9025668711728","52.4918720972449","52.1421464716009","54.3023285620949","61.8326042497348","60.2565768256145","56.7698238047863","","",
"IDA blend","IDB","Current health expenditure per capita (current US$)","SH.XPD.CHEX.PC.CD","","","","","","","","","","","","","","","","","","","","","","","","","","","","","","","","","","","","","","","","","20.0116363787541","19.0649704976059","19.4867345036995","27.3807599846087","30.4450181117763","36.0423086939208","43.2617749225958","47.2054749701501","52.125404825236","48.5203308634708","53.9348799073605","57.9393574920277","62.8204238854453","68.3300188974294","72.3016792525535","68.2794383868766","63.531177139193","61.2120673777082","59.3786192623958","59.8472026609195","62.2351683824119","73.1611514380078","74.7290098121786","64.9669025090336","","",
"Indonesia","IDN","Current health expenditure per capita (current US$)","SH.XPD.CHEX.PC.CD","","","","","","","","","","","","","","","","","","","","","","","","","","","","","","","","","","","","","","","","","15.39148712","16.8734417","18.97848511","25.51065636","25.98270035","34.09753036","44.3965683","55.99677658","59.24273682","62.4021759","85.55950165","107.00540161","105.85425568","102.33824921","102.00482178","96.15701294","106.40021515","110.32610321","110.71585846","118.22380829","131.8225708","158.89761353","127.44384766","131.77729797","","",
"IDA only","IDX","Current health expenditure per capita (current US$)","SH.XPD.CHEX.PC.CD","","","","","","","","","","","","","","","","","","","","","","","","","","","","","","","","","","","","","","","","","14.4051407978313","14.0992364259106","15.2358865725171","17.0206541389255","19.4856154616046","22.3141536719347","25.8461075977378","30.0018087787112","34.57454233789","35.9727763868289","38.2545491903365","41.2666025809263","42.3391364725113","45.3677963630269","47.1492488551438","47.332842565969","46.8596192372033","46.8245624920488","48.7454738900374","47.9646002895583","50.0148506151922","55.7245648986845","52.4713106089102","52.3747915542405","","",
"Isle of Man","IMN","Current health expenditure per capita (current US$)","SH.XPD.CHEX.PC.CD","","","","","","","","","","","","","","","","","","","","","","","","","","","","","","","","","","","","","","","","","","","","","","","","","","","","","","","","","","","","","","","","","","",
"India","IND","Current health expenditure per capita (current US$)","SH.XPD.CHEX.PC.CD","","","","","","","","","","","","","","","","","","","","","","","","","","","","","","","","","","","","","","","","","18.47883415","19.74444199","20.15651703","21.89380074","24.9240799","27.49770737","29.37600899","35.63138962","37.65440369","38.05965042","44.79586029","48.18242264","48.45263672","55.46933746","56.3490181","58.12401581","59.72652817","56.66844559","57.46551132","60.6913681","63.83099747","75.54971313","81.50888824","84.68669891","","",
"Not classified","INX","Current health expenditure per capita (current US$)","SH.XPD.CHEX.PC.CD","","","","","","","","","","","","","","","","","","","","","","","","","","","","","","","","","","","","","","","","","","","","","","","","","","","","","","","","","","","","","","","","","","",
"Ireland","IRL","Current health expenditure per capita (current US$)","SH.XPD.CHEX.PC.CD","","","","","","","","","","","","","","","","","","","","","","","","","","","","","","","","","","","","","","","","","1564.83764648","1823.73474121","2200.35742188","2910.93212891","3483.16064453","3938.19116211","4147.1328125","4858.64501953","5638.77929688","5502.88769531","5133.45507813","5538.00195313","5187.27197266","5295.52050781","5309.90380859","4575.84912109","4746.93701172","5023.51123047","5494.98632813","5454.31152344","6073.10546875","6754.07519531","6407.92333984","6877.9375","7394.85009766","",
"Iran, Islamic Rep.","IRN","Current health expenditure per capita (current US$)","SH.XPD.CHEX.PC.CD","","","","","","","","","","","","","","","","","","","","","","","","","","","","","","","","","","","","","","","","","79.89089203","93.23036957","104.64128113","115.51907349","139.75932312","169.8145752","192.07597351","237.51042175","288.85775757","354.25738525","424.60494995","505.33276367","500.21826172","412.02786255","395.027771","423.28967285","433.9196167","457.22549438","244.21661377","223.64257813","184.90914917","196.66934204","250.23272705","267.059021","","",
"Iraq","IRQ","Current health expenditure per capita (current US$)","SH.XPD.CHEX.PC.CD","","","","","","","","","","","","","","","","","","","","","","","","","","","","","","","","","","","","","","","","","","","","26.98275757","51.81518173","53.0551796","56.76464462","100.59433746","139.28845215","140.1234436","144.54083252","161.89790344","174.48312378","186.78742981","178.98071289","149.07951355","199.88560486","197.23654175","232.86825562","241.73873901","248.04725647","251.59538269","283.17074585","333.29360962","","",
"Iceland","ISL","Current health expenditure per capita (current US$)","SH.XPD.CHEX.PC.CD","","","","","","","","","","","","","","","","","","","","","","","","","","","","","","","","","","","","","","","","","2855.57470703","2528.5456543","3046.81665039","3839.6940918","4414.23339844","5079.68945313","4918.23339844","5803.81152344","4749.68408203","3622.97827148","3614.03833008","3937.31591797","3784.38378906","4095.67626953","4522.90576172","4303.84179688","5053.51757813","5992.05322266","6280.03857422","5912.00976563","5692.89111328","6722.421875","6851.62939453","7064.62402344","7641.57373047","",
"Israel","ISR","Current health expenditure per capita (current US$)","SH.XPD.CHEX.PC.CD","","","","","","","","","","","","","","","","","","","","","","","","","","","","","","","","","","","","","","","","","1473.00915527","1509.44506836","1355.33447266","1384.18737793","1438.98999023","1509.10583496","1555.56396484","1769.92504883","2126.11132813","2034.45812988","2237.90795898","2442.29052734","2405.1809082","2673.3371582","2804.23144531","2645.78857422","2783.82495117","3074.44604492","3199.41625977","3335.24511719","3616.50219727","4294.18847656","4107.72998047","3927.69873047","","",
"Italy","ITA","Current health expenditure per capita (current US$)","SH.XPD.CHEX.PC.CD","","","","","","","","","","","","","","","","","","","","","","","","","","","","","","","","","","","","","","","","","1524.23962402","1586.67272949","1762.359375","2160.91210938","2560.45776367","2669.72802734","2821.77392578","3077.41381836","3483.39086914","3314.15844727","3190.72045898","3358.95654297","3071.00048828","3139.87939453","3190.46777344","2707.43310547","2735.27783203","2851.28686523","3031.46459961","2908.83154297","3058.90014648","3414.57299805","3154.57104492","3283.47216797","3397.68798828","",
"Jamaica","JAM","Current health expenditure per capita (current US$)","SH.XPD.CHEX.PC.CD","","","","","","","","","","","","","","","","","","","","","","","","","","","","","","","","","","","","","","","","","206.44976807","180.66116333","205.3553772","177.21534729","222.27250671","243.57797241","243.38668823","292.00213623","334.75042725","282.09719849","309.86782837","341.33453369","330.38525391","322.03283691","312.77233887","334.89901733","330.15463257","367.35095215","381.47775269","390.79431152","364.76513672","413.36227417","521.12023926","520.15704346","","",
"Jordan","JOR","Current health expenditure per capita (current US$)","SH.XPD.CHEX.PC.CD","","","","","","","","","","","","","","","","","","","","","","","","","","","","","","","","","","","","","","","","","151.33486938","161.33900452","164.75001526","161.87841797","175.04393005","185.0302124","188.72041321","208.03627014","275.17532349","316.92221069","303.8081665","321.59057617","325.97836304","308.94308472","302.14120483","301.63067627","278.13378906","289.04656982","289.47106934","294.92785645","303.4822998","322.01589966","334.387146","342.10394287","","",
"Japan","JPN","Current health expenditure per capita (current US$)","SH.XPD.CHEX.PC.CD","","","","","","","","","","","","","","","","","","","","","","","","","","","","","","","","","","","","","","","","","2751.38452148","2488.65185547","2412.35131836","2650.23852539","2884.67358398","2892.60473633","2763.53344727","2781.49365234","3223.29101563","3696.58422852","4071.80200195","5103.34326172","5232.36279297","4356.15527344","4121.21142578","3754.18115234","4194.22802734","4135.24316406","4265.77929688","4431.29980469","4581.60986328","4843.94433594","4201.79248047","3638.19287109","","",
"Kazakhstan","KAZ","Current health expenditure per capita (current US$)","SH.XPD.CHEX.PC.CD","","","","","","","","","","","","","","","","","","","","","","","","","","","","","","","","","","","","","","","","","49.093647","49.36683273","56.88095856","72.90396881","108.43822479","139.57885742","170.9365387","174.33786011","245.79397583","240.99569702","240.6149292","293.73300171","365.04208374","358.91342163","369.68508911","310.01428223","255.84049988","272.98272705","266.92147827","263.61331177","329.57086182","391.81536865","421.60028076","489.71456909","","",
"Kenya","KEN","Current health expenditure per capita (current US$)","SH.XPD.CHEX.PC.CD","","","","","","","","","","","","","","","","","","","","","","","","","","","","","","","","","","","","","","","","","21.53400993","22.11487579","22.28772163","25.64012337","27.65002823","30.9943428","40.3040123","49.44605255","54.35681915","55.455616","58.8164711","57.02286911","64.48231506","67.59809875","72.84589386","70.94755554","73.88768005","66.46552277","75.27681732","85.64528656","86.5921936","94.20249176","91.18416595","84.958992","","",
"Kyrgyz Republic","KGZ","Current health expenditure per capita (current US$)","SH.XPD.CHEX.PC.CD","","","","","","","","","","","","","","","","","","","","","","","","","","","","","","","","","","","","","","","","","12.0349474","12.87845421","14.4122982","21.68980598","26.37302399","34.93693161","44.5950737","49.61043167","62.77722549","59.93972397","60.67642975","78.73632813","98.66984558","103.59209442","93.15830994","79.54891205","71.52179718","76.60479736","65.34625244","61.39657974","61.25272751","72.58779144","88.07954407","96.65081787","","",
"Cambodia","KHM","Current health expenditure per capita (current US$)","SH.XPD.CHEX.PC.CD","","","","","","","","","","","","","","","","","","","","","","","","","","","","","","","","","","","","","","","","","19.27847862","22.18333626","24.25898743","25.00667191","28.80763817","32.33660507","32.84370041","32.39221573","48.62422562","55.25073624","53.58575439","65.3871994","68.90019989","65.39577484","63.1011467","70.23264313","75.22520447","77.97311401","91.59080505","112.5851059","106.79976654","137.38909912","103.89541626","114.56295776","","",
"Kiribati","KIR","Current health expenditure per capita (current US$)","SH.XPD.CHEX.PC.CD","","","","","","","","","","","","","","","","","","","","","","","","","","","","","","","","","","","","","","","","","65.61151886","85.88798523","92.96794891","102.43731689","132.29045105","131.88641357","126.86061859","148.0586853","190.33927917","167.97206116","133.15927124","141.5138092","146.6194458","154.34346008","155.38656616","118.3345871","157.72897339","179.57881165","208.73831177","177.93025208","239.24353027","263.09573364","217.68276978","238.12675476","","",
"St. Kitts and Nevis","KNA","Current health expenditure per capita (current US$)","SH.XPD.CHEX.PC.CD","","","","","","","","","","","","","","","","","","","","","","","","","","","","","","","","","","","","","","","","","446.66659546","440.21563721","465.07720947","482.87136841","491.62530518","556.97229004","689.44549561","707.96960449","881.09844971","872.67474365","867.4453125","922.20574951","880.91064453","938.89459229","962.25469971","1042.15063477","1161.87097168","1186.42663574","1121.13977051","1224.18933105","1067.84997559","1132.58447266","1161.22058105","1294.88391113","","",
"Korea, Rep.","KOR","Current health expenditure per capita (current US$)","SH.XPD.CHEX.PC.CD","","","","","","","","","","","","","","","","","","","","","","","","","","","","","","","","","","","","","","","","","475.2520752","503.15795898","536.91662598","684.79833984","764.49401855","944.55078125","1130.53796387","1256.36437988","1186.375","1150.97253418","1417.10913086","1570.54943848","1603.93432617","1738.80847168","1922.98803711","1950.89575195","2042.72949219","2258.15307617","2523.04003906","2602.4831543","2699.6640625","3125.82714844","3078.55151367","3043.87329102","3136.78564453","",
"Kuwait","KWT","Current health expenditure per capita (current US$)","SH.XPD.CHEX.PC.CD","","","","","","","","","","","","","","","","","","","","","","","","","","","","","","","","","","","","","","","","","425.20968628","553.75134277","578.41534424","626.35095215","649.42504883","727.25366211","782.20379639","880.71105957","1069.46472168","1025.90490723","1050.41589355","1147.15539551","1216.8684082","1235.29321289","1293.8326416","1259.55786133","1292.71984863","1351.72387695","1658.60375977","1643.16491699","1542.72143555","1829.13134766","1683.39929199","1679.12353516","","",
"Latin America & Caribbean (excluding high income)","LAC","Current health expenditure per capita (current US$)","SH.XPD.CHEX.PC.CD","","","","","","","","","","","","","","","","","","","","","","","","","","","","","","","","","","","","","","","","","276.718444956662","268.820547254515","230.584472924668","241.630770636812","273.652512568084","333.449206730627","389.006188275715","464.927590532076","534.147320268985","528.666795970581","627.712492654115","714.959753619363","709.664865838534","740.074327074727","745.450301691212","658.199565034184","627.547817762521","708.202232748272","641.218783295966","625.54860894948","553.91125089194","628.903455537878","689.108261314266","769.182757433836","","",
"Lao PDR","LAO","Current health expenditure per capita (current US$)","SH.XPD.CHEX.PC.CD","","","","","","","","","","","","","","","","","","","","","","","","","","","","","","","","","","","","","","","","","14.10313892","14.46665001","12.90540886","17.59125519","16.23278809","17.33082581","19.22654533","24.56666374","26.74945259","35.71521378","34.52460861","27.11878395","32.46548843","43.49770355","45.53330612","52.04236603","54.3762207","61.42248535","57.1708374","67.57865143","51.96581268","68.61697388","41.34779739","27.41773605","","",
"Lebanon","LBN","Current health expenditure per capita (current US$)","SH.XPD.CHEX.PC.CD","","","","","","","","","","","","","","","","","","","","","","","","","","","","","","","","","","","","","","","","","425.70095825","416.57485962","391.74139404","373.35971069","368.01425171","347.40252686","401.43670654","438.71112061","462.17767334","496.88284302","567.25506592","640.69805908","588.83917236","576.87176514","569.97937012","572.07220459","640.96563721","671.77996826","740.38696289","798.13421631","303.48632813","189.8581543","230.39093018","260.8119812","","",
"Liberia","LBR","Current health expenditure per capita (current US$)","SH.XPD.CHEX.PC.CD","","","","","","","","","","","","","","","","","","","","","","","","","","","","","","","","","","","","","","","","","7.93455124","6.46313238","6.59576607","5.76429653","16.7787571","19.14579582","18.34446335","15.8568964","26.30083656","40.21982574","40.8739624","47.58517075","46.67208862","48.72935104","54.82420349","68.89793396","67.68016052","67.8789978","68.88298798","51.1932373","76.11009979","88.54867554","100.49607086","103.94123077","","",
"Libya","LBY","Current health expenditure per capita (current US$)","SH.XPD.CHEX.PC.CD","","","","","","","","","","","","","","","","","","","","","","","","","","","","","","","","","","","","","","","","","247.1134491","255.77108765","181.7310791","189.72729492","200.83604431","209.878479","231.11968994","269.63085938","312.11196899","342.20449829","380.58596802","305.20037842","592.46356201","594.65338135","462.19216919","433.06808472","464.47531128","466.08538818","544.88079834","552.73168945","472.62240601","298.84338379","284.0262146","470.4034729","","",
"St. Lucia","LCA","Current health expenditure per capita (current US$)","SH.XPD.CHEX.PC.CD","","","","","","","","","","","","","","","","","","","","","","","","","","","","","","","","","","","","","","","","","285.84280396","285.04898071","299.7996521","317.27593994","309.42208862","333.37374878","389.94595337","439.59280396","430.23074341","432.087677","438.23928833","462.20251465","456.06369019","485.6628418","470.48123169","473.24108887","479.8744812","504.96411133","497.48629761","506.03204346","589.63696289","654.8918457","622.07244873","641.07495117","","",
"Latin America & Caribbean","LCN","Current health expenditure per capita (current US$)","SH.XPD.CHEX.PC.CD","","","","","","","","","","","","","","","","","","","","","","","","","","","","","","","","","","","","","","","","","282.193679838271","273.756343439891","236.419682552944","247.559167878752","280.635231020958","340.033715210499","395.877355864769","471.865542425534","542.190518399797","537.954762172632","638.268486621135","726.823051423349","725.93494406431","759.778531553803","764.606149531184","682.328296273033","655.698700817697","739.436479369295","678.196454377282","661.879991697161","590.885593157634","673.508345214622","732.077211521163","816.199426229249","","",
"Least developed countries: UN classification","LDC","Current health expenditure per capita (current US$)","SH.XPD.CHEX.PC.CD","","","","","","","","","","","","","","","","","","","","","","","","","","","","","","","","","","","","","","","","","11.6057609128975","11.5684129102104","12.6051901393184","14.4611974881022","16.9925716814447","19.2157003669988","22.6033827041661","26.6540030804229","31.2165805808575","32.0393199303347","32.9625009502665","36.3832955931103","38.0589446484464","41.3174516198532","43.6680456926318","43.3198978854134","42.9537467618986","43.7602227355742","44.606592137406","42.6402286239909","43.5824295346523","48.1824454570162","47.759406094258","47.1167386189336","","",
"Low income","LIC","Current health expenditure per capita (current US$)","SH.XPD.CHEX.PC.CD","","","","","","","","","","","","","","","","","","","","","","","","","","","","","","","","","","","","","","","","","14.2763030217541","12.8958309051265","13.820855631187","15.593686521938","18.0699402402256","20.8437428946831","24.5964010099313","29.6838926752411","33.69305847354","34.4974042044612","35.1090997100979","35.9922155527616","36.3020536195539","38.1405771210779","40.5151075626366","39.2792691205827","37.2649120637488","36.3478931435026","37.8340091123274","35.1047770648325","36.1610991326606","36.8326513517749","37.6292534361888","37.7366370178588","","",
"Liechtenstein","LIE","Current health expenditure per capita (current US$)","SH.XPD.CHEX.PC.CD","","","","","","","","","","","","","","","","","","","","","","","","","","","","","","","","","","","","","","","","","","","","","","","","","","","","","","9956.29785156","10096.85351563","9639.75195313","9703.75878906","9715.07519531","9736.24316406","9686.88378906","10004.52832031","10912.36132813","10591.59277344","11494.95898438","","",
"Sri Lanka","LKA","Current health expenditure per capita (current US$)","SH.XPD.CHEX.PC.CD","","","","","","","","","","","","","","","","","","","","","","","","","","","","","","","","","","","","","","","","","42.54893112","39.87185287","41.24043274","40.82443619","49.14835358","55.40001297","63.2890892","71.38779449","90.00082397","97.26274872","105.07371521","115.51642609","110.03600311","133.15968323","132.82194519","144.29077148","145.32496643","142.32518005","154.64622498","147.01193237","159.71383667","202.75497437","130.09327698","134.23654175","","",
"Lower middle income","LMC","Current health expenditure per capita (current US$)","SH.XPD.CHEX.PC.CD","","","","","","","","","","","","","","","","","","","","","","","","","","","","","","","","","","","","","","","","","21.8112612057297","22.6030025312979","23.0250205077019","25.7884508456334","28.9569227518271","32.4573885953359","36.280915751815","42.0517129647586","46.5772881050658","46.8974209552876","52.7769775029726","57.7723003767385","60.1582324760935","66.3377908253515","68.6151858398804","68.8137584023809","67.7227067256924","64.7796792885906","66.670528046304","69.0093270906258","71.5165376983127","83.6223644223039","86.5849135716444","84.598990751583","","",
"Low & middle income","LMY","Current health expenditure per capita (current US$)","SH.XPD.CHEX.PC.CD","","","","","","","","","","","","","","","","","","","","","","","","","","","","","","","","","","","","","","","","","58.9298884823493","58.2655819326632","56.7765564912927","63.5208404762119","72.93364825848","85.428487381047","97.7385691552569","116.18225292646","137.330277239075","144.090619735682","166.161294932361","192.520289878571","204.550015215053","218.766817749199","226.131529774297","221.29285957191","218.707618046406","234.982527022959","243.177825281173","250.110629856494","252.960696498692","288.500970764422","310.053897751789","319.998423368315","","",
"Lesotho","LSO","Current health expenditure per capita (current US$)","SH.XPD.CHEX.PC.CD","","","","","","","","","","","","","","","","","","","","","","","","","","","","","","","","","","","","","","","","","23.71122551","28.22144127","23.20003891","32.02215576","41.18851089","41.66717911","49.67809296","65.80387878","69.06710052","80.82315063","85.87903595","117.67031097","125.37831116","131.35578918","121.21549988","104.59999847","91.0127182","115.43321228","130.93614197","235.94372559","96.84536743","115.81448364","133.32562256","122.63982391","","",
"Late-demographic dividend","LTE","Current health expenditure per capita (current US$)","SH.XPD.CHEX.PC.CD","","","","","","","","","","","","","","","","","","","","","","","","","","","","","","","","","","","","","","","","","88.51988529003","89.2896771260257","94.9356882498863","105.930580947632","124.445885360333","149.245755301258","176.636192540343","217.760278278715","275.276270748682","286.830138175873","327.100889944449","387.551093885873","415.551293402972","454.990353521171","477.348940512601","449.515822465306","453.387708419732","508.245446456403","552.925978121776","578.29718987738","599.999591287701","685.250208787111","757.7803277233","785.276694974898","","",
"Lithuania","LTU","Current health expenditure per capita (current US$)","SH.XPD.CHEX.PC.CD","","","","","","","","","","","","","","","","","","","","","","","","","","","","","","","","","","","","","","","","","217.1761322","218.81802368","254.36688232","338.86306763","366.95968628","438.93267822","536.05737305","704.29315186","936.50933838","864.73638916","805.2244873","925.47161865","896.93707275","958.04650879","1019.7121582","918.50750732","986.13311768","1073.95800781","1241.38574219","1361.20288086","1511.79626465","1844.33154297","1831.27734375","2044.18371582","2232.47631836","",
"Luxembourg","LUX","Current health expenditure per capita (current US$)","SH.XPD.CHEX.PC.CD","","","","","","","","","","","","","","","","","","","","","","","","","","","","","","","","","","","","","","","","","2901.19995117","3109.20141602","3600.86743164","4607.40283203","5610.35351563","5818.14599609","6070.73583984","6671.26513672","7578.74951172","7670.59375","7459.83544922","7174.73925781","6029.47460938","6356.64453125","6547.03466797","5421.93212891","5475.13964844","5713.11865234","6227.08398438","6221.73876953","6785.86230469","7632.57275391","7022.62695313","7510.99414063","8169.91259766","",
"Latvia","LVA","Current health expenditure per capita (current US$)","SH.XPD.CHEX.PC.CD","","","","","","","","","","","","","","","","","","","","","","","","","","","","","","","","","","","","","","","","","181.57072449","205.02047729","237.29516602","280.50878906","393.29806519","440.8097229","552.30163574","775.19146729","913.52148438","744.66162109","689.07720947","764.59179688","745.51745605","807.13000488","856.76654053","775.86431885","874.79772949","932.50158691","1101.49243164","1183.1151123","1313.35412598","1897.95275879","1642.47131348","1645.4152832","","",
"Macao SAR, China","MAC","Current health expenditure per capita (current US$)","SH.XPD.CHEX.PC.CD","","","","","","","","","","","","","","","","","","","","","","","","","","","","","","","","","","","","","","","","","","","","","","","","","","","","","","","","","","","","","","","","","","",
"St. Martin (French part)","MAF","Current health expenditure per capita (current US$)","SH.XPD.CHEX.PC.CD","","","","","","","","","","","","","","","","","","","","","","","","","","","","","","","","","","","","","","","","","","","","","","","","","","","","","","","","","","","","","","","","","","",
"Morocco","MAR","Current health expenditure per capita (current US$)","SH.XPD.CHEX.PC.CD","","","","","","","","","","","","","","","","","","","","","","","","","","","","","","","","","","","","","","","","","54.63968277","56.55395889","63.57953644","77.74629211","91.17259979","97.19748688","110.22368622","131.86448669","153.23677063","165.50694275","168.36595154","179.00019836","172.04353333","179.81974792","188.6415863","162.85198975","162.21507263","166.8500061","175.70518494","178.73939514","192.04043579","209.57344055","201.81098938","232.24751282","","",
"Monaco","MCO","Current health expenditure per capita (current US$)","SH.XPD.CHEX.PC.CD","","","","","","","","","","","","","","","","","","","","","","","","","","","","","","","","","","","","","","","","","2975.82250977","3050.57739258","3375.89013672","4833.08740234","5681.51171875","5878.00683594","6146.87744141","7035.9453125","8342.875","8190.71191406","8025.15917969","8314.45996094","7869.89453125","8459.11328125","8691.6953125","7354.13183594","7157.92578125","7101.640625","7621.97021484","7517.25341797","7582.41552734","8225.38769531","7674.09814453","8004.16845703","","",
"Moldova","MDA","Current health expenditure per capita (current US$)","SH.XPD.CHEX.PC.CD","","","","","","","","","","","","","","","","","","","","","","","","","","","","","","","","","","","","","","","","","21.37988663","25.3985939","33.9242363","38.43836975","64.60713959","79.33213043","100.10816193","135.44366455","185.56115723","208.53004456","198.28894043","214.98246765","223.61895752","231.66229248","230.76982117","186.43643188","171.18476868","243.94540405","276.4697876","283.98425293","305.48913574","403.87823486","394.42373657","451.73007202","","",
"Madagascar","MDG","Current health expenditure per capita (current US$)","SH.XPD.CHEX.PC.CD","","","","","","","","","","","","","","","","","","","","","","","","","","","","","","","","","","","","","","","","","11.1882658","13.13894939","15.02957344","17.64075851","14.29298973","15.9498682","16.44085503","19.33553123","20.91898537","19.56957817","21.13975906","22.88667488","19.30151749","19.33186913","22.56570244","22.29386139","24.20793915","23.62072182","21.12731934","15.50084877","16.78295326","17.17938805","15.85809231","17.44003487","","",
"Maldives","MDV","Current health expenditure per capita (current US$)","SH.XPD.CHEX.PC.CD","","","","","","","","","","","","","","","","","","","","","","","","","","","","","","","","","","","","","","","","","219.8586731","229.80044556","249.48114014","240.54026794","304.5932312","335.13778687","403.94284058","478.24349976","775.14593506","679.66296387","608.87176514","588.20758057","647.11553955","671.65325928","707.39245605","837.47290039","1017.99908447","961.57415771","833.21575928","880.79962158","845.82440186","901.09185791","883.91467285","1159.02819824","","",
"Middle East, North Africa, Afghanistan & Pakistan","MEA","Current health expenditure per capita (current US$)","SH.XPD.CHEX.PC.CD","","","","","","","","","","","","","","","","","","","","","","","","","","","","","","","","","","","","","","","","","100.067455641548","103.214306160753","98.7719924380713","98.5574446724188","108.427592145805","121.683320292599","136.608882469712","158.676155464358","186.748752329642","202.48528568994","218.14772021924","248.633930530043","263.576317132359","266.514616894441","281.936310466207","275.945184678584","280.363793333504","287.67052775355","277.246934086199","276.604898950364","277.315342121299","294.888636725992","304.783955176052","310.969724717209","","",
"Mexico","MEX","Current health expenditure per capita (current US$)","SH.XPD.CHEX.PC.CD","","","","","","","","","","","","","","","","","","","","","","","","","","","","","","","","","","","","","","","","","319.34719849","364.39672852","385.61471558","411.83197021","446.13604736","483.97970581","514.29864502","558.06530762","573.11114502","492.59887695","534.08520508","565.31738281","582.48297119","625.59765625","609.82232666","553.91259766","489.92230225","512.54974365","528.26306152","549.72601318","535.11669922","606.13415527","650.97070313","760.98840332","","",
"Marshall Islands","MHL","Current health expenditure per capita (current US$)","SH.XPD.CHEX.PC.CD","","","","","","","","","","","","","","","","","","","","","","","","","","","","","","","","","","","","","","","","","306.73342896","269.22146606","309.72741699","338.22610474","363.40332031","490.59927368","613.29852295","485.01657104","536.23034668","543.67626953","548.59899902","376.39205933","410.4979248","445.42425537","449.90563965","557.35211182","619.35668945","553.06298828","702.8359375","793.66851807","687.02435303","782.16351318","859.050354","894.21533203","","",
"Middle income","MIC","Current health expenditure per capita (current US$)","SH.XPD.CHEX.PC.CD","","","","","","","","","","","","","","","","","","","","","","","","","","","","","","","","","","","","","","","","","62.1988075388928","61.6356047370937","60.2168191730392","67.4031774189229","77.4493119948345","90.8328517614538","103.969709376121","123.682970678785","146.469915555814","153.919620001281","178.0796210473","206.992484988271","220.347721213285","236.389242842547","244.488141087329","239.56122992208","237.224613493272","255.992022217377","265.175174620183","273.594359283376","277.112303362011","317.147776777465","341.902784730703","353.652823157167","","",
"North Macedonia","MKD","Current health expenditure per capita (current US$)","SH.XPD.CHEX.PC.CD","","","","","","","","","","","","","","","","","","","","","","","","","","","","","","","","","","","","","","","","","162.68013","150.4312439","172.87971497","214.29603577","230.68000793","229.81243896","242.60142517","263.25378418","313.61117554","297.88058472","308.09429932","335.13171387","317.978302","361.13168335","357.63867188","322.25213623","347.44271851","375.3303833","426.57290649","469.47344971","510.81011963","636.65447998","561.69281006","639.41693115","","",
"Mali","MLI","Current health expenditure per capita (current US$)","SH.XPD.CHEX.PC.CD","","","","","","","","","","","","","","","","","","","","","","","","","","","","","","","","","","","","","","","","","14.00473022","13.15901566","15.89499378","18.76944542","21.72010231","23.97353554","26.93190002","29.63545799","33.21391678","34.64731598","31.36436844","31.67968369","27.53120613","30.06661987","35.7261734","28.97842216","27.58086205","28.49467659","31.16962242","31.4089489","28.20211601","30.55883217","31.0949192","33.9802475","","",
"Malta","MLT","Current health expenditure per capita (current US$)","SH.XPD.CHEX.PC.CD","","","","","","","","","","","","","","","","","","","","","","","","","","","","","","","","","","","","","","","","","647.10150146","685.98400879","830.64630127","1082.75085449","1227.28881836","1378.2388916","1480.1126709","1606.22094727","1759.8626709","1683.5435791","1735.48693848","1962.20556641","1898.50866699","2127.0612793","2466.89111328","2249.00463867","2326.67016602","2562.88574219","2759.91186523","2947.24023438","3140.77026367","3641.03833008","3362.42382813","3623.4609375","","",
"Myanmar","MMR","Current health expenditure per capita (current US$)","SH.XPD.CHEX.PC.CD","","","","","","","","","","","","","","","","","","","","","","","","","","","","","","","","","","","","","","","","","4.47214985","4.62700701","7.0817728","6.57480383","7.01517916","7.65254498","8.47415161","9.91384029","14.70817947","18.70313454","20.23270416","27.40522575","37.25568008","37.68575287","54.28113556","63.62335968","59.67910385","59.51782608","60.83261871","53.72147369","66.02284241","96.86240387","57.96875763","56.18909836","","",
"Middle East, North Africa, Afghanistan & Pakistan (excluding high income)","MNA","Current health expenditure per capita (current US$)","SH.XPD.CHEX.PC.CD","","","","","","","","","","","","","","","","","","","","","","","","","","","","","","","","","","","","","","","","","55.0209389217475","57.0200978953891","56.1663704367494","55.5453882427863","63.553445589671","71.8909347897181","81.046497753379","96.7627295637141","115.762752686957","127.401517091482","140.539041915876","158.778757989943","167.647661012941","158.090976950287","161.57789085985","159.772759933662","158.319363742984","159.087335046839","139.902719650037","135.944696475486","125.750005425982","132.824474109095","137.178960567695","140.204332765848","","",
"Montenegro","MNE","Current health expenditure per capita (current US$)","SH.XPD.CHEX.PC.CD","","","","","","","","","","","","","","","","","","","","","","","","","","","","","","","","","","","","","","","","","","","","","","","","","","","","571.65600586","535.16223145","597.17596436","581.40106201","582.18743896","604.88665771","623.68841553","745.7520752","754.77441406","896.24884033","1024.2565918","1032.91149902","1147.69787598","","",
"Mongolia","MNG","Current health expenditure per capita (current US$)","SH.XPD.CHEX.PC.CD","","","","","","","","","","","","","","","","","","","","","","","","","","","","","","","","","","","","","","","","","28.13583946","27.85225105","30.67812347","27.18718147","33.7024498","38.04277039","49.52784348","66.17643738","97.26833344","76.7000351","99.50933838","135.98664856","169.6519928","180.41543579","176.69651794","165.19296265","168.41404724","160.4889679","188.64115906","197.57131958","188.77464294","330.03753662","448.24212646","359.60980225","","",
"Northern Mariana Islands","MNP","Current health expenditure per capita (current US$)","SH.XPD.CHEX.PC.CD","","","","","","","","","","","","","","","","","","","","","","","","","","","","","","","","","","","","","","","","","","","","","","","","","","","","","","","","","","","","","","","","","","",
"Mozambique","MOZ","Current health expenditure per capita (current US$)","SH.XPD.CHEX.PC.CD","","","","","","","","","","","","","","","","","","","","","","","","","","","","","","","","","","","","","","","","","7.00877714","8.53719139","10.00207806","11.03660774","14.12452602","18.40718079","18.05057144","19.29700851","24.48562622","27.68954468","26.26061249","30.42516136","35.24672699","41.5031395","43.50259018","40.35658646","31.85357285","36.75825882","41.29206467","41.01906586","34.92252731","44.09894943","47.69813538","52.96166611","","",
"Mauritania","MRT","Current health expenditure per capita (current US$)","SH.XPD.CHEX.PC.CD","","","","","","","","","","","","","","","","","","","","","","","","","","","","","","","","","","","","","","","","","23.00290108","23.28163338","25.96999741","29.51877594","31.47280884","34.00539017","35.14922333","40.41820145","49.2858696","44.64679718","43.759655","47.77469254","49.2515831","55.47412872","59.39431381","57.1233139","49.90084076","55.22446442","49.68307495","54.63365555","53.89974594","73.6309433","91.54125977","92.11444092","","",
"Mauritius","MUS","Current health expenditure per capita (current US$)","SH.XPD.CHEX.PC.CD","","","","","","","","","","","","","","","","","","","","","","","","","","","","","","","","","","","","","","","","","115.89820862","116.36106873","132.38633728","157.68417358","184.74328613","192.13858032","203.24180603","229.2313385","312.88540649","301.67260742","357.17382813","385.76248169","387.1026001","440.00280762","544.44122314","515.72247314","540.39239502","594.86120605","640.62182617","639.18286133","541.95184326","593.77947998","590.91522217","616.20739746","","",
"Malawi","MWI","Current health expenditure per capita (current US$)","SH.XPD.CHEX.PC.CD","","","","","","","","","","","","","","","","","","","","","","","","","","","","","","","","","","","","","","","","","8.84964848","7.42542601","11.17413807","12.3155899","15.94395351","17.24028015","20.95070648","25.0216465","32.73482132","35.56456757","33.99194336","39.29234314","32.53762817","39.54008484","35.33760452","34.97310638","34.0307579","37.60110092","36.70302963","36.91519165","42.37881851","46.41017532","40.03453827","41.26664734","","",
"Malaysia","MYS","Current health expenditure per capita (current US$)","SH.XPD.CHEX.PC.CD","","","","","","","","","","","","","","","","","","","","","","","","","","","","","","","","","","","","","","","","","111.8384552","114.91710663","121.61391449","142.21202087","153.86297607","162.17677307","200.54800415","230.5599823","263.67819214","245.64353943","285.64263916","343.45877075","371.76046753","381.69210815","414.4392395","368.77331543","350.71160889","366.36639404","409.84710693","419.32568359","406.52005005","476.94366455","458.21963501","450.33853149","","",
"North America","NAC","Current health expenditure per capita (current US$)","SH.XPD.CHEX.PC.CD","","","","","","","","","","","","","","","","","","","","","","","","","","","","","","","","","","","","","","","","","4297.41815364329","4620.92748521486","5014.02615656326","5417.79823368656","5759.51678118708","6117.72962294646","6502.88258605572","6861.78912618278","7078.0569544403","7292.85104928575","7561.25568309711","7756.30697689534","7989.42877217773","8117.86686961012","8438.05301814995","8747.32526885579","9045.88220949926","9326.7061287435","9660.53793736176","9992.72741968316","11030.9216326206","11505.0810084106","11924.6950605155","12698.7344525575","","",
"Namibia","NAM","Current health expenditure per capita (current US$)","SH.XPD.CHEX.PC.CD","","","","","","","","","","","","","","","","","","","","","","","","","","","","","","","","","","","","","","","","","217.55029297","201.46917725","187.86433411","278.70162964","373.46408081","402.20068359","437.56240845","493.60388184","443.17068481","420.74865723","567.35003662","624.59814453","606.36633301","539.41345215","452.2585144","476.50784302","409.78051758","447.95223999","457.6807251","419.14828491","370.81643677","449.95172119","418.53683472","397.09063721","","",
"New Caledonia","NCL","Current health expenditure per capita (current US$)","SH.XPD.CHEX.PC.CD","","","","","","","","","","","","","","","","","","","","","","","","","","","","","","","","","","","","","","","","","","","","","","","","","","","","","","","","","","","","","","","","","","",
"Niger","NER","Current health expenditure per capita (current US$)","SH.XPD.CHEX.PC.CD","","","","","","","","","","","","","","","","","","","","","","","","","","","","","","","","","","","","","","","","","9.04467964","9.68088055","10.84433079","12.55038452","14.06374931","18.67140198","19.9213028","20.96952438","24.86141586","24.54927635","23.47736168","24.84123039","22.71487427","24.61338997","25.09494019","25.96905327","22.68474007","29.09627533","30.61364555","31.89424324","35.75537109","35.39406204","26.50681686","26.01301575","","",
"Nigeria","NGA","Current health expenditure per capita (current US$)","SH.XPD.CHEX.PC.CD","","","","","","","","","","","","","","","","","","","","","","","","","","","","","","","","","","","","","","","","","17.15887642","17.96053314","17.53752899","37.91439438","42.81798172","52.24337006","63.63072205","66.90659332","77.45053101","65.71811676","73.008255","80.2377243","87.89523315","97.29588318","102.39888763","92.91207123","75.52328491","70.31814575","63.60244751","67.6254425","67.91384888","81.87322235","89.62958527","66.82009125","","",
"Nicaragua","NIC","Current health expenditure per capita (current US$)","SH.XPD.CHEX.PC.CD","","","","","","","","","","","","","","","","","","","","","","","","","","","","","","","","","","","","","","","","","53.29532623","57.69081879","58.15333939","62.13036346","66.54763794","73.65701294","79.3536377","93.93821716","109.20231628","112.75749207","117.70147705","125.13540649","133.64489746","140.20372009","156.22232056","165.18948364","171.5748291","181.75810242","172.9760437","166.49009705","165.88038635","204.21273804","208.56825256","216.55238342","","",
"Netherlands","NLD","Current health expenditure per capita (current US$)","SH.XPD.CHEX.PC.CD","","","","","","","","","","","","","","","","","","","","","","","","","","","","","","","","","","","","","","","","","2028.18139648","2175.73046875","2544.81347656","3244.35644531","3689.46435547","3823.48095703","4080.21972656","4696.14160156","5382.44580078","5282.74316406","5191.69384766","5562.12109375","5284.64990234","5532.72607422","5601.88574219","4676.56201172","4644.02099609","4934.57519531","5330.66015625","5340.61279297","5865.90527344","6718.88964844","5967.90429688","6371.85595703","6845.14208984","",
"Norway","NOR","Current health expenditure per capita (current US$)","SH.XPD.CHEX.PC.CD","","","","","","","","","","","","","","","","","","","","","","","","","","","","","","","","","","","","","","","","","2948.93164063","3099.00341797","3889.95947266","4632.56835938","5097.34423828","5584.68896484","5892.98730469","6895.56005859","7768.05029297","7301.95996094","7859.51611328","8900.37207031","8970.11914063","9241.265625","9116.37792969","7566.56152344","7492.07666016","7815.78710938","8271.859375","8007.35546875","7824.57714844","9163.13867188","8692.57617188","8296.35546875","","",
"Nepal","NPL","Current health expenditure per capita (current US$)","SH.XPD.CHEX.PC.CD","","","","","","","","","","","","","","","","","","","","","","","","","","","","","","","","","","","","","","","","","8.34249592","10.26854038","10.46419716","11.06888008","12.92468262","14.14693356","13.68047714","17.13900185","18.86374855","20.86620903","29.62231827","34.14775085","33.64963913","35.14327621","41.9739151","46.49585342","47.1232872","49.63085556","51.16546249","53.61107254","59.07941437","69.1880188","87.34230042","83.96018982","","",
"Naoero","NRU","Current health expenditure per capita (current US$)","SH.XPD.CHEX.PC.CD","","","","","","","","","","","","","","","","","","","","","","","","","","","","","","","","","","","","","","","","","463.77734375","349.01687622","298.91278076","273.59832764","216.23666382","328.92779541","363.46365356","586.8157959","809.65649414","575.39526367","626.21124268","672.27624512","873.81658936","808.10583496","736.00012207","973.30883789","978.48120117","1127.47509766","1220.0769043","1213.86804199","1270.52563477","1636.45788574","2264.07055664","2292.37329102","","",
"New Zealand","NZL","Current health expenditure per capita (current US$)","SH.XPD.CHEX.PC.CD","","","","","","","","","","","","","","","","","","","","","","","","","","","","","","","","","","","","","","","","","1054.28100586","1053.73632813","1250.12634277","1610.73034668","1981.9720459","2295.37182617","2304.06518555","2705.66430664","2708.65625","2582.28100586","3072.73608398","3501.22045898","3682.94213867","3833.82226563","3997.43237305","3433.59643555","3516.93481445","3702.09985352","3706.80273438","3679.59692383","3887.71264648","4749.04199219","5138.33789063","4997.24316406","5022.03271484","",
"OECD members","OED","Current health expenditure per capita (current US$)","SH.XPD.CHEX.PC.CD","","","","","","","","","","","","","","","","","","","","","","","","","","","","","","","","","","","","","","","","","2149.39705600623","2225.0142650724","2407.63339586563","2730.40249695169","3002.68490622968","3166.51671804892","3337.2848700885","3626.28485957125","3878.71907113635","3918.85041658081","4047.09086608608","4341.01371046285","4350.45469523628","4372.73206738339","4493.43503373231","4326.51774770484","4448.93897113615","4593.86479128032","4804.8720315435","4885.84558449251","5299.92923102032","5716.25755236816","5630.09565413039","5915.54267586571","","",
"Oman","OMN","Current health expenditure per capita (current US$)","SH.XPD.CHEX.PC.CD","","","","","","","","","","","","","","","","","","","","","","","","","","","","","","","","","","","","","","","","","261.88265991","259.59085083","274.11166382","290.38589478","306.42941284","326.909729","341.97601318","397.21173096","466.60375977","510.08691406","583.57073975","563.23632813","561.1171875","587.71075439","726.64660645","767.04455566","714.48864746","704.6295166","639.78082275","730.08325195","859.24987793","843.01953125","712.06097412","732.04089355","","",
"Other small states","OSS","Current health expenditure per capita (current US$)","SH.XPD.CHEX.PC.CD","","","","","","","","","","","","","","","","","","","","","","","","","","","","","","","","","","","","","","","","","319.910678357728","313.739274872019","359.742568985926","419.440350347494","488.808744539987","542.800898012148","573.130311793115","673.620423278128","750.965363519624","691.330782751149","693.761529237095","733.855152737728","703.78445212039","747.145098275729","784.248841413371","717.47568606246","761.486513338512","833.968543908001","915.684368930563","930.960863900857","989.041056411903","1150.97538567959","1117.93956877042","1203.88225536395","","",
"Pakistan","PAK","Current health expenditure per capita (current US$)","SH.XPD.CHEX.PC.CD","","","","","","","","","","","","","","","","","","","","","","","","","","","","","","","","","","","","","","","","","15.36755657","13.41587162","14.98332214","14.34851551","15.53542328","19.58962631","24.43647003","26.14198685","24.34272766","23.14643288","23.62846184","25.02491379","25.59742928","28.20998955","32.11787415","33.99359894","36.46934128","42.07228851","40.09578323","36.01374817","36.9091301","42.79639816","38.76602173","30.48608398","","",
"Panama","PAN","Current health expenditure per capita (current US$)","SH.XPD.CHEX.PC.CD","","","","","","","","","","","","","","","","","","","","","","","","","","","","","","","","","","","","","","","","","300.66052246","296.75146484","308.58657837","303.45755005","344.4079895","323.0513916","370.62973022","472.08703613","506.78494263","550.80755615","607.42242432","664.97564697","725.01544189","805.78985596","919.2946167","982.06530762","1056.68481445","1126.96154785","1227.30554199","1339.45153809","1358.4498291","1417.1541748","1572.93017578","1557.81286621","","",
"Peru","PER","Current health expenditure per capita (current US$)","SH.XPD.CHEX.PC.CD","","","","","","","","","","","","","","","","","","","","","","","","","","","","","","","","","","","","","","","","","83.63842773","89.36621857","97.6605072","97.352211","105.16587067","123.25354004","136.14295959","158.55148315","191.42611694","209.1973877","241.43280029","264.46487427","309.31439209","320.96490479","332.18841553","310.60983276","311.33517456","332.54321289","362.75994873","367.98739624","399.13800049","455.3560791","445.10473633","445.52667236","","",
"Philippines","PHL","Current health expenditure per capita (current US$)","SH.XPD.CHEX.PC.CD","","","","","","","","","","","","","","","","","","","","","","","","","","","","","","","","","","","","","","","","","32.10300446","27.60987473","26.76997948","31.60413551","33.50411606","45.67607498","53.87452698","64.27903748","75.69056702","77.64539337","89.35166931","95.95716095","109.2149353","118.87432098","106.16293335","113.4342804","118.05981445","120.32259369","125.27716827","141.6925354","166.61218262","208.192276","182.93432617","194.05484009","","",
"Palau","PLW","Current health expenditure per capita (current US$)","SH.XPD.CHEX.PC.CD","","","","","","","","","","","","","","","","","","","","","","","","","","","","","","","","","","","","","","","","","675.54473877","640.58422852","609.03295898","638.3067627","765.0546875","810.10369873","852.00756836","897.35339355","880.83892822","947.12615967","1093.30786133","1072.56323242","1239.99304199","1399.29931641","1481.35656738","1554.91186523","1704.62316895","1775.32849121","1809.22070313","1928.91564941","1938.33837891","1931.31152344","2077.734375","1683.8458252","","",
"Papua New Guinea","PNG","Current health expenditure per capita (current US$)","SH.XPD.CHEX.PC.CD","","","","","","","","","","","","","","","","","","","","","","","","","","","","","","","","","","","","","","","","","18.84121323","18.19814301","20.55322266","21.9858036","25.73586273","27.49723434","30.03865242","33.18586731","34.69308472","36.5436821","39.3453064","52.49456787","70.27664948","76.75310516","89.08061218","45.18995285","53.98646545","55.24723816","59.04003525","59.89566803","55.92817688","61.02529907","81.11356354","85.15021515","","",
"Poland","POL","Current health expenditure per capita (current US$)","SH.XPD.CHEX.PC.CD","","","","","","","","","","","","","","","","","","","","","","","","","","","","","","","","","","","","","","","","","238.00448608","282.8210144","315.83145142","339.33520508","392.00338745","465.70019531","524.09747314","660.92468262","892.59698486","759.60577393","809.19940186","866.09466553","815.1418457","878.08837891","911.29815674","803.95965576","816.08618164","909.57818604","978.73565674","1014.03820801","1025.98486328","1183.30236816","1219.29125977","1577.98168945","2014.12780762","",
"Pre-demographic dividend","PRE","Current health expenditure per capita (current US$)","SH.XPD.CHEX.PC.CD","","","","","","","","","","","","","","","","","","","","","","","","","","","","","","","","","","","","","","","","","16.36503280441","16.3868806918109","17.1707053641135","24.55262943658","29.4908726690144","33.8796086868975","40.330435423869","46.970525164413","55.279979358177","52.3424228222144","53.8941162383128","58.8589056369694","61.6702470644718","67.1908704287985","68.7256206455684","61.8741806481895","59.5406046088633","57.5102082656623","56.1506000130814","57.5741584522018","58.8363731657314","64.8410367574783","68.6305046490946","65.286827901308","","",
"Puerto Rico (US)","PRI","Current health expenditure per capita (current US$)","SH.XPD.CHEX.PC.CD","","","","","","","","","","","","","","","","","","","","","","","","","","","","","","","","","","","","","","","","","","","","","","","","","","","","","","","","","","","","","","","","","","",
"Korea, Dem. People's Rep.","PRK","Current health expenditure per capita (current US$)","SH.XPD.CHEX.PC.CD","","","","","","","","","","","","","","","","","","","","","","","","","","","","","","","","","","","","","","","","","","","","","","","","","","","","","","","","","","","","","","","","","","",
"Portugal","PRT","Current health expenditure per capita (current US$)","SH.XPD.CHEX.PC.CD","","","","","","","","","","","","","","","","","","","","","","","","","","","","","","","","","","","","","","","","","995.34210205","1015.54956055","1139.4029541","1443.37792969","1723.74401855","1814.35449219","1857.64526367","2112.52880859","2391.98120117","2346.54199219","2259.30371094","2255.96923828","1976.91479492","2027.42089844","2056.61474609","1787.03759766","1870.31848145","1991.32263184","2206.71240234","2209.50219727","2328.35571289","2764.04296875","2600.56665039","2762.26293945","2971.03930664","",
"Paraguay","PRY","Current health expenditure per capita (current US$)","SH.XPD.CHEX.PC.CD","","","","","","","","","","","","","","","","","","","","","","","","","","","","","","","","","","","","","","","","","104.49077606","91.8441391","65.0742569","70.85758209","88.10053253","95.1805954","122.45078278","161.25285339","220.90351868","217.7858429","258.43127441","337.81317139","368.7868042","391.80084229","440.85821533","393.42440796","385.52297974","406.60488892","422.13101196","416.84432983","411.81765747","480.11322021","480.02862549","526.5098877","","",
"West Bank and Gaza","PSE","Current health expenditure per capita (current US$)","SH.XPD.CHEX.PC.CD","","","","","","","","","","","","","","","","","","","","","","","","","","","","","","","","","","","","","","","","","129.54533386","127.37930298","118.22906494","111.62216187","150.72610474","158.43028259","154.09745789","149.22294617","200.96418762","221.97026062","219.44699097","308.36453247","298.34082031","327.25717163","314.27474976","286.91394043","299.4125061","310.2114563","324.02166748","317.45007324","314.82254028","364.4173584","350.63812256","345.67965698","","",
"Pacific island small states","PSS","Current health expenditure per capita (current US$)","SH.XPD.CHEX.PC.CD","","","","","","","","","","","","","","","","","","","","","","","","","","","","","","","","","","","","","","","","","82.6006911322602","79.4335892004223","88.3824422971553","94.9725034187979","116.518901463803","138.541264199658","139.540128866858","145.971920203499","150.050372396979","146.721591434268","151.415096684753","163.359225207776","176.404466568278","177.072067466154","185.365653231477","177.995108423985","185.426164810969","189.672446994708","217.726443231222","226.264029255156","227.820353598018","265.263233002078","228.226159867358","234.298336830729","","",
"Post-demographic dividend","PST","Current health expenditure per capita (current US$)","SH.XPD.CHEX.PC.CD","","","","","","","","","","","","","","","","","","","","","","","","","","","","","","","","","","","","","","","","","2477.35256407878","2569.36477721755","2787.47909876318","3170.04298248973","3488.0996185494","3677.64494703088","3878.69184430608","4209.53153380327","4500.1603493697","4573.81851627166","4725.59187383918","5082.95126159156","5103.12543291364","5127.10763074032","5284.81764224541","5112.93998162001","5275.02298467372","5452.60851500304","5719.28052644392","5831.50920900274","6358.76046290451","6913.70050761654","7086.1736773892","7413.23852188777","","",
"French Polynesia","PYF","Current health expenditure per capita (current US$)","SH.XPD.CHEX.PC.CD","","","","","","","","","","","","","","","","","","","","","","","","","","","","","","","","","","","","","","","","","","","","","","","","","","","","","","","","","","","","","","","","","","",
"Qatar","QAT","Current health expenditure per capita (current US$)","SH.XPD.CHEX.PC.CD","","","","","","","","","","","","","","","","","","","","","","","","","","","","","","","","","","","","","","","","","553.08605957","598.73602295","668.85986328","1115.45336914","1261.61999512","1386.015625","1378.9296875","1301.49682617","1292.60046387","1325.43005371","1309.79272461","1482.28308105","1712.67089844","2029.8659668","2252.4140625","2422.64453125","2072.06103516","1911.95361328","1966.55712891","2007.51525879","1967.15197754","1847.00231934","1781.50390625","1804.35424805","","",
"Romania","ROU","Current health expenditure per capita (current US$)","SH.XPD.CHEX.PC.CD","","","","","","","","","","","","","","","","","","","","","","","","","","","","","","","","","","","","","","","","","69.89345551","78.8175354","96.57698822","143.54553223","190.7950592","254.52961731","291.00408936","415.06790161","521.31561279","449.37692261","472.20751953","426.59973145","401.67105103","495.23623657","503.34753418","442.24038696","476.24505615","555.11309814","687.15411377","738.5581665","809.58880615","963.01287842","902.2677002","1050.99755859","","",
"Russian Federation","RUS","Current health expenditure per capita (current US$)","SH.XPD.CHEX.PC.CD","","","","","","","","","","","","","","","","","","","","","","","","","","","","","","","","","","","","","","","","","95.20859528","117.87785339","140.05729675","163.31135559","207.61283875","270.1439209","350.84014893","459.60296631","606.77508545","513.91033936","564.30065918","681.04345703","755.48553467","805.52130127","736.32177734","496.94955444","463.29275513","577.06811523","606.11401367","650.47058105","814.94451904","881.74395752","1082.82104492","1003.33166504","","",
"Rwanda","RWA","Current health expenditure per capita (current US$)","SH.XPD.CHEX.PC.CD","","","","","","","","","","","","","","","","","","","","","","","","","","","","","","","","","","","","","","","","","9.00399399","7.86746025","7.32393837","17.25927353","20.23413277","25.02086639","27.1564312","33.50738907","39.94568634","43.99641418","47.96871567","51.64939499","57.26393127","47.75388718","50.63835144","48.81296921","43.54212189","40.76682663","42.11674881","39.81322098","45.15266418","51.64677429","57.83102036","52.65630722","","",
"South Asia","SAS","Current health expenditure per capita (current US$)","SH.XPD.CHEX.PC.CD","","","","","","","","","","","","","","","","","","","","","","","","","","","","","","","","","","","","","","","","","17.5952509504928","18.6610216987411","19.1463941065192","20.7401925548585","23.6062832132497","25.9963521416384","27.8197395950161","33.6163714653392","35.8991784899837","36.6066043494591","42.9875789328061","46.3723319841827","46.6152634556105","53.3691511888425","54.5770272304796","56.7417052203767","58.8470714953936","56.5030929296534","57.6271937496546","60.4097547940249","63.7995398712069","75.4653344021482","79.9919658936364","82.4869859574525","","",
"Saudi Arabia","SAU","Current health expenditure per capita (current US$)","SH.XPD.CHEX.PC.CD","","","","","","","","","","","","","","","","","","","","","","","","","","","","","","","","","","","","","","","","","493.36984253","482.10446167","449.84130859","457.08770752","471.45797729","545.73571777","634.81872559","662.00793457","663.14331055","760.19476318","765.91680908","954.38873291","1093.15588379","1189.67932129","1363.59155273","1309.27148438","1353.21813965","1400.90356445","1488.9753418","1504.55249023","1574.70068359","1654.74353027","1830.89074707","1825.2545166","","",
"Sudan","SDN","Current health expenditure per capita (current US$)","SH.XPD.CHEX.PC.CD","","","","","","","","","","","","","","","","","","","","","","","","","","","","","","","","","","","","","","","","","13.99440289","15.18372345","16.70709991","22.58504868","29.30404472","37.07490158","55.32660294","81.79016876","82.84276581","80.00441742","73.60398865","80.37197876","75.40776825","97.4931488","88.78498077","93.69657135","89.39633942","67.75476837","33.88366699","31.79406929","22.91861534","21.69141006","25.75139618","21.0830822","","",
"Senegal","SEN","Current health expenditure per capita (current US$)","SH.XPD.CHEX.PC.CD","","","","","","","","","","","","","","","","","","","","","","","","","","","","","","","","","","","","","","","","","21.41570663","23.45893669","26.46221161","35.14493942","41.94406128","36.00606155","38.28113556","40.60185623","49.05390167","50.27443314","51.38805008","57.93114853","56.61458969","60.51578903","61.40605545","53.32304382","53.90053558","56.49185944","64.37467957","64.33670807","75.16521454","71.12162781","63.44842529","73.22670746","","",
"Singapore","SGP","Current health expenditure per capita (current US$)","SH.XPD.CHEX.PC.CD","","","","","","","","","","","","","","","","","","","","","","","","","","","","","","","","","","","","","","","","","796.03100586","690.01330566","749.44445801","851.10961914","868.43688965","908.3760376","989.73895264","1116.97937012","1286.91345215","1326.11682129","1510.66784668","1700.1685791","1853.02429199","2102.97021484","2233.34960938","2330.39599609","2509.92163086","2673.66210938","2726.00683594","2924.24707031","3541.36450195","4050.81054688","3902.14428711","3921.60253906","","",
"Solomon Islands","SLB","Current health expenditure per capita (current US$)","SH.XPD.CHEX.PC.CD","","","","","","","","","","","","","","","","","","","","","","","","","","","","","","","","","","","","","","","","","46.02681351","60.23266602","76.49930573","53.52047729","64.72148895","89.02578735","87.74922943","89.10964203","75.66864014","93.879776","74.17661285","95.51364136","100.84831238","98.99965668","105.85440826","91.08989716","94.32994843","89.29357147","88.03850555","98.67025757","100.99560547","98.80261993","96.74864197","111.35532379","","",
"Sierra Leone","SLE","Current health expenditure per capita (current US$)","SH.XPD.CHEX.PC.CD","","","","","","","","","","","","","","","","","","","","","","","","","","","","","","","","","","","","","","","","","17.66835022","19.32042122","22.29375267","21.7804718","23.03477859","26.04933357","29.63347244","31.90766907","37.23431396","39.29960632","37.84529114","49.6336174","51.99141312","84.93772125","143.60603333","118.66024017","84.22316742","47.37737274","44.82733536","48.13619995","47.8861618","44.90049362","41.31875229","35.76205063","","",
"El Salvador","SLV","Current health expenditure per capita (current US$)","SH.XPD.CHEX.PC.CD","","","","","","","","","","","","","","","","","","","","","","","","","","","","","","","","","","","","","","","","","155.52601624","162.30456543","166.81164551","171.59013367","185.83404541","225.17417908","231.73410034","239.99687195","253.45413208","257.19317627","270.69418335","295.64242554","301.03710938","324.28027344","315.23168945","331.96725464","339.97875977","338.60742188","348.18817139","380.53384399","357.78799438","470.14025879","500.20321655","500.69497681","","",
"San Marino","SMR","Current health expenditure per capita (current US$)","SH.XPD.CHEX.PC.CD","","","","","","","","","","","","","","","","","","","","","","","","","","","","","","","","","","","","","","","","","2176.20825195","2202.07763672","2253.21850586","2506.68334961","2958.87963867","3055.63232422","3242.24291992","3804.50634766","4378.24853516","4242.50341797","3813.88354492","4550.35058594","4310.10009766","4113.46679688","4120.02685547","3530.04614258","3621.23266602","3672.30322266","3969.36474609","3801.21044922","3758.609375","4033.1027832","3874.98535156","3923.5234375","","",
"Somalia, Fed. Rep.","SOM","Current health expenditure per capita (current US$)","SH.XPD.CHEX.PC.CD","","","","","","","","","","","","","","","","","","","","","","","","","","","","","","","","","","","","","","","","","","","","","","","","","","","","","","12.88169384","13.15052128","14.11613941","11.76618958","13.51753426","12.7819252","12.99074364","12.79912567","15.01879692","16.31684875","22.37065506","","",
"Serbia","SRB","Current health expenditure per capita (current US$)","SH.XPD.CHEX.PC.CD","","","","","","","","","","","","","","","","","","","","","","","","","","","","","","","","","","","","","","","","","56.52191544","112.19754028","173.24946594","230.08865356","274.45532227","307.54705811","371.506073","547.22723389","671.88702393","575.262146","545.33380127","618.89422607","559.90545654","627.53308105","608.85858154","491.25177002","486.42944336","515.84570313","617.08691406","641.04754639","670.03564453","889.09753418","843.57733154","983.69372559","","",
"Sub-Saharan Africa (excluding high income)","SSA","Current health expenditure per capita (current US$)","SH.XPD.CHEX.PC.CD","","","","","","","","","","","","","","","","","","","","","","","","","","","","","","","","","","","","","","","","","32.3926210615205","29.7678000611969","28.5483190788951","42.401847447924","50.9765719971032","57.3303096239246","63.927591475461","70.884263647712","75.561816439401","75.5533711609083","85.6476733622525","92.794952404546","91.9850962765647","92.7997521990177","90.3240961089984","82.489905443893","75.7626158514115","77.0424878221974","76.2113611724364","75.7130467464987","74.5834016395752","84.3391558512111","84.8794895814932","79.3000496608214","","",
"South Sudan","SSD","Current health expenditure per capita (current US$)","SH.XPD.CHEX.PC.CD","","","","","","","","","","","","","","","","","","","","","","","","","","","","","","","","","","","","","","","","","","","","","","","","","","","","","","","","","","28.05690956","31.12328529","35.18021774","47.40253067","34.78803635","48.03352737","72.75582886","","",
"Sub-Saharan Africa","SSF","Current health expenditure per capita (current US$)","SH.XPD.CHEX.PC.CD","","","","","","","","","","","","","","","","","","","","","","","","","","","","","","","","","","","","","","","","","32.4308099069193","29.8046351322342","28.5862074788386","42.4429177498249","51.0211037402445","57.3746369552643","63.974140168855","70.9227391878954","75.5930351020549","75.5779658469389","85.6851226173168","92.8304925094644","92.0302408004662","92.8421638066783","90.3702168395063","82.5345596656596","75.8169337540862","77.094841045757","76.2644789808074","75.7644771440423","74.6336640581291","84.384351286224","84.9402456642482","79.3654150583237","","",
"Small states","SST","Current health expenditure per capita (current US$)","SH.XPD.CHEX.PC.CD","","","","","","","","","","","","","","","","","","","","","","","","","","","","","","","","","","","","","","","","","278.299514679322","274.352885350345","311.81972778189","358.587209648316","414.408609155649","462.973035502228","492.69311745954","568.917573478167","630.039959000115","596.481093157385","604.299714141107","639.574729092561","629.190196035618","664.001615191806","692.573503719694","654.350530128462","681.723000451672","737.742913227614","793.866190378651","811.643543754382","843.402903978223","964.438696145427","953.147727709784","1008.72140097749","","",
"Sao Tome and Principe","STP","Current health expenditure per capita (current US$)","SH.XPD.CHEX.PC.CD","","","","","","","","","","","","","","","","","","","","","","","","","","","","","","","","","","","","","","","","","49.63587952","47.14751816","50.61143494","71.20994568","71.05591583","80.13071442","57.2040329","59.71631241","64.58831787","64.90551758","60.94829941","69.45979309","86.29039001","124.59179688","118.70980835","85.37828827","109.73142242","117.07767487","108.87628937","106.86884308","159.84396362","187.06524658","139.02836609","171.05166626","","",
"Suriname","SUR","Current health expenditure per capita (current US$)","SH.XPD.CHEX.PC.CD","","","","","","","","","","","","","","","","","","","","","","","","","","","","","","","","","","","","","","","","","166.90083313","91.73781586","158.21212769","166.88664246","212.50817871","241.68415833","313.68301392","309.17565918","334.24771118","380.04019165","399.59710693","375.34957886","406.05526733","434.50332642","440.95263672","511.91244507","338.24822998","322.00415039","440.32211304","588.83825684","409.86743164","270.37786865","344.74603271","297.04589844","","",
"Slovak Republic","SVK","Current health expenditure per capita (current US$)","SH.XPD.CHEX.PC.CD","","","","","","","","","","","","","","","","","","","","","","","","","","","","","","","","","","","","","","","","","203.50627136","212.22207642","254.12765503","344.47335815","511.52990723","601.31323242","729.01324463","1029.30029297","1251.67724609","1320.09301758","1296.54284668","1352.43835449","1319.43823242","1370.46765137","1289.34851074","1108.87817383","1175.6270752","1189.07983398","1299.91125488","1342.07580566","1393.62438965","1684.51550293","1642.39208984","1813.46618652","","",
"Slovenia","SVN","Current health expenditure per capita (current US$)","SH.XPD.CHEX.PC.CD","","","","","","","","","","","","","","","","","","","","","","","","","","","","","","","","","","","","","","","","","796.64703369","826.22576904","944.87145996","1203.06359863","1368.64855957","1449.18920898","1541.66430664","1795.95043945","2179.45239258","2125.05688477","2017.14660645","2147.80517578","1974.85400391","2055.38134766","2062.38476563","1775.86071777","1838.65405273","1925.03466797","2169.57885742","2219.09790039","2417.20874023","2779.56591797","2737.84936523","3037.7644043","3370.53076172","",
"Sweden","SWE","Current health expenditure per capita (current US$)","SH.XPD.CHEX.PC.CD","","","","","","","","","","","","","","","","","","","","","","","","","","","","","","","","","","","","","","","","","2173.1940918","2154.63354492","2456.70068359","3107.48876953","3488.65771484","3546.78686523","3755.67529297","4295.55224609","4609.91845703","4118.41650391","4391.1171875","6363.61474609","6280.82519531","6716.21484375","6632.23681641","5626.04833984","5719.45996094","5871.52294922","6042.13525391","5688.04492188","6030.53271484","6894.20166016","6022.39257813","6206.23046875","6484.76464844","",
"Eswatini","SWZ","Current health expenditure per capita (current US$)","SH.XPD.CHEX.PC.CD","","","","","","","","","","","","","","","","","","","","","","","","","","","","","","","","","","","","","","","","","76.93126678","75.41345978","74.66481781","131.40959167","175.89544678","217.26066589","237.50752258","252.24301147","265.72091675","279.68212891","343.04284668","365.25265503","340.03012085","303.40438843","282.43395996","250.71520996","226.41770935","265.50152588","292.33929443","320.05084229","236.99609375","297.72213745","284.75802612","296.04562378","","",
"Sint Maarten (Dutch part)","SXM","Current health expenditure per capita (current US$)","SH.XPD.CHEX.PC.CD","","","","","","","","","","","","","","","","","","","","","","","","","","","","","","","","","","","","","","","","","","","","","","","","","","","","","","","","","","","","","","","","","","",
"Seychelles","SYC","Current health expenditure per capita (current US$)","SH.XPD.CHEX.PC.CD","","","","","","","","","","","","","","","","","","","","","","","","","","","","","","","","","","","","","","","","","340.23703003","334.48275757","340.82293701","394.09664917","444.24789429","457.77093506","487.17950439","428.61749268","367.36502075","310.96310425","449.52416992","457.16436768","562.99871826","545.24871826","588.18261719","566.96704102","673.19622803","667.09515381","685.10827637","675.47839355","670.88684082","629.85974121","707.34448242","766.28778076","","",
"Syrian Arab Republic","SYR","Current health expenditure per capita (current US$)","SH.XPD.CHEX.PC.CD","","","","","","","","","","","","","","","","","","","","","","","","","","","","","","","","","","","","","","","","","53.69049835","57.71026993","62.74715805","59.87030792","60.20412827","62.29284668","64.00552368","72.10467529","82.92500305","88.00678253","91.5537796","78.28834534","66.27796173","47.07229233","48.91549683","38.17871475","27.40652657","35.57104874","46.24067307","55.2208252","37.03173065","53.4726181","53.26486588","33.34017944","","",
"Turks and Caicos Islands","TCA","Current health expenditure per capita (current US$)","SH.XPD.CHEX.PC.CD","","","","","","","","","","","","","","","","","","","","","","","","","","","","","","","","","","","","","","","","","","","","","","","","","","","","","","","","","","","","","","","","","","",
"Chad","TCD","Current health expenditure per capita (current US$)","SH.XPD.CHEX.PC.CD","","","","","","","","","","","","","","","","","","","","","","","","","","","","","","","","","","","","","","","","","10.07452297","11.64042854","18.01737785","18.0202446","27.74994278","31.27608871","33.8651123","34.0423584","36.89921951","34.82435226","35.26005936","37.35868073","36.20247269","38.59413528","42.16276169","33.82092285","31.96038055","29.9935894","31.2043705","30.23690224","37.73088074","37.59156799","40.17007446","47.43893051","","",
"East Asia & Pacific (IDA & IBRD countries)","TEA","Current health expenditure per capita (current US$)","SH.XPD.CHEX.PC.CD","","","","","","","","","","","","","","","","","","","","","","","","","","","","","","","","","","","","","","","","","38.3962606653257","39.5267758432329","44.0886428620882","50.3430802439361","56.6481018498908","65.0310762225143","74.6221373015156","89.2684378120494","116.59945723182","138.522198087683","160.37548959536","200.311683520693","233.515980515811","263.830052894653","287.340016035223","307.285016378459","312.594700652347","342.769055060083","388.627016996157","414.62703931563","446.471116609362","515.545559248001","566.052535523033","570.065194520576","","",
"Europe & Central Asia (IDA & IBRD countries)","TEC","Current health expenditure per capita (current US$)","SH.XPD.CHEX.PC.CD","","","","","","","","","","","","","","","","","","","","","","","","","","","","","","","","","","","","","","","","","105.567122744409","114.159734123018","133.79392524598","161.900709185972","202.023457617143","251.971561712724","303.267905456239","385.736828421967","485.869336269842","419.846879774389","454.110808341596","505.50595242259","530.644479316858","565.457650339422","535.508147836818","416.867867300176","406.363821785837","454.56238580521","472.92294572173","499.118925005059","565.47187430609","641.692030073061","732.6197329168","791.091170293933","","",
"Togo","TGO","Current health expenditure per capita (current US$)","SH.XPD.CHEX.PC.CD","","","","","","","","","","","","","","","","","","","","","","","","","","","","","","","","","","","","","","","","","13.0541811","13.04282379","14.65135479","17.7094574","18.62999153","20.9699707","22.74487495","22.34309769","26.89384079","28.3035717","30.54597664","34.41139603","35.40290833","39.56414795","41.96416092","46.92110825","50.8783493","51.5464592","52.43610382","48.85387421","52.75213242","52.72237015","55.79545593","59.60503769","","",
"Thailand","THA","Current health expenditure per capita (current US$)","SH.XPD.CHEX.PC.CD","","","","","","","","","","","","","","","","","","","","","","","","","","","","","","","","","","","","","","","","","62.21043015","57.19389343","69.68746185","76.13368225","82.91682434","90.61147308","103.26116943","125.10979462","149.06762695","149.67800903","168.61891174","191.74464417","201.70690918","207.81243896","213.74395752","219.15092468","229.7849884","247.08152771","274.71221924","288.31097412","304.3817749","363.72845459","369.97647095","326.50482178","","",
"Tajikistan","TJK","Current health expenditure per capita (current US$)","SH.XPD.CHEX.PC.CD","","","","","","","","","","","","","","","","","","","","","","","","","","","","","","","","","","","","","","","","","5.90626955","7.56599855","8.21969986","10.97546482","14.6509676","17.38472557","20.04485893","28.58950996","41.35135651","38.9187851","42.28567886","48.8431282","56.97117615","67.62356567","73.06859589","62.75804901","54.9213562","56.85092545","58.51539993","60.51568222","74.17329407","75.10315704","78.61326599","85.14702606","","",
"Turkmenistan","TKM","Current health expenditure per capita (current US$)","SH.XPD.CHEX.PC.CD","","","","","","","","","","","","","","","","","","","","","","","","","","","","","","","","","","","","","","","","","75.52490234","120.8463974","128.08802795","199.93019104","302.85839844","324.81155396","349.6842041","261.83258057","235.91514587","178.44587708","202.7792511","251.85777283","289.13015747","339.92349243","393.86843872","362.72949219","376.65567017","410.81082153","411.32562256","432.78118896","420.0083313","471.86325073","579.15454102","581.38220215","","",
"Latin America & the Caribbean (IDA & IBRD countries)","TLA","Current health expenditure per capita (current US$)","SH.XPD.CHEX.PC.CD","","","","","","","","","","","","","","","","","","","","","","","","","","","","","","","","","","","","","","","","","284.08364673607","274.992905550895","236.404421460454","247.462050804773","281.174540891774","339.675448509304","395.495292411491","469.174815545155","540.165436739077","534.467313644727","638.340784983717","726.976954542189","727.927931463268","760.195365496209","761.976801878057","675.637724305284","648.459181358459","733.765560892935","671.941089009649","654.635269750467","579.294045090621","672.712481297088","731.083036553733","815.300226297436","","",
"Timor-Leste","TLS","Current health expenditure per capita (current US$)","SH.XPD.CHEX.PC.CD","","","","","","","","","","","","","","","","","","","","","","","","","","","","","","","","","","","","","","","","","","","","15.18759537","20.22569466","25.72540092","27.90169907","30.51906586","43.71953964","50.18856049","52.6151619","64.43626404","71.46888733","102.79840851","93.10574341","101.4779892","92.69400787","86.16269684","78.07413483","78.01346588","118.49451447","132.07870483","174.91529846","144.21452332","","",
"Middle East, North Africa, Afghanistan & Pakistan (IDA & IBRD)","TMN","Current health expenditure per capita (current US$)","SH.XPD.CHEX.PC.CD","","","","","","","","","","","","","","","","","","","","","","","","","","","","","","","","","","","","","","","","","54.4968243727188","56.5235121099821","55.7463851142089","55.1851594392889","62.991830485538","71.331811402318","80.5732025348774","96.4215660809456","115.205391260363","126.780026071251","140.018203256574","157.78716341065","166.77722955891","156.958699881176","160.550691705319","158.912484998384","157.358811613511","158.055271163238","138.635536441969","134.686334431318","124.429475733351","131.194717308625","135.665737678531","138.738077507188","","",
"Tonga","TON","Current health expenditure per capita (current US$)","SH.XPD.CHEX.PC.CD","","","","","","","","","","","","","","","","","","","","","","","","","","","","","","","","","","","","","","","","","53.3949585","55.2772522","62.6541748","68.05188751","102.70134735","108.29302216","149.22753906","134.56217957","190.86582947","118.79367065","166.58139038","193.43716431","318.4196167","171.82066345","210.86004639","181.91452026","208.53982544","246.34036255","278.49508667","266.68792725","262.55459595","348.79745483","382.79116821","357.54415894","","",
"South Asia (IDA & IBRD)","TSA","Current health expenditure per capita (current US$)","SH.XPD.CHEX.PC.CD","","","","","","","","","","","","","","","","","","","","","","","","","","","","","","","","","","","","","","","","","17.5952509504928","18.6610216987411","19.1463941065192","20.7401925548585","23.6062832132497","25.9963521416384","27.8197395950161","33.6163714653392","35.8991784899837","36.6066043494592","42.9875789328061","46.3723319841827","46.6152634556105","53.3691511888425","54.5770272304796","56.7417052203768","58.8470714953936","56.5030929296534","57.6271937496546","60.4097547940249","63.7995398712069","75.4653344021482","79.9919658936364","82.4869859574525","","",
"Sub-Saharan Africa (IDA & IBRD countries)","TSS","Current health expenditure per capita (current US$)","SH.XPD.CHEX.PC.CD","","","","","","","","","","","","","","","","","","","","","","","","","","","","","","","","","","","","","","","","","32.4308099069193","29.8046351322342","28.5862074788386","42.4429177498249","51.0211037402445","57.3746369552643","63.974140168855","70.9227391878954","75.5930351020549","75.5779658469388","85.6851226173169","92.8304925094644","92.0302408004662","92.8421638066783","90.3702168395063","82.5345596656596","75.8169337540862","77.094841045757","76.2644789808074","75.7644771440424","74.6336640581291","84.384351286224","84.9402456642481","79.3654150583237","","",
"Trinidad and Tobago","TTO","Current health expenditure per capita (current US$)","SH.XPD.CHEX.PC.CD","","","","","","","","","","","","","","","","","","","","","","","","","","","","","","","","","","","","","","","","","266.16275024","272.72851563","324.36880493","358.59500122","431.37268066","530.35229492","568.72583008","667.35321045","751.54608154","776.62243652","825.16088867","872.96398926","895.08026123","970.90222168","1010.82769775","1061.58666992","1064.41772461","1083.37609863","1080.45397949","1097.20556641","1059.72583008","1170.93859863","1266.28820801","1276.33862305","","",
"Tunisia","TUN","Current health expenditure per capita (current US$)","SH.XPD.CHEX.PC.CD","","","","","","","","","","","","","","","","","","","","","","","","","","","","","","","","","","","","","","","","","111.01378632","114.00454712","124.64620972","148.93447876","167.27586365","169.84550476","178.82592773","202.32022095","230.50152588","231.3591156","240.75447083","270.67507935","270.29055786","284.64538574","287.60955811","249.46418762","240.40258789","223.85903931","215.418396","212.60031128","250.40145874","285.25247192","276.46380615","317.70983887","","",
"Turkiye","TUR","Current health expenditure per capita (current US$)","SH.XPD.CHEX.PC.CD","","","","","","","","","","","","","","","","","","","","","","","","","","","","","","","","","","","","","","","","","192.8344574","148.86210632","181.39144897","232.5562439","292.65307617","357.40197754","409.25881958","504.37646484","561.73529053","492.30032349","531.82861328","525.89105225","520.44274902","547.95465088","520.40753174","444.70803833","456.3659668","432.13754272","380.27835083","388.67486572","386.2593689","431.33978271","385.87997437","547.8145752","","",
"Tuvalu","TUV","Current health expenditure per capita (current US$)","SH.XPD.CHEX.PC.CD","","","","","","","","","","","","","","","","","","","","","","","","","","","","","","","","","","","","","","","","","351.92758179","261.71032715","207.1824646","274.99337769","216.72221375","232.03250122","291.76730347","292.23049927","319.3182373","349.2015686","490.41107178","536.10473633","499.21899414","484.58966064","512.64215088","451.35287476","697.99798584","1017.49633789","819.41162109","1138.82617188","899.59460449","1122.39929199","1300.46679688","1723.56542969","","",
"Tanzania","TZA","Current health expenditure per capita (current US$)","SH.XPD.CHEX.PC.CD","","","","","","","","","","","","","","","","","","","","","","","","","","","","","","","","","","","","","","","","","12.33031845","15.1739912","17.0355854","20.39437675","23.4493866","27.71374512","35.59762955","36.23610306","36.26182556","33.9993782","37.18493271","37.75179672","41.99654007","43.46931839","39.85456848","33.27184296","36.65267563","39.03767014","41.27171326","39.97783661","31.7036171","37.53121185","35.93323135","36.25619888","","",
"Uganda","UGA","Current health expenditure per capita (current US$)","SH.XPD.CHEX.PC.CD","","","","","","","","","","","","","","","","","","","","","","","","","","","","","","","","","","","","","","","","","16.42602158","15.99579906","15.74441719","14.23364067","18.60707474","25.86819267","31.60310555","36.10126495","40.04308701","44.3670578","51.88574982","55.2076683","55.03918457","52.906353","50.957798","40.09843445","39.08125305","31.43818092","32.9515686","33.36559677","44.73381805","51.03484726","44.47286224","45.21318436","","",
"Ukraine","UKR","Current health expenditure per capita (current US$)","SH.XPD.CHEX.PC.CD","","","","","","","","","","","","","","","","","","","","","","","","","","","","","","","","","","","","","","","","","34.62232971","44.14328766","52.11910248","67.87039948","83.23918915","114.63265228","146.27377319","183.18217468","212.75292969","165.98542786","199.49559021","240.17747498","270.76205444","275.94143677","208.94400024","154.75454712","154.5546875","183.69506836","217.73760986","242.81388855","265.07846069","369.90487671","","","","",
"Upper middle income","UMC","Current health expenditure per capita (current US$)","SH.XPD.CHEX.PC.CD","","","","","","","","","","","","","","","","","","","","","","","","","","","","","","","","","","","","","","","","","93.2478184001494","91.9597887677849","89.414432234512","100.084536181253","115.909017260022","137.569695710133","158.663651451135","190.277731031518","228.68406642485","242.770805000098","283.63425453225","333.721637648579","357.375412105536","382.868625127928","396.977769740294","388.543990145725","386.088448013374","424.997040412608","443.758429496345","458.859585802992","464.733731702839","532.828434281708","583.24846400338","610.379204364837","","",
"Uruguay","URY","Current health expenditure per capita (current US$)","SH.XPD.CHEX.PC.CD","","","","","","","","","","","","","","","","","","","","","","","","","","","","","","","","","","","","","","","","","699.20495605","679.4229126","436.44049072","383.55554199","375.93881226","445.28201294","500.65515137","578.34454346","811.7020874","826.05682373","1043.26000977","1244.93884277","1347.02868652","1516.80664063","1495.59777832","1424.8939209","1469.38964844","1672.3314209","1713.26611328","1692.50195313","1432.00463867","1594.98059082","1850.80737305","2076.09423828","","",
"United States","USA","Current health expenditure per capita (current US$)","SH.XPD.CHEX.PC.CD","","","","","","","","","","","","","","","","","","","","","","","","","","","","","","","","","","","","","","","","","4548.5546875","4901.67529297","5327.93701172","5732.24365234","6071.84423828","6428.60205078","6802.47509766","7153.73144531","7364.93847656","7614.82421875","7836.08837891","8015.78076172","8262.29296875","8412.25195313","8796.33886719","9200.93164063","9535.60058594","9822.60644531","10180.48242188","10550.22070313","11648.49511719","12080.07324219","12586.19628906","13473.19335938","","",
"Uzbekistan","UZB","Current health expenditure per capita (current US$)","SH.XPD.CHEX.PC.CD","","","","","","","","","","","","","","","","","","","","","","","","","","","","","","","","","","","","","","","","","35.72119904","30.46290398","24.50708961","25.61911011","28.02430153","32.51261139","37.97257233","46.89629364","61.29156876","71.95819092","92.87456512","109.86156464","127.94210052","140.71011353","118.44307709","132.60565186","129.82177734","93.4151535","82.53038788","98.6240387","120.29019165","156.44789124","170.64073181","192.11869812","","",
"St. Vincent and the Grenadines","VCT","Current health expenditure per capita (current US$)","SH.XPD.CHEX.PC.CD","","","","","","","","","","","","","","","","","","","","","","","","","","","","","","","","","","","","","","","","","149.9225769","162.93431091","175.48046875","178.1368866","188.43644714","197.63206482","209.83639526","244.32910156","256.13983154","264.6159668","281.91867065","276.15722656","298.78082275","300.01953125","299.33129883","302.58422852","313.66229248","337.89614868","358.53372192","372.05615234","406.3571167","454.784729","437.94085693","469.20709229","","",
"Venezuela, RB","VEN","Current health expenditure per capita (current US$)","SH.XPD.CHEX.PC.CD","","","","","","","","","","","","","","","","","","","","","","","","","","","","","","","","","","","","","","","","","","","","","","","","","","","","","","","","","","","164.68154907","112.72974396","153.21711731","162.43952942","208.66654968","185.99124146","","",
"British Virgin Islands","VGB","Current health expenditure per capita (current US$)","SH.XPD.CHEX.PC.CD","","","","","","","","","","","","","","","","","","","","","","","","","","","","","","","","","","","","","","","","","","","","","","","","","","","","","","","","","","","","","","","","","","",
"Virgin Islands (U.S.)","VIR","Current health expenditure per capita (current US$)","SH.XPD.CHEX.PC.CD","","","","","","","","","","","","","","","","","","","","","","","","","","","","","","","","","","","","","","","","","","","","","","","","","","","","","","","","","","","","","","","","","","",
"Viet Nam","VNM","Current health expenditure per capita (current US$)","SH.XPD.CHEX.PC.CD","","","","","","","","","","","","","","","","","","","","","","","","","","","","","","","","","","","","","","","","","21.0719223","25.55491257","21.87733841","24.88381386","31.97719193","38.96974945","46.86905289","54.40701294","64.433815","69.82720184","85.36088562","97.05238342","109.29483795","104.10972595","119.44549561","121.43981171","133.1960144","147.51425171","161.97871399","171.15296936","153.10160828","168.09350586","188.22650146","197.19210815","","",
"Vanuatu","VUT","Current health expenditure per capita (current US$)","SH.XPD.CHEX.PC.CD","","","","","","","","","","","","","","","","","","","","","","","","","","","","","","","","","","","","","","","","","48.28763199","45.73453903","52.34658813","54.93638229","62.80937958","61.93361664","67.60163116","72.5284729","81.72294617","82.80382538","99.27418518","113.80240631","118.27751923","130.88458252","108.2263031","118.71543121","88.35998535","91.04128265","110.32492065","112.13746643","125.41011047","142.56698608","136.79508972","143.43753052","","",
"World","WLD","Current health expenditure per capita (current US$)","SH.XPD.CHEX.PC.CD","","","","","","","","","","","","","","","","","","","","","","","","","","","","","","","","","","","","","","","","","475.64703113457","487.964671408194","518.875511335795","582.872849613217","640.48919365945","679.51552648078","720.36392283676","788.525890688642","853.654200676634","863.261218165917","899.870938625946","973.884436496644","982.124707347714","992.544064432825","1016.28242446794","974.714283707483","991.779310632074","1028.42157826006","1067.41927020965","1084.6050485617","1159.69675152588","1257.61590669893","1266.20700430915","1317.2564716259","","",
"Samoa","WSM","Current health expenditure per capita (current US$)","SH.XPD.CHEX.PC.CD","","","","","","","","","","","","","","","","","","","","","","","","","","","","","","","","","","","","","","","","","60.4606514","56.09679031","72.41275024","81.95996094","104.42662811","121.24176788","133.41867065","147.84771729","156.89399719","172.45288086","185.43850708","211.88684082","197.01564026","247.41108704","252.30943298","232.50479126","238.35044861","220.82336426","200.40919495","242.91064453","252.77748108","285.65393066","259.95404053","292.81085205","","",
"Kosovo","XKX","Current health expenditure per capita (current US$)","SH.XPD.CHEX.PC.CD","","","","","","","","","","","","","","","","","","","","","","","","","","","","","","","","","","","","","","","","","","","","","","","","","","","","","","","","","","","","","","","","","","",
"Yemen, Rep.","YEM","Current health expenditure per capita (current US$)","SH.XPD.CHEX.PC.CD","","","","","","","","","","","","","","","","","","","","","","","","","","","","","","","","","","","","","","","","","22.91244888","24.09247589","24.80142403","31.60428619","34.62483978","38.27000809","44.81512451","51.83703613","61.74676514","58.02085114","59.60072327","56.58930588","64.67756653","68.39746857","83.48936462","88.40743256","75.22454071","87.29970551","143.68727112","80.94759369","65.17704773","49.30105209","54.29036331","47.78109741","","",
"South Africa","ZAF","Current health expenditure per capita (current US$)","SH.XPD.CHEX.PC.CD","","","","","","","","","","","","","","","","","","","","","","","","","","","","","","","","","","","","","","","","","236.08114624","202.81065369","179.5135498","286.01998901","362.28662109","400.5355835","417.91174316","455.17498779","442.10626221","487.62774658","621.41906738","686.87243652","646.49920654","593.80157471","539.30780029","491.90652466","456.56936646","527.52026367","558.80145264","538.80438232","503.46759033","592.9465332","570.48028564","536.58843994","","",
"Zambia","ZMB","Current health expenditure per capita (current US$)","SH.XPD.CHEX.PC.CD","","","","","","","","","","","","","","","","","","","","","","","","","","","","","","","","","","","","","","","","","14.80953312","18.94953918","23.19246864","26.75762367","29.99057961","44.99598694","58.68175507","51.02414322","61.82287216","59.38909531","59.98767853","64.3181076","69.17604828","83.29361725","65.39261627","57.38765335","55.39532089","70.93283844","69.82767487","85.02349854","60.01779938","74.83802795","75.40128326","79.55635071","","",
"Zimbabwe","ZWE","Current health expenditure per capita (current US$)","SH.XPD.CHEX.PC.CD","","","","","","","","","","","","","","","","","","","","","","","","","","","","","","","","","","","","","","","","","","","","","","","","","","","94.44809723","83.82868195","85.69155121","96.86148834","111.61201477","103.31652832","102.15909576","91.87199402","114.76815033","55.10725403","51.14250565","60.89874268","68.90727997","62.92946243","","",
