"Data Source","World Development Indicators",

"Last Updated Date","2026-07-13",

"Country Name","Country Code","Indicator Name","Indicator Code","1960","1961","1962","1963","1964","1965","1966","1967","1968","1969","1970","1971","1972","1973","1974","1975","1976","1977","1978","1979","1980","1981","1982","1983","1984","1985","1986","1987","1988","1989","1990","1991","1992","1993","1994","1995","1996","1997","1998","1999","2000","2001","2002","2003","2004","2005","2006","2007","2008","2009","2010","2011","2012","2013","2014","2015","2016","2017","2018","2019","2020","2021","2022","2023","2024","2025",
"Aruba","ABW","Government expenditure on education, total (% of GDP)","SE.XPD.TOTL.GD.ZS","","","","","","","","","","","","","","","","","","","","","","","","","","","","","","","","","","","","","","","4.76316022872925","4.39526987075806","4.71468019485474","4.79898023605347","4.87220001220703","","4.35698986053467","4.62321996688843","","4.70254993438721","4.82730007171631","5.79739999771118","6.75109004974365","5.91466999053955","6.3472900390625","6.44295978546143","5.85128021240234","5.88826990127563","5.49136018753052","4.45581996127504","4.54876355243615","4.43503686776957","","3.61855755636695","","","","",
"Africa Eastern and Southern","AFE","Government expenditure on education, total (% of GDP)","SE.XPD.TOTL.GD.ZS","","","","","","","","","","","","","","","","","","","","","","","","","","","","","","","","","","","","","","","","3.88743996620178","3.60612988471985","4.34167003631591","","","3.74495005607605","3.85834002494812","3.7359299659729","","4.28008008003235","","4.02403008937836","4.63901452250474","4.67612504959106","4.63769446369719","4.65965986251831","4.73791868878759","4.69199991226196","4.5962700843811","4.9091899394989","4.51140984355031","4.0905654220699","4.36837948133246","3.69766802106406","3.96229304413263","","",
"Afghanistan","AFG","Government expenditure on education, total (% of GDP)","SE.XPD.TOTL.GD.ZS","","","","","","","","","","","","","","","","","","","","","","","","","","","","","","","","","","","","","","","","","","","","","","","","","","","3.4794499874115","3.4620099067688","2.60420989990234","3.45445990562439","3.69521999359131","3.25578999519348","4.5439600944519","4.34319019317627","","","","","","","","",
"Africa Western and Central","AFW","Government expenditure on education, total (% of GDP)","SE.XPD.TOTL.GD.ZS","","","","","","","","","","","","","","","","","","","","","","","","","","","","","","","","","","","","","","","","2.34582495689392","2.46335005760193","2.36509990692139","2.34950995445252","2.35525989532471","2.24505507946014","2.44700992107391","2.55851006507873","","2.49826002120972","2.90790009498596","2.7219500541687","2.65335988998413","2.68840026027393","2.70691990852356","2.66667008399963","3.13882994651794","2.57739496231079","3.12012994289398","3.00657498836517","3.00001001358032","3.3367600440979","3.09692638090381","2.89168744551701","3.21562023947166","","",
"Angola","AGO","Government expenditure on education, total (% of GDP)","SE.XPD.TOTL.GD.ZS","","","","","","","","","","","","","","","","","","","","","","","","","","4.09021997451782","5.72269010543823","5.05850982666016","","","","","","","","","","","2.56712007522583","","2.60753011703491","","","","","2.12011003494263","2.28146004676819","","","","3.42131996154785","","3.08191085718142","4.43894951297476","","3.48689580393413","2.75493664582725","2.46687881104886","2.18351298946275","2.07306438181603","2.66744733689285","2.29719689513241","2.38535898416633","2.51273663315785","","",
"Albania","ALB","Government expenditure on education, total (% of GDP)","SE.XPD.TOTL.GD.ZS","","","","","","","","","","","","","","","","","","","","","","","","","","","","","","","","","","","3.44697999954224","3.14191007614136","3.05029988288879","3.3276801109314","3.46300005912781","3.51434993743896","3.3304500579834","3.34198999404907","3.00253009796143","3.03534007072449","3.1308000087738","3.20023989677429","3.10271000862122","3.14638996124268","","","","3.17881310743026","3.29533986928598","3.53355002403259","3.18177734553254","3.41300010681152","3.91997003555298","3.54673004150391","3.08201370407389","3.8701798915863","3.32505011558533","3.00555992126465","2.72977995872498","3.09153008460998","","",
"Andorra","AND","Government expenditure on education, total (% of GDP)","SE.XPD.TOTL.GD.ZS","","","","","","","","","","","","","","","","","","","","","","","","","","","","","","","","","","","","","","3.71327996253967","","","","","1.65971004962921","","1.54411995410919","1.64497005939484","2.24489998817444","2.10469007492065","2.87392997741699","3.14292001724243","2.97662997245789","2.98706007003784","2.56577895521486","2.50616002082825","3.07420992851257","3.28034996986389","3.23707008361816","3.21708989143372","3.2467200756073","3.15060997009277","2.63213046553066","2.381921736037","2.64727997779846","1.89867997169495","","",
"Arab World","ARB","Government expenditure on education, total (% of GDP)","SE.XPD.TOTL.GD.ZS","","","","","","","","","","","","","","","","","","","","","","","","","","","","","","","","","","","","","","","","","","","","","4.67072010040283","","3.75997996330261","","4.22755002975464","","","","","","","","","","","3.42432999610901","3.76860740670194","","","","","",
"United Arab Emirates","ARE","Government expenditure on education, total (% of GDP)","SE.XPD.TOTL.GD.ZS","","","","","","","","","","","","","","","","","","","","","","","","","","","","","","","","","","","","","","","","","","","","","","","","","","","","","","","","","","","","3.86019992828369","3.98417997360229","3.89404010772705","","","","",
"Argentina","ARG","Government expenditure on education, total (% of GDP)","SE.XPD.TOTL.GD.ZS","","","","","","","","","","","1.4580899477005","","1.93620002269745","1.78051996231079","1.92351996898651","1.84360003471374","1.16563999652863","1.71984004974365","1.93554997444153","2.4002799987793","2.60715007781982","","1.59786999225616","1.61749994754791","2.56972002983093","1.36186003684998","1.261549949646","1.28229999542236","","1.04612004756927","1.06737995147705","","","","","","3.73198008537292","","4.03986978530884","4.52167987823486","4.58030986785889","4.833740234375","4.01734018325806","3.53504991531372","3.48652005195618","3.86000990867615","4.12821006774902","4.46260976791382","4.84438991546631","5.53105020523071","5.01972007751465","5.29063987731934","5.3458399772644","5.43660020828247","5.36144018173218","5.77611017227173","5.54548978805542","5.45432996749878","4.87773990631104","4.77165985107422","5.27689981460571","4.65393018722534","4.79263019561768","5.00324010848999","","",
"Armenia","ARM","Government expenditure on education, total (% of GDP)","SE.XPD.TOTL.GD.ZS","","","","","","","","","","","","","","","","","","","","","","","","","","","","","","","","","","","","","1.84843003749847","","","2.23517990112305","2.77272009849548","2.46943998336792","2.13504004478455","2.14505004882812","2.48673009872436","2.71202993392944","2.71577000617981","3.01893997192383","3.17272996902466","3.84079003334045","3.24900007247925","3.14384007453919","2.77248001098633","2.65018010139465","2.24724006652832","2.80591011047363","2.75812005996704","2.70759010314941","2.11331180512289","2.15984239839771","2.70555996894836","2.76784992218018","2.4918999671936","2.43869996070862","","",
"American Samoa","ASM","Government expenditure on education, total (% of GDP)","SE.XPD.TOTL.GD.ZS","","","","","","","","","","","","","","","","","","","","","","","","","","","","","","","","","","","","","","","","","","","","","","","14.7170495986938","","","","","","","","","","","","","","","","","","","",
"Antigua and Barbuda","ATG","Government expenditure on education, total (% of GDP)","SE.XPD.TOTL.GD.ZS","","","","","","","","","","","","","","","","","","","","","","","","","","","","","","","","","","","","","","","","2.52540993690491","","","3.07877993583679","","","","","","","2.22264003753662","","","2.13043025907083","2.35972143126598","2.3044409375638","1.9934755302761","2.17149931504636","2.28158315038897","2.26922708436893","3.35725653382563","3.0051830460864","2.50897393198865","2.50368755552383","3.10505161832136","","",
"Australia","AUS","Government expenditure on education, total (% of GDP)","SE.XPD.TOTL.GD.ZS","","","","","","","","","","","","","","","","","","","6.00073003768921","5.8890700340271","5.64617013931274","","5.47190999984741","5.36449003219604","","5.39745998382568","5.2687201499939","5.05759000778198","4.90701007843018","4.73901987075806","4.66683006286621","4.78473997116089","4.6827597618103","5.50557994842529","5.24482011795044","","","","","","","","","","","","","","","","","","","","","","","","","","5.38625001907349","5.34109020233154","5.05915021896362","","","",
"Austria","AUT","Government expenditure on education, total (% of GDP)","SE.XPD.TOTL.GD.ZS","","","","","","","","","","","4.16346979141235","4.29919004440308","4.46764993667603","4.53321981430054","4.67425012588501","5.14811992645264","5.2582597732544","4.9734902381897","5.1800799369812","5.05797004699707","5.02866983413696","5.38891983032227","5.3840799331665","5.32463979721069","5.31528997421265","5.31804990768433","5.52159023284912","5.3972601890564","5.21114015579224","5.0378999710083","4.97673988342285","5.12327003479004","5.31782007217407","5.27264022827148","","5.44969987869263","5.28883981704712","","6.13726997375488","6.13599014282227","5.62036991119385","5.60476016998291","5.56255006790161","5.39253997802734","5.34223985671997","5.28515005111694","5.26367998123169","5.17918014526367","5.2985200881958","5.76567983627319","5.73625993728638","5.62787008285522","5.51612997055054","5.59404993057251","5.49767017364502","5.49143981933594","5.50954008102417","5.40181016921997","5.25437021255493","5.23678016662598","5.57961988449097","5.48071002960205","5.27749013900757","","","",
"Azerbaijan","AZE","Government expenditure on education, total (% of GDP)","SE.XPD.TOTL.GD.ZS","","","","","","","","","","","","","","","","","","","","","","","","","","","","","","","","","6.05797004699707","","","3.33736991882324","3.51256990432739","","3.38001990318298","4.21214008331299","3.85399007797241","3.50342011451721","3.15445995330811","3.28614997863769","3.44770002365112","2.97462010383606","2.55552005767822","2.5492799282074","2.44092988967896","3.22430992126465","2.78062009811401","2.43564009666443","2.06763005256653","2.44213008880615","2.63303995132446","2.95167994499206","2.90340995788574","2.4738199710846","2.45543003082275","3.1764600276947","4.33204984664917","3.7020800113678","3.04689002037048","3.66036009788513","","",
"Burundi","BDI","Government expenditure on education, total (% of GDP)","SE.XPD.TOTL.GD.ZS","","","","","","","","","","","","","","","","","","","","2.80335998535156","","3.34676003456116","","","","","","","","","3.35932993888855","3.49365997314453","3.8058500289917","","4.565269947052","5.01511001586914","4.08324003219604","","","3.41744995117188","2.64547991752625","2.90390992164612","3.00493001937866","","3.74495005607605","3.63216996192932","","","5.19289016723633","6.17194986343384","6.77523994445801","6.31926012039185","6.16776990890503","5.99539995193481","6.78452014923096","6.37133979797363","4.69199991226196","4.76202011108398","5.07863998413086","5.34668445378401","5.32158506838731","4.87114173892375","","","","4.5040397644043",
"Belgium","BEL","Government expenditure on education, total (% of GDP)","SE.XPD.TOTL.GD.ZS","","","","","","","","","","","","","","","","5.76281976699829","5.73104000091553","5.98883008956909","5.43633985519409","5.38035011291504","5.31063985824585","5.4353199005127","5.3167200088501","","","","4.8522801399231","4.57711982727051","4.30071020126343","","","","","5.37233018875122","5.41103982925415","2.98866009712219","3.04948997497559","","","","","","","","","5.79584980010986","","","6.33294010162354","6.43465995788574","6.44078016281128","6.38481998443604","6.56625986099243","6.60135984420776","6.55866003036499","6.46963977813721","6.48613023757935","6.44915008544922","6.38883018493652","6.32381010055542","6.75470018386841","6.38081979751587","6.27611017227173","","","",
"Benin","BEN","Government expenditure on education, total (% of GDP)","SE.XPD.TOTL.GD.ZS","","","","","","","","","","","","","","","","","","","","","","","","","","","","","","","","","","","","","","","2.74787998199463","1.9219399690628","2.11366009712219","2.36509990692139","2.15949010848999","2.28315997123718","2.56690001487732","2.6566801071167","2.56340003013611","2.36331009864807","2.77728009223938","3.08927011489868","3.67997002601623","","3.56202006340027","3.3275101184845","3.161789894104","3.17298007011414","2.89910006523132","3.53558993339539","2.93161988258362","2.73204741460628","2.89898431911618","3.09692638090381","3.0972642678305","3.22974322056608","","",
"Burkina Faso","BFA","Government expenditure on education, total (% of GDP)","SE.XPD.TOTL.GD.ZS","","","","","","","","","","","","","","","","","","","1.67982995510101","","1.9617999792099","","","1.75448000431061","","1.76396000385284","","","1.42607998847961","","","","","","3.45110988616943","","1.44026005268097","","","","","","","","","3.94112992286682","3.98218989372253","4.07982015609741","","","3.50222992897034","3.98515009880066","3.60315990447998","4.08343982696533","4.05329990386963","3.67008996009827","","5.62846994400024","5.488609790802","5.45615632520251","5.21148277030166","5.24913346712028","5.29456753304241","5.32757840997187","","",
"Bangladesh","BGD","Government expenditure on education, total (% of GDP)","SE.XPD.TOTL.GD.ZS","","","","","","","","","","","","","","","","","","","","1.13093996047974","0.937600016593933","1.07149994373322","1.01163995265961","1.03267002105713","1.22302997112274","1.27118003368378","1.34349000453949","1.51364004611969","","","1.51911997795105","1.42566001415253","1.63177001476288","1.69263005256653","","","","1.95247995853424","","2.13281989097595","2.12507009506226","2.17193007469177","2.01714992523193","2.06940007209778","1.94014000892639","","2.13128995895386","2.20221996307373","2.0545699596405","1.93941998481751","","2.13269996643066","2.17549991607666","1.96616995334625","2.09871663086838","1.87225417109978","1.28183996677399","2.11342875356648","2.09477473545666","1.13094997406006","2.13974351741877","2.17090882504654","2.08538657806243","2.16213826344701","2.0343847791384","",
"Bulgaria","BGR","Government expenditure on education, total (% of GDP)","SE.XPD.TOTL.GD.ZS","","","","","","","","","","","","","","","","","","","","","3.52947998046875","","","","","","","","","","4.45406007766724","5.42961978912354","5.26045989990234","4.95048999786377","4.1706600189209","2.37207007408142","2.23007988929748","","2.73942995071411","","","3.38423991203308","3.38608002662659","3.99845004081726","4.24988985061646","4.10879993438721","3.90346002578735","3.680340051651","4.2190899848938","4.27429008483887","3.85746002197266","3.54690003395081","3.47650003433227","4.05766010284424","4.19388008117676","3.88469004631042","3.81435990333557","4.07754993438721","4.05201005935669","4.21430015563965","4.48298978805542","4.7092399597168","4.50109004974365","","","",
"Bahrain","BHR","Government expenditure on education, total (% of GDP)","SE.XPD.TOTL.GD.ZS","","","","","","","","","","","2.01217007637024","2.30781006813049","2.02393007278442","","","","","","","","","","","","","","","","","","","","","","","","","","","","","","","","","","2.87440991401672","2.57500004768372","2.49677991867065","","2.35114974984976","2.31235396487985","2.54483008384705","2.38286995887756","2.36918997764587","2.55344009399414","2.80248290251154","2.21637010574341","2.38893976833662","2.11146982812491","2.05801907522052","1.85115940115918","1.71192127094005","1.88778167912993","","",
"Bahamas, The","BHS","Government expenditure on education, total (% of GDP)","SE.XPD.TOTL.GD.ZS","","","","","","","","","","","","","","","","","","","","","","","","","","","","","","","","","","","","","","","","","2.23284006118774","","","","","","","","","","2.45165990475209","2.35576638581195","2.30391197238935","2.4242884241713","2.24714705533939","2.2723175918231","2.58786212973921","2.69510162053495","2.49264112462151","2.62573176503127","3.7125229961238","3.04890655208507","2.62367021406169","2.74191570247934","","",
"Bosnia and Herzegovina","BIH","Government expenditure on education, total (% of GDP)","SE.XPD.TOTL.GD.ZS","","","","","","","","","","","","","","","","","","","","","","","","","","","","","","","","","","","","","","","","","","","","","","","","","","","","","","","3.31473965674631","3.0181128667772","4.26451015472412","2.83868424239217","3.89297008514404","4.04449987411499","3.01954088371123","4.13622999191284","2.97012986426524","3.24564826597779","","",
"Belarus","BLR","Government expenditure on education, total (% of GDP)","SE.XPD.TOTL.GD.ZS","","","","","","","","","","","","","","","","","","","","","","","","","","","","","","","","","","","","","","","","6.00001001358032","6.19661998748779","","","","5.7122597694397","5.8710298538208","6.07696008682251","5.15210008621216","","4.3689398765564","5.22003984451294","4.68479013442993","4.95964002609253","5.0094199180603","4.81830978393555","4.78751993179321","4.94654989242554","4.79500007629395","4.83656978607178","4.97948980331421","4.86263990402222","4.60641002655029","4.62823009490967","4.90902996063232","5.04593992233276","",
"Belize","BLZ","Government expenditure on education, total (% of GDP)","SE.XPD.TOTL.GD.ZS","","","","","","","","","","","","","","","","","","","","","","","","","","","","","","","","","","","","","","","","4.0349497795105","3.68356990814209","4.23519992828369","","3.90120005607605","4.0096697807312","","","","4.29996013641357","4.8011999130249","5.24251985549927","5.51786910233588","5.47351989539787","5.12474012374878","5.1395001411438","5.35711002349854","5.72603988647461","5.95071983337402","6.12779998779297","5.96377992630005","5.21301984786987","5.96298980712891","4.60415983200073","4.23143005371094","4.62276317232973","",
"Bermuda","BMU","Government expenditure on education, total (% of GDP)","SE.XPD.TOTL.GD.ZS","","","","","","","","","","","","","","4.10790014266968","","3.43442010879517","","","","","","","","","","3.03449010848999","","","","","3.13619995117188","3.15065002441406","3.47604990005493","","","","","","2.15227007865906","","","","","1.6662700176239","1.77587997913361","1.98877000808716","","","","2.28920006752014","2.30668997764587","2.19656988306324","2.38597137100485","2.2795032068669","1.5368800163269","1.50163996219635","2.03905874199287","1.32495999336243","1.93595466792564","1.92679827239971","1.74834797496856","1.94565325816336","1.77583338857166","1.86510440752276","","",
"Bolivia","BOL","Government expenditure on education, total (% of GDP)","SE.XPD.TOTL.GD.ZS","","","","","","","","","","","","","","","","","","","","","","","","","","","","","","","","","","","","","","","","","","","","","","","6.43421983718872","6.7204999923706","6.72301006317139","7.57484006881714","6.97377014160156","6.45054006576538","6.62799978256226","6.80321979522705","7.47811985015869","8.1434497833252","8.15062046051025","8.09722995758057","8.01585960388184","8.09103012084961","8.43710994720459","7.96216011047363","7.57551002502441","7.89381980895996","7.53980016708374","",
"Brazil","BRA","Government expenditure on education, total (% of GDP)","SE.XPD.TOTL.GD.ZS","","","","","","","","","","","","","","","","","","","","","","","","","","","","","","","","","","","","4.56816005706787","","","4.75666999816895","3.80062007904053","3.94893002510071","3.84467005729675","3.75037002563477","","3.97448992729187","4.47909021377563","4.87060022354126","4.97426986694336","5.26884984970093","5.46355009078979","5.64879989624023","5.73741006851196","5.85510015487671","5.8388500213623","5.94848012924194","6.24105978012085","6.31403017044067","6.32047986984253","6.08851003646851","5.96346998214722","5.7714900970459","5.4969801902771","5.61920976638794","","","",
"Barbados","BRB","Government expenditure on education, total (% of GDP)","SE.XPD.TOTL.GD.ZS","","","","","","","","","","","","6.15065002441406","6.79071998596191","6.72242021560669","7.52374982833862","","5.94479990005493","6.51715993881226","","","","","","","","","","","","","","6.63870000839233","","","","","","","","4.34123992919922","4.71585988998413","6.05536985397339","5.88062000274658","6.24569988250732","6.02428007125854","5.66965007781982","","5.22061014175415","4.92074012756348","5.11040019989014","6.05261993408203","","4.58823013305664","4.50306987762451","5.35950994491577","5.15997517232471","4.19719982147217","3.956209897995","5.40447825597088","3.72228002548218","3.86529994010925","4.49793004989624","4.14000988006592","3.7754499912262","3.55593188106322","",
"Brunei Darussalam","BRN","Government expenditure on education, total (% of GDP)","SE.XPD.TOTL.GD.ZS","","","","","","","","","","","6.23915004730225","4.99501991271973","4.03928995132446","8.79329013824463","1.57027995586395","0.917890012264252","0.917750000953674","","1.00110995769501","0.716929972171783","0.54381000995636","0.753610014915466","0.810209989547729","","","","","2.65351009368896","3.20917010307312","2.80970001220703","2.30816006660461","2.16112995147705","2.47772002220154","2.84204006195068","","","","","3.83446002006531","3.59609007835388","3.38460993766785","","","","","","","","","","1.84384000301361","3.32213997840881","2.88964009284973","","3.35321998596191","","4.42539978027344","","","","","","","","","",
"Bhutan","BTN","Government expenditure on education, total (% of GDP)","SE.XPD.TOTL.GD.ZS","","","","","","","","","","","","1.87578999996185","1.65056002140045","","","3.09239006042481","","","2.5100200176239","3.47623991966248","","","","","","","","","","","","","","","","","","","","","5.78675985336304","5.44985008239746","","","6.12311983108521","6.76420021057129","","","4.56950998306274","4.41887998580933","3.82318997383118","4.31658983230591","","5.16565990447998","5.4618501663208","6.92886018753052","6.4044599533081","6.61724996566772","6.47810983657837","4.50982783818663","5.46991778261464","6.5983860642268","7.46981980280053","5.84518003463745","","",
"Botswana","BWA","Government expenditure on education, total (% of GDP)","SE.XPD.TOTL.GD.ZS","","","","","","","","","","","","4.38723993301392","3.90638995170593","3.2627899646759","3.67424011230469","5.64942979812622","6.06396007537842","5.40031003952026","5.95213985443115","6.14172983169556","5.46931982040405","","","5.55226993560791","5.55166006088257","5.65072011947632","5.18592977523804","6.11773014068604","6.15111017227173","","5.73963022232056","","6.84061002731323","","","","","","","","","","","","","10.6785898208618","","9.04666996002197","","9.8253002166748","","10.8265537416631","8.1098729741114","8.0172064061589","7.88874188960311","8.39457941644674","8.73589296358928","7.80924443947392","7.9053860532971","8.3989966033446","8.05833660991541","","","","","",
"Central African Republic","CAF","Government expenditure on education, total (% of GDP)","SE.XPD.TOTL.GD.ZS","","","","","","","","","","","","","","","","","","","3.17052006721497","","","","","","","","2.20775008201599","2.54804992675781","","","2.2441999912262","2.27630996704102","","","","","","","","1.69001996517181","1.61265003681183","","1.5195699930191","1.53979003429413","1.6245299577713","1.65222001075745","1.41506004333496","1.31332004070282","1.29000997543335","1.25458002090454","1.11760997772217","1.10792005062103","1.98034724839473","2.63821423826355","2.22015331698693","1.9102285875012","1.75408898250234","1.75365013911465","1.56587596817535","1.76792074637361","2.14468061163977","1.8725169173301","2.11509129476365","1.82995911310419","","",
"Canada","CAN","Government expenditure on education, total (% of GDP)","SE.XPD.TOTL.GD.ZS","","","","","","","","","","","","7.6842999458313","7.58980989456177","7.01386022567749","6.66714000701904","6.42132997512817","6.69841003417969","6.71090984344482","7.07383012771606","6.69220018386841","6.46289014816284","6.40900993347168","6.49725008010864","6.85547018051147","6.61841011047363","6.18943023681641","6.02058982849121","6.29827976226807","6.15022993087769","6.07406997680664","5.96922016143799","6.85951995849609","6.74663019180298","7.67834997177124","6.65829992294312","6.30476999282837","","","5.49377012252808","5.53079986572266","5.42330980300903","4.95304012298584","4.99306011199951","","","4.76589012145996","","4.76642990112305","4.62612009048462","4.84057998657227","5.35637998580933","5.26204013824463","","4.58899021148682","4.84358978271484","4.73936986923218","4.81642007827759","4.95998001098633","4.88898992538452","4.77293014526367","4.88794994354248","4.74858999252319","4.84426021575928","","","",
"Central Europe and the Baltics","CEB","Government expenditure on education, total (% of GDP)","SE.XPD.TOTL.GD.ZS","","","","","","","","","","","","","","","","","","","","","","","","","","","","","","","","","4.9908549785614","4.67116498947144","4.69971990585327","4.61021494865417","4.31855010986328","","4.92518997192383","4.56634497642517","4.8624701499939","5.07930493354798","5.17711019515991","5.1067099571228","4.87566995620728","4.80935001373291","4.83653020858765","4.59159994125366","4.83649015426636","4.95626020431519","4.73365020751953","4.57056999206543","4.43195486068726","4.50127983093262","4.41676497459412","4.67582988739014","4.61468505859375","4.07754993438721","4.21541023254395","4.26779985427856","4.62503004074097","4.65407991409302","4.31669998168945","","","",
"Switzerland","CHE","Government expenditure on education, total (% of GDP)","SE.XPD.TOTL.GD.ZS","","","","","","","","","","","3.3925199508667","3.49644994735718","3.65761995315552","3.91472005844116","4.11416006088257","4.37445020675659","4.47359991073608","4.49635982513428","4.370530128479","4.34770011901855","4.2340202331543","4.1969199180603","4.26316022872925","4.36717987060547","4.22711992263794","4.1746301651001","4.21008014678955","4.16635990142822","4.23080015182495","4.14316987991333","4.39194011688232","4.5450701713562","","4.94459009170532","4.90888977050781","4.9128999710083","4.92260980606079","","4.75152015686035","4.75953006744385","4.65878009796143","4.82218980789185","5.17882013320923","5.38400983810425","5.3142900466919","5.08472013473511","4.84120988845825","4.58396005630493","4.75724983215332","4.92561006546021","4.80210018157959","4.85663986206055","4.89862012863159","4.91392993927002","4.93057012557983","4.99560022354126","4.98164987564087","5.01765012741089","4.9300799369812","5.01438999176025","5.27676010131836","5.02535009384155","4.86427021026611","","","",
"Channel Islands","CHI","Government expenditure on education, total (% of GDP)","SE.XPD.TOTL.GD.ZS","","","","","","","","","","","","","","","","","","","","","","","","","","","","","","","","","","","","","","","","","","","","","","","","","","","","","","","","","","","","","","","","","","",
"Chile","CHL","Government expenditure on education, total (% of GDP)","SE.XPD.TOTL.GD.ZS","","","","","","","","","","","","","","","3.66648006439209","3.50703001022339","","","2.99899005889893","3.41297006607056","4.14156007766724","4.82065010070801","","","","","","2.7789900302887","","","2.23059010505676","","","2.35279989242554","2.49258995056152","2.55165004730225","2.77720999717712","2.98516988754273","3.32312989234924","3.7083899974823","3.75707006454468","","4.04881000518799","3.91868996620178","3.54307007789612","3.28016996383667","3.04014992713928","3.2331600189209","3.79189991950989","4.25475978851318","4.18953990936279","4.06173992156982","","4.54814004898071","4.75168991088867","4.90390014648438","5.36645984649658","5.43278980255127","5.473060131073","5.62629985809326","5.62992000579834","5.00225019454956","4.91201019287109","","","",
"China","CHN","Government expenditure on education, total (% of GDP)","SE.XPD.TOTL.GD.ZS","","","","","","","","","","","","1.38654005527496","1.6021900177002","1.64819002151489","1.75835001468658","1.70580995082855","1.81353998184204","1.74663996696472","1.95560002326965","2.1445300579071","1.90851998329163","1.94532001018524","2.03061008453369","2.07294011116028","1.99481999874115","2.00441002845764","2.05778002738953","1.80106997489929","1.7611700296402","","","","1.64842998981476","1.65106999874115","1.97658002376556","1.83266997337341","1.84320998191833","","1.82997000217438","1.87120997905731","","","","","","","","","","","","","","","","","","","","","","","","3.89714002609253","","",
"Cote d'Ivoire","CIV","Government expenditure on education, total (% of GDP)","SE.XPD.TOTL.GD.ZS","","","","","","","","","","","5.86538982391357","","7.53185987472534","7.04560995101929","5.69039011001587","6.78573989868164","6.46212005615234","","6.75367021560669","8.23138999938965","6.85975980758667","","","","","","","","","","","","6.78113985061646","6.50304985046387","4.78869009017944","4.3014497756958","2.72476005554199","2.61811995506287","2.4349799156189","2.68528008460998","2.40031003952026","2.44477009773254","2.81047010421753","2.8643798828125","2.91176009178162","2.91943001747131","2.81998991966248","3.01614999771118","3.09853005409241","3.1739399433136","3.24651002883911","2.8657500743866","3.43445992469788","3.45859003067017","3.31416988372803","3.49412989616394","3.93593001365662","3.73654007911682","3.21164989471436","3.4130699634552","3.78674006462097","3.32717990875244","3.47484993934631","3.39421010017395","3.61279988288879","",
"Cameroon","CMR","Government expenditure on education, total (% of GDP)","SE.XPD.TOTL.GD.ZS","","","","","","","","","","","","3.07986998558044","3.36388993263245","","","","","","","","","","2.98497009277344","3.4968900680542","3.24637007713318","","2.84834003448486","2.93091011047363","2.71473002433777","2.64896011352539","3.28710007667542","3.22023010253906","2.75099992752075","","","","","","","","1.70284998416901","2.29733991622925","","2.82259011268616","2.79530000686646","2.65652990341186","2.53990006446838","2.87814998626709","2.49826002120972","2.90790009498596","2.84802007675171","2.65335988998413","2.60304999351502","2.65546989440918","2.58396005630493","2.65791010856628","2.56234002113342","3.05961990356445","3.03096008300781","3.0473994932468","3.10390139858492","2.8493076272306","2.65952378267367","2.83907623667935","","",
"Congo, Dem. Rep.","COD","Government expenditure on education, total (% of GDP)","SE.XPD.TOTL.GD.ZS","","","","","","","","","","","","","","","","","","","","","2.26730990409851","2.53504991531372","2.79981994628906","1.29945003986359","0.70414000749588","0.825699985027313","0.722500026226044","0.861199975013733","0.814840018749237","","","","","","","","","","","","","","","","","","","","","","1.5249799489975","","","2.06220006942749","1.95142996311188","2.17043995857239","2.1186900138855","1.45494997501373","","","2.62263835311571","2.66048474102788","2.84466514463005","","","",
"Congo, Rep.","COG","Government expenditure on education, total (% of GDP)","SE.XPD.TOTL.GD.ZS","","","","","","","","","","","5.7322998046875","5.550950050354","","5.238450050354","","7.74302005767822","","","8.41331005096436","7.03813982009888","6.35924005508423","","","","","","","","","","","","","","6.37311983108521","4.91033983230591","","","4.06827020645142","","","","3.20831990242004","2.8361599445343","2.28813004493713","1.6810200214386","","","","","5.6867299079895","2.64652978173867","2.73923061622047","5.0138814089415","3.18255996704102","3.13882994651794","4.87114096878621","4.17235994338989","2.77167010307312","3.24716413970868","4.22208879466149","3.31281536274069","2.72738253259215","3.34005209256916","","",
"Colombia","COL","Government expenditure on education, total (% of GDP)","SE.XPD.TOTL.GD.ZS","","","","","","","","","","","","","","","","","","","","1.75434005260468","1.72912001609802","2.59723997116089","","","3.00429010391235","2.71527004241943","","","","2.70525002479553","","","","","","","","","3.92645001411438","4.44080018997192","3.5112099647522","3.70867991447449","4.26812982559204","4.32513999938965","4.07934999465942","4.02098989486694","3.91671991348267","4.08301019668579","3.9387800693512","4.77651977539062","4.83382987976074","4.46608018875122","4.37038993835449","4.87855005264282","4.62945985794067","4.47038984298706","4.47721004486084","4.53551006317139","4.44910001754761","4.51068019866943","5.26166009902954","","","","","",
"Comoros","COM","Government expenditure on education, total (% of GDP)","SE.XPD.TOTL.GD.ZS","","","","","","","","","","","","","","","","","","","","","","","","","","","","","","","","","","","","","","","2.20135998725891","","","","2.25841999053955","","","","","","4.42264986038208","","","2.8304500579834","2.74783992767334","2.3827600479126","2.74472999572754","2.5450599193573","","","","","2.37805076679617","2.27485390045927","2.43164424110924","2.34146896682989","","",
"Cabo Verde","CPV","Government expenditure on education, total (% of GDP)","SE.XPD.TOTL.GD.ZS","","","","","","","","","","","","","","","","","","","","","","","","","","","","","","","","","","","","","","","6.39176988601685","6.80168008804321","","","7.87682008743286","","7.47664022445679","","6.52960014343262","4.95982980728149","5.03464984893799","4.86588001251221","5.0765700340271","4.59785985946655","5.39769575795208","4.56156015396118","4.52133989334106","4.80622005462646","4.75475978851318","4.59278011322021","4.78792270184537","4.16528987884521","7.09400702406662","6.15490303089284","4.7252554800722","4.3482854136693","","",
"Costa Rica","CRI","Government expenditure on education, total (% of GDP)","SE.XPD.TOTL.GD.ZS","","","","","","","","","","","","","","","","","","","","","7.34716987609863","","4.88506984710693","4.95777988433838","","","4.42026996612549","","4.01322984695435","4.07784986495972","","","","","","3.35273003578186","3.89071011543274","","","5.39436006546021","4.66695022583008","4.83203983306885","5.15044021606445","5.13373994827271","4.89062976837158","","4.61614990234375","4.63449001312256","4.88697004318237","6.01031017303467","6.56575012207031","6.37988996505737","6.58239984512329","6.68738985061646","6.67953014373779","6.87349987030029","6.89395999908447","7.06981992721558","6.76992988586426","6.73809003829956","6.62899017333984","6.24842977523804","5.5472297668457","5.31208992004395","","",
"Caribbean small states","CSS","Government expenditure on education, total (% of GDP)","SE.XPD.TOTL.GD.ZS","","","","","","","","","","","","","","","","","","","","","3.76807999610901","","5.45739984512329","5.76660013198853","5.87390995025635","5.76774978637695","","","","4.1998701095581","3.65412998199463","","","","3.43180990219116","3.55854988098144","3.24876999855042","3.3252100944519","2.43892002105713","2.75611996650696","2.75565004348755","3.06528997421265","3.54300999641419","3.13660001754761","","","","","","","4.21155458844183","3.85078840215008","3.57398000577018","3.75275872925405","3.59013796983043","4.42459330779419","4.21428227509361","3.3293687903123","3.47141762674052","3.55386116245268","4.22041988372803","3.04397988319397","2.81801009178162","3.23358011245727","","",
"Cuba","CUB","Government expenditure on education, total (% of GDP)","SE.XPD.TOTL.GD.ZS","","","","","","","","","","","","","","","","","","","","","8.36909008026123","","","","","","","","","","","7.14496994018555","","7.07476997375488","5.61948013305664","","","","6.20873022079468","6.75523996353149","7.70481014251709","8.3580904006958","9.57116985321045","9.9408597946167","10.2682304382324","10.5577802658081","9.05716991424561","11.8682098388672","14.0590801239014","13.1248598098755","12.8373098373413","","11.5516604913797","10.67169596101","9.6074568445536","8.9633578559392","9.01309318032688","8.44413540438793","8.02498461098619","9.04700486137163","11.5248184008093","9.3858620562531","8.44086351669284","","","",
"Curacao","CUW","Government expenditure on education, total (% of GDP)","SE.XPD.TOTL.GD.ZS","","","","","","","","","","","","","","","","","","","","","","","","","","","","","","","","","","","","","","","","","","","","","","","","","","","","5.64725392834695","5.38283590387706","5.11633014678955","5.95464718602819","5.95011209033324","6.23495389518939","5.91444785594951","5.93873270793721","5.81155632881729","7.11645238834347","6.18160236726664","6.08167033605813","5.30074159005788","5.44313725490196","",
"Cayman Islands","CYM","Government expenditure on education, total (% of GDP)","SE.XPD.TOTL.GD.ZS","","","","","","","","","","","","","","","","","","","","","","","","","","","","","","","","","","","","","","","","","","","","","","","","","","","","","","","","","","","2.16376945997106","1.13670003414154","1.45542001724243","1.31253004074097","1.48894000053406","1.57024002075195","","",
"Cyprus","CYP","Government expenditure on education, total (% of GDP)","SE.XPD.TOTL.GD.ZS","","","","","","","","","","","","","","","","4.33502006530762","3.81970000267029","3.38548994064331","3.31234002113342","3.35313010215759","3.42600989341736","3.79132008552551","3.73178005218506","","3.60191011428833","3.58696007728577","3.48897004127502","3.4487099647522","3.37546992301941","3.37627005577087","3.33924007415771","3.57539010047913","3.78029990196228","4.09555006027222","4.15996980667114","3.74123001098633","","","","4.7720799446106","4.98954010009766","5.11552000045776","5.58166980743408","6.6702299118042","6.11772012710571","6.28667020797729","6.33027982711792","6.28083992004395","6.72277021408081","7.20547008514404","6.52559995651245","6.52042007446289","","6.46747016906738","6.42111015319824","6.30491018295288","6.11811017990112","5.69961977005005","","5.16293001174927","5.56462001800537","5.08247995376587","4.74210977554321","","","",
"Czechia","CZE","Government expenditure on education, total (% of GDP)","SE.XPD.TOTL.GD.ZS","","","","","","","","","","","","","","","","","","","","","","","","","","","","","","","","","3.72541999816894","4.12948989868164","4.61730003356934","4.48584985733032","4.2188401222229","","3.55989003181458","3.64439988136292","3.61999011039734","3.71491003036499","3.9390299320221","4.10311985015869","3.98130011558533","3.86250996589661","4.19625997543335","3.85006999969482","3.73207998275757","4.1553201675415","3.99341988563538","4.20787000656128","4.19049978256226","4.02132987976074","3.93603992462158","5.71913003921509","5.50080013275146","3.75574994087219","4.21541023254395","4.46737003326416","4.62503004074097","4.65163993835449","4.30291986465454","","","",
"Germany","DEU","Government expenditure on education, total (% of GDP)","SE.XPD.TOTL.GD.ZS","","","","","","","","","","","","","","","","","","","","","","","","","","","","","","","","","","4.39173984527588","4.31664991378784","4.41835021972656","4.47798013687134","","4.44445991516113","","","","","","","","","","4.47337007522583","","4.99525022506714","4.88583993911743","4.83153009414673","4.83911991119385","4.82582998275757","4.76157999038696","4.76321983337402","4.77830982208252","4.88401985168457","5.02757978439331","5.51600980758667","5.36734008789062","5.23916006088257","","","",
"Djibouti","DJI","Government expenditure on education, total (% of GDP)","SE.XPD.TOTL.GD.ZS","","","","","","","","","","","","","","","","","","","","","","","","","","","","","","","","","","","","","","","","7.62947988510132","9.65999984741211","7.80539989471435","8.44758987426758","8.88988971710205","9.26467037200928","8.36588954925537","8.27877998352051","8.40625","","","4.49022006988525","","6.35127551762696","4.64782533103312","4.38407521258509","3.59895992279053","3.92226004600525","3.73344993591309","3.75143003463745","","","","","","","",
"Dominica","DMA","Government expenditure on education, total (% of GDP)","SE.XPD.TOTL.GD.ZS","","","","","","","","","","","","","","","","","","","","","","","","","","","","","","4.28990983963013","","","","","","","","","5.73984003067017","4.02858018875122","","","","","","","","","","","","","4.52896287885139","4.35428103166344","4.33216630134647","3.09856009483337","5.12971951862684","4.71605005720456","5.1536046272165","4.88721990585327","4.45777988433838","5.71689183034862","6.04314243406571","4.69423746286593","5.38572189060925","",
"Denmark","DNK","Government expenditure on education, total (% of GDP)","SE.XPD.TOTL.GD.ZS","","","","","","","","","","","5.95552015304565","6.39340019226074","6.48179006576538","6.268630027771","6.58820009231567","6.72235012054443","","5.68040990829468","5.75755977630615","5.58436012268066","5.93732976913452","","","","","","5.86020994186401","6.09092998504639","6.33601999282837","5.84318017959595","","5.59853982925415","","7.77740001678467","7.47797012329102","7.4773998260498","7.89128017425537","","8.11200046539307","7.93461990356445","8.09002017974854","8.21092987060547","8.20600032806396","8.10986042022705","8.1876802444458","8.06474018096924","7.71623992919922","7.59683990478516","7.441969871521","8.41279029846191","8.55023002624512","8.47716045379639","7.24570989608765","8.46860980987549","7.63833999633789","","7.71534013748169","7.3700098991394","7.32747983932495","7.27585983276367","7.38574981689453","6.95915985107422","6.35586023330688","","","",
"Dominican Republic","DOM","Government expenditure on education, total (% of GDP)","SE.XPD.TOTL.GD.ZS","","","","","","","","","","","2.64078998565674","","","","","","","","","","","","1.53891003131866","1.46382999420166","1.33455002307892","1.21019005775452","","","","","","","","0.773949980735779","0.893369972705841","1.03330004215241","1.22724997997284","","","","1.88829004764557","1.96782994270325","1.9140100479126","1.84465003013611","","","","2.04678010940552","","","1.88728788680129","1.87925755786153","","3.62818152019188","3.62243443144513","3.60400277306673","3.85049560792469","3.92026752279272","3.92849467476802","4.04276873126053","4.51769850778985","3.58043271614957","3.61088872070271","3.7606477375256","","",
"Algeria","DZA","Government expenditure on education, total (% of GDP)","SE.XPD.TOTL.GD.ZS","","","","","","","","","","","","","","","","","","","","7.18201017379761","6.59742021560669","","","","","","","","","","","","","","","","","","","","","","","","","","","","4.11142015457153","","8.6917709007891","9.12453448642892","7.02950889772261","6.65906035504841","6.54889841545277","6.17633014564047","6.50210843472458","5.73482350888796","5.8127512720176","5.57536563446523","6.19391724496515","5.51403281769924","4.74924673000603","5.61015717726636","8.97772026062012","",
"East Asia & Pacific (excluding high income)","EAP","Government expenditure on education, total (% of GDP)","SE.XPD.TOTL.GD.ZS","","","","","","","","","","","","","","","","","","","","","","","","","","","","","","","","","","","","2.24833500385284","2.6866649389267","3.51326501369476","","","4.20893001556396","2.69233500957489","2.89222002029419","","2.74846005439758","","","3.07841992378235","3.50850009918213","3.86193990707398","3.77720499038697","3.7802300453186","4.47245001792908","4.32617497444153","3.54012312110584","3.58361005783081","3.46906995773315","3.44198917089946","2.76635312459968","2.5778339953863","3.15314171737183","2.94517488804327","2.28490151187525","3.01801614079218","","",
"Early-demographic dividend","EAR","Government expenditure on education, total (% of GDP)","SE.XPD.TOTL.GD.ZS","","","","","","","","","","","","","","","","","","","","","","","","","","","","","","","","","","","","","","","","4.11037015914917","3.8178950548172","4.07168006896973","3.52009010314941","","","","4.12821006774902","3.60984992980957","4.11142015457153","","4.00675010681152","3.87058997154235","4.20262503623962","4.4985499382019","3.89878023242693","4.0238801240921","4.00170004367829","3.93130993843079","3.8861300945282","3.48983027194334","4.0905654220699","3.86070382057691","3.59546935615519","3.393709897995","","",
"East Asia & Pacific","EAS","Government expenditure on education, total (% of GDP)","SE.XPD.TOTL.GD.ZS","","","","","","","","","","","","","","","","","","","","","2.98676490783691","","3.90329003334045","","","","","","","","","","","","","","","","","","","","3.6369549036026","","3.53943502902985","","","3.17887997627258","3.26652002334595","3.86193990707398","3.5100200176239","3.51174998283386","3.50960993766785","3.94216501712799","3.54012312110584","3.50010727729012","3.38517552407879","3.41865686539527","3.19769395901619","3.08499832693462","3.30628991127014","2.98212428478268","2.88738689372749","3.51481008529663","","",
"Europe & Central Asia (excluding high income)","ECA","Government expenditure on education, total (% of GDP)","SE.XPD.TOTL.GD.ZS","","","","","","","","","","","","","","","","","","","","","","","","","","","","","","","","","","","","","","","","3.75531995296478","3.41942000389099","","3.09207999706268","","3.28925001621246","3.35618495941162","3.25310504436493","3.41326999664307","","4.2055299282074","","4.00433015823365","3.95983358975396","4.67710995674133","4.41256999969482","4.30550003051758","4.44612503051758","3.94454503059388","4.095134973526","4.04449987411499","4.38613486289978","4.13580989837646","3.66751503944397","3.70918011665344","","",
"Europe & Central Asia","ECS","Government expenditure on education, total (% of GDP)","SE.XPD.TOTL.GD.ZS","","","","","","","","","","","","","","","","","","","","","","","","","","","","","","","","","","4.95048999786377","4.76287984848022","4.5927300453186","4.48169016838074","","4.44445991516113","4.4996600151062","4.16786003112793","4.57992005348206","4.44545984268188","4.8012900352478","4.80561494827271","4.87698984146118","4.90769004821777","4.71541976928711","4.90972995758057","5.06263017654419","5.14355993270874","4.85663986206055","4.80692505836487","4.99779987335205","4.82582998275757","4.78751993179321","4.82350015640259","4.64034986495972","4.64193511009216","4.60705995559693","4.85690999031067","4.7092399597168","4.56857490539551","","","",
"Ecuador","ECU","Government expenditure on education, total (% of GDP)","SE.XPD.TOTL.GD.ZS","","","","","","","","","","","2.00283002853394","1.87940001487732","","","","","","2.41883993148804","","","","","","","4.20342016220093","5.23334980010986","6.87237977981567","","","","","","","","","1.99764001369476","","","2.19536995887756","1.54734003543854","1.20265996456146","","","","","","","","","4.51763010025024","4.60028982162476","4.74424982070923","4.65310001373291","4.92997980117798","5.21019983291626","5.10570001602173","4.46397668804552","4.60667733499397","4.6250260585881","4.24576997756958","4.26103019714355","3.65649008750915","3.61301994323731","3.81964993476868","3.69074988365173","",
"Egypt, Arab Rep.","EGY","Government expenditure on education, total (% of GDP)","SE.XPD.TOTL.GD.ZS","","","","","","","","","","","","4.52992010116577","4.5378999710083","","5.2266697883606","4.8924298286438","4.94342994689941","4.54958009719849","4.94112014770508","","4.2803201675415","","5.60830020904541","5.22148990631104","","","","","4.52521991729736","4.6000599861145","","","4.05067014694214","4.19770002365112","4.58375978469849","4.60400009155273","4.67156982421875","","","","","","","4.94563007354736","4.67072010040283","4.79442977905273","4.00178003311157","3.68460988998413","3.76082992553711","","","","","","","","","","","","","","","","","",
"Euro area","EMU","Government expenditure on education, total (% of GDP)","SE.XPD.TOTL.GD.ZS","","","","","","","","","","","","","","","4.27873992919922","","4.38359999656677","","4.38827991485596","4.79649019241333","","","","","","","4.8522801399231","4.66263008117676","4.58149504661561","","4.50470495223999","4.78267002105713","5.0056300163269","4.95048999786377","4.68550992012024","4.61330986022949","4.75392007827759","","4.48938488960266","4.50165987014771","4.58325004577637","4.96075010299682","4.78904008865356","5.0199499130249","4.95843005180359","4.87698984146118","4.90769004821777","4.71541976928711","4.99737977981567","5.59510493278503","5.40499019622803","5.15469980239868","4.94226980209351","5.23177003860474","4.9729449748993","4.89425992965698","4.82350015640259","4.77830982208252","4.5368549823761","4.6275200843811","5.14444994926452","4.94782495498657","4.74210977554321","","","",
"Eritrea","ERI","Government expenditure on education, total (% of GDP)","SE.XPD.TOTL.GD.ZS","","","","","","","","","","","","","","","","","","","","","","","","","","","","","","","","","","","","","1.63855004310608","","4.62058019638062","5.26281023025513","","4.0471601486206","3.52390003204346","","3.14896988868713","","2.12700009346008","","","","","","","","","","","","","","","","","","","",
"Spain","ESP","Government expenditure on education, total (% of GDP)","SE.XPD.TOTL.GD.ZS","","","","","","","","","","","1.83431994915009","1.89063000679016","2.0661199092865","","1.46060001850128","","1.900750041008","2.07864999771118","2.23232007026672","2.33973002433777","","","","","","","","3.13040995597839","3.33067989349365","3.55431008338928","3.63618993759155","3.74501991271973","3.83991003036499","4.24793004989624","4.48788022994995","4.43779993057251","4.45979976654053","","4.29121017456055","4.26387977600098","4.16786003112793","4.11147022247315","4.13351011276245","4.17126989364624","4.15485000610352","4.14090013504028","4.17999982833862","4.24615001678467","4.51630020141602","4.89520978927612","4.83606004714966","4.71897983551025","4.46012020111084","4.32852983474731","4.27524995803833","4.24903011322021","4.19327020645142","4.17846012115479","4.15045022964478","4.20255994796753","4.85118007659912","4.81316995620728","4.58553981781006","","","",
"Estonia","EST","Government expenditure on education, total (% of GDP)","SE.XPD.TOTL.GD.ZS","","","","","","","","","","","","","","","","","","","","","","","","","","","","","","","","","5.28141021728516","5.69822978973389","5.49428987503052","5.89866018295288","6.0549201965332","6.33788013458252","6.23536014556885","6.65249013900757","5.33945989608765","5.23217010498047","5.433030128479","5.27171993255615","4.87566995620728","4.80935001373291","","4.6196699142456","5.48375988006592","5.9597601890564","5.51753997802734","4.99514007568359","4.67340993881226","4.78006982803345","4.32586002349854","5.05127000808716","5.05511999130249","4.86288022994995","5.13962984085083","5.16415023803711","5.44180011749268","5.21514987945557","5.20733976364136","","","",
"Ethiopia","ETH","Government expenditure on education, total (% of GDP)","SE.XPD.TOTL.GD.ZS","","","","","","","","","","","","1.19766998291016","1.31442999839783","","","","","2.15985989570618","1.9349399805069","2.00423002243042","1.81620001792908","1.85807001590729","2.06093001365662","2.24603009223938","2.06062006950378","2.28065991401672","2.08590006828308","","","","","","","2.29690003395081","","","2.70707988739014","2.69079995155335","","","3.88614988327026","3.7002899646759","3.63245010375977","","","","5.49094009399414","5.45110988616943","5.40819978713989","4.42207002639771","4.49659013748169","5.4857702255249","5.56677007675171","4.4985499382019","4.60201978683472","4.73791868878759","5.06151399998447","5.49905076025271","5.22011189522399","4.48086946127054","4.0905654220699","4.06524874309096","3.73649512188829","2.9272447768927","2.2978069565991","",
"European Union","EUU","Government expenditure on education, total (% of GDP)","SE.XPD.TOTL.GD.ZS","","","","","","","","","","","","","","","","","","","","4.9272301197052","","","","","","","","","4.58149504661561","","4.5779550075531","4.88098001480103","5.0056300163269","4.95375490188598","4.69971990585327","4.67394495010376","4.75392007827759","","4.53430986404419","4.56634497642517","4.8624701499939","5.07930493354798","5.17711019515991","5.1067099571228","5.04379510879516","5.07393980026245","4.94490003585815","4.85854005813599","4.99737977981567","5.56628990173339","5.36880016326904","5.11688995361328","4.83311986923218","4.99779987335205","4.88220500946045","4.84087491035461","4.82350015640259","4.64034986495972","4.58276510238647","4.62736988067627","4.93078994750977","4.79329490661621","4.65688991546631","","","",
"Finland","FIN","Government expenditure on education, total (% of GDP)","SE.XPD.TOTL.GD.ZS","","","","","","","","","","","5.41300010681152","5.33090019226074","5.00775003433228","5.09291982650757","4.48191022872925","5.032790184021","5.22785997390747","","","4.79649019241333","4.82531976699829","4.83411979675293","4.78051996231079","4.8572301864624","4.70050001144409","5.0471601486206","5.10178995132446","5.20250988006592","5.06788015365601","5.07349014282227","5.33860015869141","6.33646011352539","6.52018976211548","7.49572992324829","6.86486005783081","6.81648015975952","6.86610984802246","","","5.87123012542725","5.71163988113403","5.84084987640381","6.01865005493164","6.168869972229","6.15823984146118","6.02582979202271","5.92960977554321","5.67164993286133","5.83046007156372","6.45998001098633","6.504310131073","6.45624017715454","7.1715497970581","7.15288019180298","7.13832998275757","7.07199001312256","6.90873003005981","6.40826988220215","6.31771993637085","6.45300006866455","6.6812801361084","6.58820009231567","6.37578010559082","","","",
"Fiji","FJI","Government expenditure on education, total (% of GDP)","SE.XPD.TOTL.GD.ZS","","","","","","","","","","","","","","","","","","","","5.19760990142822","","5.82120990753174","","6.48669004440308","","","","","","4.83109998703003","","","","","","","","","5.52470016479492","5.16864013671875","5.87773990631104","5.6431097984314","6.27586984634399","","6.20915985107422","5.16705989837646","5.6553201675415","5.89472007751465","4.25357007980347","4.49847984313965","","4.17305994033813","4.46150592221937","3.88288998603821","3.76960923580896","4.80931781024695","4.83590249175322","4.65119160575452","4.79706049383602","5.15273175975853","5.80519512902055","4.8526862712935","3.93839539074194","4.24679790890603","","",
"France","FRA","Government expenditure on education, total (% of GDP)","SE.XPD.TOTL.GD.ZS","","","","","","","","","","","3.46544003486633","3.20759010314941","3.39037990570068","3.25571990013123","4.27873992919922","4.47882986068726","4.47070980072021","4.47384023666382","4.38827991485596","4.32151985168457","4.34960985183716","4.78016996383667","4.90847015380859","4.9094500541687","4.91992998123169","4.90402984619141","4.74810981750488","4.66263008117676","4.58078002929688","4.49351978302002","4.55534982681274","4.88098001480103","4.77559995651245","5.46441984176636","5.65956020355225","5.8120698928833","5.78116989135742","","5.71147012710571","","","","","","","","","","","","","","","","","","","5.46482992172241","5.42540979385376","5.36638021469116","5.65871000289917","5.41743993759155","5.32434988021851","","","",
"Faroe Islands","FRO","Government expenditure on education, total (% of GDP)","SE.XPD.TOTL.GD.ZS","","","","","","","","","","","","","","","","","","","","","","","","","","","","","","","","","","","","","","","","","","","","","","","","","","","","","","","","","","","","","","","","","","",
"Micronesia, Fed. Sts.","FSM","Government expenditure on education, total (% of GDP)","SE.XPD.TOTL.GD.ZS","","","","","","","","","","","","","66.9003067016602","","","","","","","","","","","","","","","","","","","","","","","","","","","6.42491006851196","6.70687007904053","","","","","","","","","","","","11.7192291367391","12.3438831906748","12.2281680903257","12.407919883728","13.814728","12.6815821727019","9.94274464285714","10.6931682741117","11.5591397849462","","","","","",
"Gabon","GAB","Government expenditure on education, total (% of GDP)","SE.XPD.TOTL.GD.ZS","","","","","","","","","","","","","","","","","","","","","","","","","","","","","","","","","2.80552005767822","","","","","","3.41966009140015","3.08122992515564","3.82709002494812","","","","","","","","","","3.07808995246887","2.987459897995","3.01340007781982","3.02971005439758","2.66667008399963","2.82435985823512","2.66773089670199","3.55570801059931","3.071542956299","2.87430983233369","3.39874087928788","2.7007928993976","2.20773650357931","2.31594287726056","","",
"United Kingdom","GBR","Government expenditure on education, total (% of GDP)","SE.XPD.TOTL.GD.ZS","","","","","","","","","","","","5.03205013275146","5.15937995910645","5.44860982894897","5.39099979400635","6.26878023147583","6.42422008514404","6.06335020065308","","","5.07011985778809","5.2884202003479","5.1887001991272","5.06150007247925","4.89905977249146","4.5940899848938","4.38083982467651","4.37180995941162","4.26831007003784","4.12511014938354","4.05552005767822","4.1224799156189","4.3344898223877","","4.850830078125","4.83926010131836","4.37826013565063","","4.20707988739014","3.988450050354","4.01820993423462","4.1001501083374","4.61190986633301","4.8012900352478","4.73555994033813","4.92975997924805","4.97648000717163","4.9244499206543","4.90972995758057","5.06263017654419","5.69868993759155","5.57219982147217","","5.52529001235962","5.60134983062744","5.55453014373779","5.42795991897583","5.45254993438721","5.20438003540039","5.26116991043091","5.43936014175415","5.90681982040405","","","","",
"Georgia","GEO","Government expenditure on education, total (% of GDP)","SE.XPD.TOTL.GD.ZS","","","","","","","","","","","","","","","","","","","","","","","","","","","","","","","","","","","6.91565990447998","","","","2.10888004302979","2.15512990951538","2.18105006217956","2.13750004768372","2.23501992225647","2.06559991836548","2.91420006752014","2.48431992530823","3.00364995002747","2.69687008857727","2.9195499420166","3.22237992286682","2.76179333360622","2.5149199962616","1.86033999919891","2.8330966857175","2.94113947736272","3.10870368877345","3.52338004112244","3.52442002296448","3.46094989776611","3.82985997200012","3.80951130708125","3.59441995620727","3.75498008728027","3.70918011665344","3.98011682083814","",
"Ghana","GHA","Government expenditure on education, total (% of GDP)","SE.XPD.TOTL.GD.ZS","","","","","","","","","","","","4.22444009780884","4.62139987945557","","3.80271005630493","4.876540184021","5.82882976531982","6.09528017044067","","2.31135010719299","2.70777010917664","1.80812001228332","1.90453994274139","","","","3.35448002815247","3.3066999912262","3.18741989135742","","","","","","","","","","","4.11037015914917","","5.35444021224976","","","7.53558015823364","7.42208003997803","5.14794015884399","5.51986980438232","5.75795984268188","5.31744003295898","5.54059982299805","8.14097023010254","7.91913986206055","4.57644987106323","4.39978981018066","4.43404006958008","4.3945198059082","3.53362989425659","3.8861300945282","3.15307114842573","3.40915991351725","3.4005042684722","2.90963831638452","","","",
"Gibraltar","GIB","Government expenditure on education, total (% of GDP)","SE.XPD.TOTL.GD.ZS","","","","","","","","","","","","","","","","","","","","","","","","","","","","","","","","","","","","","","","","","","","","","","","","","","","","","","","","","","","","","","","","","","",
"Guinea","GIN","Government expenditure on education, total (% of GDP)","SE.XPD.TOTL.GD.ZS","","","","","","","","","","","","","","","","","","","","","","","","","0.334939986467362","","","","","","","1.38291001319885","1.37600994110107","1.43233001232147","","","","","","1.61954998970032","1.7786500453949","1.42785000801086","1.77897000312805","1.62612998485565","1.5156899690628","1.26814997196198","","","1.58112001419067","2.20725011825561","2.55118989944458","2.28742003440857","1.83369994163513","2.63421988487244","2.42281007766724","2.51713991165161","2.54450011253357","2.3203399181366","2.38432002067566","1.85811996459961","2.44806003570557","2.04074820610586","2.00722302981184","1.72470879088585","","",
"Gambia, The","GMB","Government expenditure on education, total (% of GDP)","SE.XPD.TOTL.GD.ZS","","","","","","","","","","","","","","","","","","","","","","","","","","4.29514980316162","3.48473000526428","","","2.97409009933472","2.82583999633789","3.78061008453369","1.16983997821808","","","2.55356001853943","2.56627988815308","","","1.56512999534607","1.46587002277374","1.15810000896454","1.44291996955872","1.36337995529175","0.622470021247864","0.691879987716675","0.751630008220673","0.816860020160675","2.18129992485046","1.90813994407654","2.56322002410889","2.50116991996765","2.63756990432739","1.81839001178741","2.23094010353088","2.16002988815308","2.0244300365448","2.45919445096525","2.36543989181519","2.80809703332656","2.88734569797808","3.04477694635226","2.89168744551701","2.80838156544977","","",
"Guinea-Bissau","GNB","Government expenditure on education, total (% of GDP)","SE.XPD.TOTL.GD.ZS","","","","","","","","","","","","","","","","","","","","","","","","","","","","","","","","","","","","","","","","2.03237009048462","","","","","","","","","","","1.68221998214722","1.76593005657196","1.8863799571991","2.01027011871338","","","","","","","","","","","","",
"Equatorial Guinea","GNQ","Government expenditure on education, total (% of GDP)","SE.XPD.TOTL.GD.ZS","","","","","","","","","","","","","","","","","","","","","","","","","","","","","","","","","","","","","","","2.18796992301941","","","","","","","","","","","","","","","","","","","","","","","","","","","",
"Greece","GRC","Government expenditure on education, total (% of GDP)","SE.XPD.TOTL.GD.ZS","","","","","","","","","","","1.56831002235413","1.32082998752594","","1.12830996513367","1.35493004322052","1.48145997524261","1.46867001056671","1.51479995250702","1.70948004722595","","","1.71667003631592","1.71063005924225","1.71249997615814","1.83555996417999","","1.85922002792358","1.8600800037384","1.89530003070831","2.04388999938965","2.07493996620178","1.96161997318268","","","","","","","2.9923300743103","3.14823007583618","3.35086011886597","3.47308993339539","3.52255010604858","3.52407002449036","3.76059007644653","4.0549201965332","","","","","","","","","","3.68238997459412","","3.46778011322021","3.57626008987427","3.55062007904053","","","3.37547993659973","","","",
"Grenada","GRD","Government expenditure on education, total (% of GDP)","SE.XPD.TOTL.GD.ZS","","","","","","","","","","","","","","","","","","","","","","","","","","","","","","","","","","","","","","","","","","","","3.92673993110657","","","","","","","5.07508233496978","5.48532342071091","5.07225880686028","","4.47756594772942","4.23861035989182","","3.17379999160767","3.55919341882594","","","4.09030334217367","4.03767284869161","5.12544845968893","","",
"Greenland","GRL","Government expenditure on education, total (% of GDP)","SE.XPD.TOTL.GD.ZS","","","","","","","","","","","","","","","","","","","","","","","","","","","","","","","","","","","","","","","","","","","","","","","","","","","","","","","","","","","","","","","","","","",
"Guatemala","GTM","Government expenditure on education, total (% of GDP)","SE.XPD.TOTL.GD.ZS","","","","","","","","","","","1.85871994495392","2.0255401134491","","","","","1.62729001045227","","","","","","","","","","","","","","","","","1.66575002670288","1.43998003005981","1.60479998588562","1.56369996070862","","","","","","","","","","3.03285002708435","3.08809995651245","3.23686003684998","","2.84864997863769","2.96865010261536","3.00524997711182","2.88808989524841","2.98563003540039","3.03032994270325","2.94474005699158","2.95009994506836","3.13193988800049","3.19297003746033","3.29485011100769","3.09189009666443","3.20787000656128","3.10877990722656","3.07588005065918","",
"Guam","GUM","Government expenditure on education, total (% of GDP)","SE.XPD.TOTL.GD.ZS","","","","","","","","","","","","","","","","","","","","","","","","","","","","","","","","","","","","","","","","","","","","","","","","","","","","","","","","","","","","","","","","","","",
"Guyana","GUY","Government expenditure on education, total (% of GDP)","SE.XPD.TOTL.GD.ZS","","","","","","","","","","","4.32897996902466","","","","","","","7.08872985839844","","9.37786960601807","","","","8.2534704208374","7.22747993469238","","","","","","","","","","3.72445011138916","3.60933995246887","","","","8.56105995178223","8.48414993286133","8.39729022979736","8.36553955078125","6.95590019226074","5.51291990280151","8.13973045349121","3.11891007423401","2.39117002487183","","2.15057992935181","2.40938997268677","2.50669002532959","2.24131989479065","","4.36033010482788","3.89569997787476","4.73775005340576","4.6647801399231","4.45058012008667","","","","","","","",
"High income","HIC","Government expenditure on education, total (% of GDP)","SE.XPD.TOTL.GD.ZS","","","","","","","","","","","","","","","4.1964499950409","4.5243148803711","4.47215485572815","","4.46040487289429","4.40768003463745","4.58746480941772","4.80041003227234","4.90847015380859","5.00963997840882","","","4.74810981750488","","4.45426487922668","","","4.78473997116089","4.89061498641968","4.95375490188598","4.73129987716674","4.5927300453186","4.48169016838074","","4.44445991516113","4.6624150276184","4.65878009796143","4.75575995445251","4.70047497749328","4.6639199256897","4.87566995620728","4.80935001373291","4.83653020858765","4.67495489120484","4.79686999320984","5.06263017654419","5.08126020431519","4.85663986206055","4.78232002258301","4.78006982803345","4.78875994682312","4.76157999038696","4.78327989578247","4.68990993499756","4.60567998886108","4.62744498252868","4.87601494789124","4.77058482170105","4.69949984550476","","","",
"Hong Kong SAR, China","HKG","Government expenditure on education, total (% of GDP)","SE.XPD.TOTL.GD.ZS","","","","","","","","","","","","2.36814999580383","2.29560995101929","2.1833701133728","2.36029005050659","2.44919991493225","2.43336009979248","2.21923995018005","2.32255005836487","","2.19214010238648","2.27172994613648","1.66982996463776","2.57859992980957","2.58169007301331","2.55896997451782","","","","","2.46608996391296","","2.82820010185242","","","","2.72830009460449","","","","","3.90370011329651","4.01555013656616","4.28530979156494","4.55894994735718","4.13463020324707","3.84278011322021","3.45455002784729","3.2606201171875","4.39211988449097","3.5100200176239","3.41823005676269","3.50960993766785","3.76031994819641","3.57254004478455","3.26210999488831","3.29269003868103","3.30989003181458","3.32624006271362","3.81017994880676","4.40563011169434","4.00030994415283","3.72866988182068","3.80328011512756","3.80552005767822","",
"Honduras","HND","Government expenditure on education, total (% of GDP)","SE.XPD.TOTL.GD.ZS","","","","","","","","","","","","","","","","","","","2.01904988288879","2.01298999786377","1.93636000156403","","","","","","","","","","","","","","2.51263999938965","2.61744999885559","","","","","","","","","","","","","","","","","6.29972793577391","5.87493991851807","7.09010982513428","6.41298007965088","6.09509492079297","5.74434396129576","6.05646991729736","5.98198266311593","6.09801328648889","5.88160201792279","4.48280030802056","4.54962037172702","","",
"Heavily indebted poor countries (HIPC)","HPC","Government expenditure on education, total (% of GDP)","SE.XPD.TOTL.GD.ZS","","","","","","","","","","","","","","","","","","","","","","","","","","","","","","","","","","","","","","","","2.56854009628296","2.46335005760193","2.47150993347168","2.39618003368378","","2.68110001087189","2.65660500526428","2.6916949748993","","2.72311997413635","3.08927011489868","2.95976996421814","3.07750010490417","3.04694497585296","3.45445990562439","3.31992995738984","3.37495994567871","3.28257989883423","3.53362989425659","3.26730489730835","3.24268818288225","3.3367600440979","3.31281536274069","3.0972642678305","3.24413772101569","","",
"Croatia","HRV","Government expenditure on education, total (% of GDP)","SE.XPD.TOTL.GD.ZS","","","","","","","","","","","","","","","","","","","","","","","","","","","","","","","","","","","","","","","","","","","3.82305002212524","3.87019991874695","3.82386994361877","","","3.96898007392883","4.2783899307251","4.36217021942139","4.20651006698608","4.10584020614624","","4.50127983093262","","","","3.87207007408142","3.92432999610901","3.94555997848511","4.40854978561401","4.0916600227356","","","","",
"Haiti","HTI","Government expenditure on education, total (% of GDP)","SE.XPD.TOTL.GD.ZS","","","","","","","","","","","","","","","","","","","","","","1.39374005794525","1.07954001426697","1.0222100019455","0.986190021038055","0.969290018081665","","","","","","1.07398998737335","","","","","","","","","","","","","","","","","","","","","","","1.75226998329163","1.85497999191284","1.38776004314423","1.49846994876862","1.63715994358063","1.08414978067408","1.11353641558643","1.24275181117048","1.02689812206798","0.964648012977964","","",
"Hungary","HUN","Government expenditure on education, total (% of GDP)","SE.XPD.TOTL.GD.ZS","","","","","","","","","","","3.44015002250671","3.42518997192383","3.3500599861145","3.38988995552063","3.59559011459351","3.72013998031616","3.52535009384155","3.59353995323181","3.71507000923157","3.6953399181366","4.28990983963013","4.41857004165649","4.42117977142334","5.18972015380859","4.75837993621826","4.53284978866577","4.73552989959717","4.63079977035522","4.48266983032227","5.04690980911255","5.41418981552124","5.86020994186401","6.059730052948","5.90029001235962","5.81584978103638","4.8316798210144","4.31855010986328","","4.40161991119385","4.55900001525879","4.8624701499939","4.92643976211548","5.17711019515991","5.79872989654541","5.33301019668579","5.32539987564087","5.29485988616943","5.13725996017456","4.97069978713989","4.95626020431519","4.73365020751953","4.57056999206543","4.15359020233154","4.19040012359619","4.59878015518188","4.49287986755371","4.60210990905762","4.64034986495972","4.60567998886108","4.20140981674194","4.12265014648438","4.65407991409302","3.8011999130249","","","",
"IBRD only","IBD","Government expenditure on education, total (% of GDP)","SE.XPD.TOTL.GD.ZS","","","","","","","","","","","","","","","","","","","","","","","","","","","","","","","","","","","","","3.50608992576599","","","4.22040987014771","3.84054005146027","3.77111995220185","3.78671002388","3.87019991874695","3.86820995807648","3.86000990867615","3.91008996963501","3.96898007392883","4.10174989700317","4.58856511116027","4.06891113638351","4.06173992156982","4.23196166059346","4.29186511039734","4.01387977600098","4.20636987686157","4.23417604011943","3.96384087403915","3.99025236706236","3.94555997848511","4.30487012863159","4.04323350069167","3.61195433197001","3.6590050458908","","",
"IDA & IBRD total","IBT","Government expenditure on education, total (% of GDP)","SE.XPD.TOTL.GD.ZS","","","","","","","","","","","","","","","","","","","","","","","","","","","","","","","","","","","","","","","","3.47784495353699","3.24232995510101","3.30414497852326","3.22557997703552","3.3827600479126","3.31273007392883","3.3646399974823","3.64840006828308","3.60649991035462","3.85947000980377","4.25475978851318","3.56941242924534","3.70272139414312","3.63716008451231","3.78372228032099","3.73145708611869","3.84400498867035","3.83786775234949","3.73654007911682","3.80322882104601","3.75902209369218","4.01641864383637","3.7070300579071","3.49933781956284","3.51481008529663","","",
"IDA total","IDA","Government expenditure on education, total (% of GDP)","SE.XPD.TOTL.GD.ZS","","","","","","","","","","","","","","","","","","","","","","","","","","","","","","","","","","","","","","","","2.64153003692627","2.51418507099152","2.66297495365143","2.68510496616364","","2.79530000686646","2.83332502841949","","","2.77728009223938","3.08927011489868","2.90389502048493","2.8657500743866","2.90706992149353","3.3275101184845","3.32569003105164","3.25901007652283","3.35870492458344","3.53460991382599","3.26730489730835","3.23821222605582","3.33492875069124","3.15661438703005","3.06772823003204","3.22974322056608","","",
"IDA blend","IDB","Government expenditure on education, total (% of GDP)","SE.XPD.TOTL.GD.ZS","","","","","","","","","","","","","4.47633981704712","","","5.6061201095581","","","","","","","","","","","","","","","","","","","","","","","","","2.40031003952026","","","2.8643798828125","2.85353004932404","2.78797996044158","2.81998991966248","","","","4.03099989891052","2.8657500743866","3.43445992469788","4.92554579365837","4.01573491096496","3.31647992134094","4.40353549122142","3.95445001125336","3.12130498886108","3.33011705158194","3.71980683449924","3.14335470187693","2.72738253259215","3.34005209256916","","",
"Indonesia","IDN","Government expenditure on education, total (% of GDP)","SE.XPD.TOTL.GD.ZS","","","","","","","","","","","","","2.78820991516113","","","","","","","","","","","","","","","","","0.871410012245178","","","","","0.998549997806549","1.00434994697571","1.07854998111725","1.07208001613617","","","","2.46003007888794","2.64568996429443","3.21799993515015","2.74846005439758","2.87281990051269","","3.04426002502441","2.90190005302429","3.52513003349304","2.81227993965149","3.18944001197815","3.40748000144958","3.35904002189636","3.28800988197327","3.58361005783081","1.21023452496964","1.05324382490056","0.994436460846179","0.964399077622927","1.01593221347809","1.03221750658374","0.863943349575907","1.27517088245674","","",
"IDA only","IDX","Government expenditure on education, total (% of GDP)","SE.XPD.TOTL.GD.ZS","","","","","","","","","","","","","","","","","","","","","","","","","","","","","","","","","","","","","","","","2.56854009628296","2.5650200843811","2.66297495365143","2.43543004989624","","2.77203011512756","","","","2.75404500961303","2.957200050354","2.71524500846863","2.96548008918762","2.77231991291046","3.17475008964539","3.32569003105164","3.25901007652283","3.25593495368958","3.35713493824005","3.38626492023468","3.15307114842573","3.29376565416048","3.15661438703005","3.08249624893127","3.21562023947166","","",
"Isle of Man","IMN","Government expenditure on education, total (% of GDP)","SE.XPD.TOTL.GD.ZS","","","","","","","","","","","","","","","","","","","","","","","","","","","","","","","","","","","","","","","","","","","","","","","","","","","","","","","","","","","","","","","","","","",
"India","IND","Government expenditure on education, total (% of GDP)","SE.XPD.TOTL.GD.ZS","","","","","","","","","","","","","","","","","","","","","","","","","","","","","","","","","","","","","","3.36137008666992","3.57257008552551","4.41538000106812","4.32480001449585","","","3.61342000961304","3.35254001617432","3.18876004219055","3.14284992218018","","","3.27824997901917","3.377690076828","3.79618000984192","3.8675000667572","3.84467005729675","3.89878023242693","4.1145601272583","4.25406980514526","4.30543994903565","4.36374998092651","3.89732003211975","4.29335021972656","4.62949991226196","4.09865814174589","","","",
"Not classified","INX","Government expenditure on education, total (% of GDP)","SE.XPD.TOTL.GD.ZS","","","","","","","","","","","","","","","","","","","","","","","","","","","","","","","","","","","","","","","","","","","","","","","","","","","","","","","","","","","","","","","","","","",
"Ireland","IRL","Government expenditure on education, total (% of GDP)","SE.XPD.TOTL.GD.ZS","","","","","","","","","","","","4.48641014099121","4.6168999671936","4.60856008529663","4.68602991104126","","4.29649019241333","5.08531999588013","5.0676097869873","5.28812980651855","5.32220983505249","5.73201990127563","5.38953018188477","5.44653987884521","5.28170013427734","5.24837017059326","5.30120992660522","5.5288200378418","5.0161600112915","4.71301984786987","4.60056018829346","4.78267002105713","5.0056300163269","5.11556005477905","5.18871021270752","4.87162017822266","4.75392007827759","","4.28753995895386","4.13379001617432","4.13226985931396","4.08750009536743","4.10487985610962","4.20493984222412","4.48295021057129","4.51897001266479","4.54742002487183","4.71541976928711","5.45828008651733","6.15609979629517","6.04835987091065","5.77199983596802","5.70776987075806","5.23177003860474","4.73554992675781","3.62438988685608","3.65881991386414","3.37737011909485","3.30347990989685","3.22984004020691","3.19163990020752","2.90461993217468","","","","",
"Iran, Islamic Rep.","IRN","Government expenditure on education, total (% of GDP)","SE.XPD.TOTL.GD.ZS","","","","","","","","","","","","2.77033996582031","2.76673007011414","2.87668991088867","2.69034004211426","2.96556997299194","","5.416259765625","","","","7.1314001083374","5.80205011367798","4.18054008483887","3.80162000656128","3.46018004417419","3.56990003585815","4.14092016220093","3.68129992485046","3.99721002578735","3.77390003204346","3.74353003501892","3.64046001434326","4.31462001800537","","4.08178997039795","3.53777003288269","","","4.22040987014771","4.03064012527466","4.07168006896973","4.48487997055054","4.36323022842407","4.29662990570068","4.05651998519897","4.28998994827271","4.59681987762451","3.91376996040344","3.84244990348816","3.70917010307312","3.48497009277344","2.93899989128113","2.85279011726379","2.61668992042542","2.62911009788513","3.17396998405456","3.45956993103027","3.61980009078979","3.24005007743835","3.20495009422302","","2.6699800491333","2.82443290958712","","",
"Iraq","IRQ","Government expenditure on education, total (% of GDP)","SE.XPD.TOTL.GD.ZS","","","","","","","","","","","","","","","","","","3.8570499420166","","","2.42378997802734","","","","","","","","","3.55150008201599","","","","","","","","","","","","","","","","","","","","","","","","","","","","","","","","","","","","",
"Iceland","ISL","Government expenditure on education, total (% of GDP)","SE.XPD.TOTL.GD.ZS","","","","","","","","","","","","","","","","","","","","","","","","","","","","","","","4.25862979888916","","","5.14158010482788","4.75557994842529","4.78062009811401","5.21834993362427","","6.78383016586304","6.43401002883911","6.4314398765564","6.70591020584106","7.29892015457153","7.24507999420166","7.16119003295898","7.33842992782593","7.19518995285034","6.94434022903442","7.03599977493286","7.18984985351562","6.94422006607056","6.78996992111206","7.58223009109497","7.44866991043091","7.6414098739624","7.45796012878418","7.43221998214722","7.58384990692139","7.56350994110107","7.60129976272583","8.5838098526001","8.2265796661377","7.30798006057739","","","",
"Israel","ISR","Government expenditure on education, total (% of GDP)","SE.XPD.TOTL.GD.ZS","","","","","","","","","","","","","","5.10433006286621","5.65004014968872","5.74315977096558","5.6540699005127","5.55499982833862","6.29782009124756","6.37706995010376","6.80061006546021","6.7482099533081","6.34056997299194","6.67179012298584","6.660719871521","7.62977981567383","5.83092021942139","5.25565004348755","4.29061985015869","5.43067979812622","5.16002988815308","5.17201995849609","5.30926990509033","5.66681003570557","6.1260199546814","","","","6.40023994445801","6.1956000328064","5.93116998672485","6.17636013031006","6.24923992156982","6.13486003875732","5.75040006637573","5.56489992141724","5.58409023284912","5.33169984817505","5.40716981887817","5.34174013137817","5.40408992767334","5.42928981781006","5.56122016906738","5.76972007751465","5.69225978851318","5.79657983779907","5.80271005630493","6.00425004959106","6.06919002532959","6.06899976730347","6.51824998855591","6.16727018356323","5.93291997909546","","","",
"Italy","ITA","Government expenditure on education, total (% of GDP)","SE.XPD.TOTL.GD.ZS","","","","","","","","","","","3.35906004905701","2.8921000957489","","","3.82631993293762","3.70307993888855","3.91051006317139","","3.77168011665344","4.1541600227356","","","","4.47774982452393","4.76359987258911","4.67902994155884","4.64418983459473","","4.58221006393433","","","","","4.72301006317139","4.42311000823975","4.3087100982666","4.43967008590698","","4.44093990325928","4.50165987014771","4.27996015548706","4.63416004180908","4.41520977020264","4.52654981613159","4.37002992630005","4.22292995452881","4.50464010238647","4.08763980865479","4.37188005447388","4.50414991378784","4.31626987457275","4.09431982040405","4.03481006622315","4.12192010879517","4.04026985168457","4.05422019958496","3.795490026474","4.02662992477417","4.24094009399414","4.07843017578125","4.41803979873657","4.17118978500366","4.06775999069214","","","",
"Jamaica","JAM","Government expenditure on education, total (% of GDP)","SE.XPD.TOTL.GD.ZS","","","","","","","","","","","","","","3.63143992424011","4.24897003173828","5.22878980636597","5.85832977294922","6.02651977539062","","","","","","","","5.39190006256104","4.60398006439209","","3.94086003303528","5.18397998809815","4.7791600227356","4.38306999206543","3.33665990829468","3.21403002738953","4.06418991088867","3.38908004760742","3.67773008346558","4.37953996658325","","","4.98346996307373","5.38103008270264","5.37522983551025","4.25684976577759","3.91254997253418","4.61641979217529","","5.49022006988525","6.19131994247437","6.19848012924194","6.37058019638062","6.26664018630981","6.1124701499939","6.25106000900269","6.01584005355835","5.45523023605347","5.31459999084473","5.26015996932983","5.41379022598267","5.16364002227783","5.38065828197341","5.63122987747192","5.35435009002685","5.65453693979426","5.51383018493652","",
"Jordan","JOR","Government expenditure on education, total (% of GDP)","SE.XPD.TOTL.GD.ZS","","","","","","","","","","","3.63003993034363","3.29768991470337","2.38742995262146","2.48693990707398","3.55768990516663","3.76347994804382","3.53455996513367","3.67989993095398","3.68162989616394","5.08172988891602","","5.16767978668213","5.08854007720947","4.92795991897583","5.93695020675659","","3.2843599319458","3.29666996002197","4.0475001335144","5.6435399055481","","","","","","","7.47691011428833","6.36482000350952","","4.94366979598999","","","","","","","","","","","3.16850989003323","3.59900580598478","3.63716008451231","3.78372228032099","3.76692408663556","3.71272133351629","3.45282006263733","3.21305990219116","2.95461988449097","2.98846006393433","3.55303483980158","3.13837003707886","3.15300011634827","3.51486315596325","3.23356008529663","",
"Japan","JPN","Government expenditure on education, total (% of GDP)","SE.XPD.TOTL.GD.ZS","","","","","","","","","","","","3.57862997055054","3.92610001564026","3.95707988739014","3.95420002937317","4.56979990005493","4.74775981903076","4.73743009567261","4.79045009613037","4.95000982284546","4.96105003356934","4.95682001113892","4.93976020812988","4.72346019744873","","","","5.48793983459473","5.4528398513794","5.2743501663208","","","","3.36711001396179","3.5693199634552","3.40211009979248","","","3.29797005653381","3.37812995910644","3.46011996269226","3.40082001686096","3.40898990631104","3.46662998199463","3.42611002922058","3.31493997573852","3.27667999267578","3.27934002876282","3.27241992950439","","3.59951996803284","3.60526990890503","3.41945004463196","3.40874004364014","3.41529989242554","3.31221008300781","3.14643001556396","3.13057994842529","3.07782006263733","3.15533995628357","3.30628991127014","3.33663988113403","","","","",
"Kazakhstan","KAZ","Government expenditure on education, total (% of GDP)","SE.XPD.TOTL.GD.ZS","","","","","","","","","","","","","","","","","","","","","","","","","","","","","","","","","","","","4.0344500541687","3.92371010780335","4.37343978881836","","3.89256000518799","3.25662994384766","","3.02970004081726","","2.25590991973877","2.26353001594544","2.62679004669189","2.83138990402222","2.58946990966797","3.06072998046875","3.58735481721566","3.6143401736456","3.90163701288194","3.44564886564109","3.42903954512824","2.78858995437622","2.9780900478363","2.75081992149353","2.61595010757446","2.8569700717926","4.44620380169618","4.38569397571466","4.36185360851405","4.86469984054565","","",
"Kenya","KEN","Government expenditure on education, total (% of GDP)","SE.XPD.TOTL.GD.ZS","","","","","","","","","","","","3.92982006072998","4.47633981704712","4.65051984786987","5.06550979614258","5.6061201095581","5.74410009384155","5.13632011413574","","","5.38787984848022","5.92372989654541","5.67812013626099","5.43830013275146","4.58095979690552","5.19976997375488","6.01377010345459","","6.60054016113281","6.035719871521","","6.57065010070801","6.07590007781982","6.02913999557495","5.92402982711792","","","","","5.32324981689453","5.1867299079895","5.20621013641357","6.17199993133545","6.49428987503052","6.79693984985352","7.3356499671936","7.04981994628906","","","","4.81548976898193","4.70012998580933","4.93122005462646","4.83721017837524","4.7172999382019","4.74349021911621","4.89518022537231","4.96308994293213","5.10761976242065","5.37359210998097","5.04574892454155","4.89040202257195","4.51101801829815","3.96229304413263","4.02242346098974","",
"Kyrgyz Republic","KGZ","Government expenditure on education, total (% of GDP)","SE.XPD.TOTL.GD.ZS","","","","","","","","","","","","","","","","","","","","","","","","","","","","","","","","","","","5.58819007873535","6.15642976760864","4.90260982513428","","4.91963005065918","4.0852198600769","3.50838994979858","3.85418009757996","4.44545984268188","4.47541999816895","4.62243986129761","4.87384986877441","5.54987001419067","6.46697998046875","5.91317987442017","6.23267984390259","5.81884002685547","6.79061985015869","7.38423013687134","6.78020000457764","5.53159999847412","5.98551988601685","6.58616018295288","6.02618980407715","5.55267000198364","5.0802698135376","5.7331600189209","5.16667985916138","7.16884382244099","6.82694680798777","","",
"Cambodia","KHM","Government expenditure on education, total (% of GDP)","SE.XPD.TOTL.GD.ZS","","","","","","","","","","","","","","","","","","","","","","","","","","","","","","","","","","","","","","","1.25907003879547","","1.64869999885559","1.6550600528717","1.62863004207611","","1.56035995483398","","","1.36423003673553","","1.38576996326447","1.24872994422913","1.20887994766235","1.23062002658844","1.57648003101349","1.44690001010895","","","","1.60336995124817","2.13345387893978","2.2476462495972","1.96232691812756","1.95793279576416","2.1809128340295","","",
"Kiribati","KIR","Government expenditure on education, total (% of GDP)","SE.XPD.TOTL.GD.ZS","","","","","","","","","","","5.92680978775024","5.2755298614502","","","3.87663006782532","","","","","","","","","","","","","","","","","","","","","","","","","9.70559024810791","10.0424404144287","11.649169921875","","","","","","","","","","","12.499488","12.0902942583732","11.513136036036","10.7683901960784","11.646473381295","11.4761649484536","12.9204194888179","14.5197413461539","16.2303756141975","13.9871516883117","14.7860312820513","16.39053","","",
"St. Kitts and Nevis","KNA","Government expenditure on education, total (% of GDP)","SE.XPD.TOTL.GD.ZS","","","","","","","","","","","","","","","","","","","","","","","","","","3.96502995491028","","2.64112997055054","","2.19795989990234","","1.99845004081726","2.30386996269226","","","2.57641005516052","","","4.02056980133057","3.32266998291016","4.74038982391357","4.4215497970581","3.92051005363464","3.79099011421204","3.9713499546051","3.83144998550415","4.05925989151001","4.1938099861145","","","2.54554015619203","2.49706527276352","2.49200145387318","3.26205857202123","2.85307503792741","2.54938006401062","3.00076147453842","2.77100327979144","3.03524983830349","2.72889566429639","3.10568635584663","2.78379011154175","3.5579615526858","3.49726171629099","","",
"Korea, Rep.","KOR","Government expenditure on education, total (% of GDP)","SE.XPD.TOTL.GD.ZS","","","","","","","","","","","3.38403010368347","3.70117998123169","3.18316006660461","2.64382004737854","","2.05697989463806","2.71206998825073","2.38804006576538","","2.96842002868652","3.39898991584778","2.84580993652344","6.20589017868042","4.22579002380371","3.9154200553894","3.89162993431091","3.54106998443604","3.27911996841431","2.66866993904114","2.97461009025574","2.94824004173279","3.38478994369507","3.46676993370056","3.57816004753113","2.92028999328613","2.83677005767822","","","3.24974989891052","3.25048995018005","","","","","","","","","","","","","","","","4.24247980117798","4.11502981185913","4.10775995254517","4.21645021438599","4.41813993453979","4.52706003189087","4.55590009689331","5.40910005569458","","","",
"Kuwait","KWT","Government expenditure on education, total (% of GDP)","SE.XPD.TOTL.GD.ZS","","","","","","","","","","","","3.28733992576599","2.81574988365173","3.30368995666504","3.52160000801086","2.13554000854492","3.11508011817932","3.36866998672485","4.08185005187988","3.42856001853943","2.79101991653442","2.71914005279541","3.0335099697113","5.09027004241943","5.14888000488281","5.00761985778809","5.40083980560303","","","","","","14.1988296508789","","","","5.85961008071899","5.5826301574707","","","","6.5858302116394","6.551109790802","","5.53506994247437","4.73833990097046","3.75997996330261","","","","","","","","","","5.95593958839578","6.35444222156987","6.39165256830382","6.72789551402991","6.24513034913966","7.76246706467929","6.58236499988891","5.0262608311279","6.43592667889685","",
"Latin America & Caribbean (excluding high income)","LAC","Government expenditure on education, total (% of GDP)","SE.XPD.TOTL.GD.ZS","","","","","","","","","","","","","","","","","","","","","","","","","","","","","","","","","","","","","","","3.60231494903564","3.62098002433777","3.65995502471924","3.84467005729675","3.75037002563477","3.45890498161316","","","4.02246499061584","4.08301019668579","4.7252299785614","5.46355009078979","4.71705985069275","4.60516500473022","4.88349008560181","4.9042649269104","4.84876990318298","4.7606348991394","4.47059336645318","4.46651506423951","4.46145347505506","4.51068019866943","4.54901954970835","4.08717467298944","3.83975005149841","3.79014883614714","","",
"Lao PDR","LAO","Government expenditure on education, total (% of GDP)","SE.XPD.TOTL.GD.ZS","","","","","","","","","","","","","","","","","","","","","","","","","","","","","","","","","2.33456993103027","","","","2.42974996566773","2.13019990921021","","","1.50369000434876","1.9902800321579","2.82522010803223","","2.41300010681152","2.4140899181366","2.95879006385803","3.07841992378235","2.27854990959167","1.65485000610352","1.70978999137878","1.70801997184753","1.82147002220154","3.23380994796753","2.93781995773315","2.73689787884215","2.77442976110388","2.49797261414021","2.33501229018316","2.12201393748998","1.91597273223857","1.85949176876536","1.46083440434069","1.23375160355741","","",
"Lebanon","LBN","Government expenditure on education, total (% of GDP)","SE.XPD.TOTL.GD.ZS","","","","","","","","","","","","","","","","","","","","","","","","","","","","","","","","","","1.66653001308441","1.93125998973846","2.22462010383606","2.0846700668335","","","","","2.84148001670837","2.55271005630493","","2.64094996452331","2.64619994163513","2.77976989746094","2.58357000350952","2.01479005813599","1.76570999622345","1.61330997943878","1.65251994132996","2.14902997016907","2.4339599609375","","","2.17820270841405","2.21606844423238","2.6165251225734","2.51957250612723","2.4354185601396","","1.33151427628711","1.50416361108086","1.22490869993085","",
"Liberia","LBR","Government expenditure on education, total (% of GDP)","SE.XPD.TOTL.GD.ZS","","","","","","","","","","","","","","","","","","","6.99484014511108","","6.25905990600586","","","","","","","","","","","","","","","","","","","","","","","","","","","","1.70166003704071","","","","1.77711999416351","1.69078004360199","2.20005011558533","2.11587468207978","2.11479684223088","2.66330003738403","2.50391006469727","2.16508193926132","2.13601415111746","2.4235999584198","2.2760960068702","2.2665256232687","","",
"Libya","LBY","Government expenditure on education, total (% of GDP)","SE.XPD.TOTL.GD.ZS","","","","","","","","","","","","","","","","","4.63650989532471","4.12382984161377","","","","","","","","","","","","","","","","","","","","","","2.26416993141174","","","","","","","","","","","","","","","","","","","","","","","","","","",
"St. Lucia","LCA","Government expenditure on education, total (% of GDP)","SE.XPD.TOTL.GD.ZS","","","","","","","","","","","","","","","","","","","","","","","5.53879022598267","","","","4.15467977523804","","","","","","","","6.53238010406494","","","","5.52894020080566","5.44994020462036","","5.70733022689819","","3.53449010848999","3.43646001815796","4.23895978927612","4.69669008255005","","4.48353004455566","3.0676600933075","3.4828999042511","3.5988199710846","3.29098010063171","3.87661004066467","3.89103007316589","3.88088011741638","5.20954990386963","3.6273152206015","3.33277988433838","3.27267003059387","3.61522006988525","5.86197746335882","4.64235019683838","2.74211001396179","3.84700018653403","",
"Latin America & Caribbean","LCN","Government expenditure on education, total (% of GDP)","SE.XPD.TOTL.GD.ZS","","","","","","","","","","","","","","","","","","","","","","","","","","","","","","","","","","","","2.98509001731872","","","3.27817988395691","3.75450503826141","3.75707006454468","3.84467005729675","3.88385510444642","3.53504991531372","3.73531496524811","","3.91671991348267","4.08301019668579","4.60607004165649","5.46355009078979","4.60028982162476","4.14937019348145","4.76829504966736","4.87855005264282","4.69057488441467","4.44749157539063","4.41408840162469","4.40769505500793","4.46145347505506","4.51068019866943","4.53493916058743","4.08717467298944","3.86129930773508","3.81964993476868","","",
"Least developed countries: UN classification","LDC","Government expenditure on education, total (% of GDP)","SE.XPD.TOTL.GD.ZS","","","","","","","","","","","","","","","","","","","","","","","","","","","","","","","","","","","","","","","","2.45981001853943","2.5650200843811","2.56497991085052","2.34950995445252","","2.46342992782593","2.53538501262665","2.56340003013611","","2.72311997413635","2.79660499095917","2.70853996276856","2.85346007347107","2.63756990432739","3.09643006324769","3.12739491462708","3.25578999519348","2.8367649131676","3.06987500190735","3.02797496318817","2.90405352345344","3.06497843916225","3.07085166362803","2.89168744551701","3.20149725837724","","",
"Low income","LIC","Government expenditure on education, total (% of GDP)","SE.XPD.TOTL.GD.ZS","","","","","","","","","","","","","","","","","","","","","","","","","","","","","","","","","","","","","","","","","2.64609491825104","2.90390992164612","","","","","","","2.72311997413635","","2.49779498577118","2.85346007347107","2.56641087807744","2.63821423826355","2.73711502552032","3.20738632005996","2.59244990348816","2.76899003982544","3.02797496318817","3.01338389897728","3.29376565416048","3.43085271493488","2.97970783777452","","","",
"Liechtenstein","LIE","Government expenditure on education, total (% of GDP)","SE.XPD.TOTL.GD.ZS","","","","","","","","","","","","","","","","","","","","","","","","","","","","","","","","","","","","","","","","","","","","2.4601399898529","2.43333005905151","","2.05380988121033","1.92119002342224","2.04836988449097","","","2.55604004859924","","","","","","","","","","","","","","",
"Sri Lanka","LKA","Government expenditure on education, total (% of GDP)","SE.XPD.TOTL.GD.ZS","","","","","","","","","","","","","","3.31640005111694","","2.74454998970032","","","","2.56743001937866","2.7041699886322","2.44220995903015","2.55850005149841","2.39060997962952","2.16526007652283","2.5761399269104","2.805419921875","2.64433002471924","2.82635998725891","2.7551600933075","2.41092991828919","2.91558003425598","","","3.10853004455566","2.95760011672974","3.34360003471375","","3.05140995979309","","","","","","","","","","","2.05590009689331","1.66176998615265","1.74292004108429","1.45343005657196","1.5645899772644","1.85859000682831","2.10998010635376","3.22929000854492","2.59316992759705","1.98781001567841","","1.55792392223723","1.50650579603928","1.20397218661186","1.82774571561927","","",
"Lower middle income","LMC","Government expenditure on education, total (% of GDP)","SE.XPD.TOTL.GD.ZS","","","","","","","","","","","","","","","","","","","","","","","","","","","","","","","","","","","","","","","","2.92365002632141","2.53544008731842","2.56950497627258","2.79313004016876","2.8502699136734","2.79530000686646","3.18876004219055","3.40350008010864","","3.7829999923706","3.96075010299683","3.6558450460434","3.57695136515582","3.78125124759312","4.43894951297476","3.78294594797956","4.1145601272583","4.08114004135132","3.76526999473572","3.8861300945282","3.59683638888648","3.86524053511905","3.36384208861232","3.47484993934631","3.39421010017395","","",
"Low & middle income","LMY","Government expenditure on education, total (% of GDP)","SE.XPD.TOTL.GD.ZS","","","","","","","","","","","","","","","","","","","","","","","","","","","","","","","","","","","","","","","","3.43678998947144","3.25662994384766","3.34198999404907","3.02970004081726","","3.14896988868713","3.33713495731353","3.60536003112793","3.51721000671387","3.76082992553711","4.02953004837036","3.50534498691559","3.6143401736456","3.65296507967834","3.75271111670011","3.69560503959656","3.71272133351629","3.85049560792469","3.73344993591309","3.71392011642456","3.59683638888648","3.88502530243113","3.66006004810333","3.47484993934631","3.45929503440857","","",
"Lesotho","LSO","Government expenditure on education, total (% of GDP)","SE.XPD.TOTL.GD.ZS","","","","","","","","","","","","4.64155006408691","4.5265097618103","4.8665599822998","4.23424005508423","","","","","","","","","10.0969400405884","6.42841005325317","7.08858013153076","","","7.21663999557495","6.20228004455566","","","","8.57703018188477","7.02543020248413","8.64097023010254","","11.3640098571777","","12.4993495941162","10.0915498733521","9.36505031585693","10.1004495620728","13.2195701599121","11.1090097427368","12.0796604156494","11.2712802886963","","12.3287401199341","","","","","","","7.64272055728181","7.55247411216023","8.1553201675415","7.28360986709595","","","","","7.29011355590957","6.62253066096596","",
"Late-demographic dividend","LTE","Government expenditure on education, total (% of GDP)","SE.XPD.TOTL.GD.ZS","","","","","","","","","","","","","","","","","","","","","","","","","","","","","","","","","","","","3.55854988098144","3.78422009944916","","3.92645001411438","4.13379001617432","3.85399007797241","3.84942507743835","3.95686495304108","4.22096991539001","4.07934999465942","3.93859004974365","3.89148998260498","4.2610399723053","4.22755002975464","4.79650998115539","4.53965997695923","4.0735502243042","4.38928008079529","4.44108986854553","4.62945985794067","4.47038984298706","4.36420011520386","4.41787004470825","4.4217050075531","4.26779985427856","4.44620380169618","4.42390200914334","4.34076190443098","4.03084428001739","","",
"Lithuania","LTU","Government expenditure on education, total (% of GDP)","SE.XPD.TOTL.GD.ZS","","","","","","","","","","","","","","","","","","","","","","","","","","","","","","","","","","3.91314005851746","4.76287984848022","4.73458003997803","4.81781005859375","5.42383003234863","6.08957004547119","","","5.83644008636475","5.79093980789185","5.1067099571228","5.14797019958496","4.87698984146118","4.83653020858765","4.59159994125366","4.83649015426636","5.56941986083984","5.36880016326904","5.15469980239868","4.78232002258301","4.62416982650757","4.5076699256897","4.21646022796631","4.01143980026245","3.81236004829407","3.85628008842468","3.9415500164032","4.47348022460938","4.23977994918823","4.25285005569458","","","",
"Luxembourg","LUX","Government expenditure on education, total (% of GDP)","SE.XPD.TOTL.GD.ZS","","","","","","","","","","","2.30026006698608","2.85506010055542","2.74079990386963","2.81235003471375","","3.42302989959717","3.61462998390198","3.69379997253418","4.33933019638062","4.40278005599976","4.55202007293701","4.68798017501831","5.2756199836731","3.31966996192932","","","3.78981995582581","4.08302021026611","4.014319896698","3.87238001823425","","","","","","3.65909004211426","3.47681999206543","","","","","3.53973007202148","","","","","","","","","","","3.87815999984741","","3.85569000244141","3.76792001724243","","3.48645997047424","3.65772008895874","3.73705005645752","3.85499000549316","3.68531990051269","3.74451994895935","","","",
"Latvia","LVA","Government expenditure on education, total (% of GDP)","SE.XPD.TOTL.GD.ZS","","","","","","","","","","","","","","","","","","","","","","","","","","","","","","","3.57779002189636","3.86415004730225","4.30135011672974","","","","5.41694021224976","5.66772985458374","5.96775007247925","5.69789981842041","5.40854978561401","5.56101989746094","5.78911018371582","5.2944598197937","5.04684019088745","","4.94490003585815","4.89059019088745","5.63671016693115","5.67728996276855","5.14355993270874","5.24315977096558","6.83852005004883","7.24962997436523","5.47479009628296","5.46670007705688","4.82350015640259","4.52905988693237","4.39430999755859","4.58675003051758","4.99749994277954","4.76774978637695","4.3196702003479","","","",
"Macao SAR, China","MAC","Government expenditure on education, total (% of GDP)","SE.XPD.TOTL.GD.ZS","","","","","","","","","","","","","","","","","","","","","","","","","","","","","","","","","","","","","","","3.35004997253418","3.33664989471436","3.31438994407654","2.71446990966797","2.84295988082886","2.78016996383667","2.23348999023438","2.2778799533844","2.19386005401611","2.04345011711121","2.1964099407196","2.53323006629944","2.61848998069763","2.67528009414673","3.32516002655029","2.05048990249634","2.04853010177612","3.00247001647949","3.09952998161316","2.70949006080627","2.7334098815918","3.0654399394989","6.38948011398315","5.10697984695435","6.05706977844238","3.50183010101318","","",
"St. Martin (French part)","MAF","Government expenditure on education, total (% of GDP)","SE.XPD.TOTL.GD.ZS","","","","","","","","","","","","","","","","","","","","","","","","","","","","","","","","","","","","","","","","","","","","","","","","","","","","","","","","","","","","","","","","","","",
"Morocco","MAR","Government expenditure on education, total (% of GDP)","SE.XPD.TOTL.GD.ZS","","","","","","","","","","","","","","4.67168998718262","4.27548980712891","5.21270990371704","6.0271201133728","6.08424997329712","6.20182991027832","6.31548023223877","5.10485982894897","5.68926000595093","6.12268018722534","6.17467021942139","5.19013977050781","5.10218000411987","5.25930023193359","5.16213989257812","4.57782983779907","4.75733995437622","4.51047992706299","4.30316019058228","","4.82497978210449","","4.73479986190796","","","4.59940004348755","4.62527990341187","","","","","","","","","4.85339021682739","4.83119010925293","","","5.55294838577208","","5.48276036642721","5.133369043677","5.08530197423073","4.73564982004448","4.96022713486949","5.0032567210502","6.28428263644307","5.64273401285138","5.91224674061277","6.02096928801329","","",
"Monaco","MCO","Government expenditure on education, total (% of GDP)","SE.XPD.TOTL.GD.ZS","","","","","","","","","","","","","","","","","","","","","","","","","","","","","0.88102000951767","0.957539975643158","","","0.913609981536865","","","1.06456005573273","1.08222997188568","1.21240997314453","1.20881998538971","1.19526994228363","1.25537002086639","","","","1.26668000221252","","","","","1.35431003570557","1.31735002994537","1.58989000320435","1.78004002571106","1.33440005779266","1.02186000347137","","1.37126004695892","1.45816004276276","","1.15896999835968","","1.41926002502441","1.17105996608734","1.73223996162415","","",
"Moldova","MDA","Government expenditure on education, total (% of GDP)","SE.XPD.TOTL.GD.ZS","","","","","","","","","","","","","","","","","","","","","","","","","","","","","","","","","","","","","9.89663982391357","","","4.6625599861145","4.48639011383057","4.84684991836548","5.4979100227356","5.42489004135132","6.77103996276855","7.16270017623901","7.49899005889893","8.29337024688721","8.23727035522461","9.5097599029541","7.5922999382019","7.13638019561768","6.9834098815918","5.90975516494477","6.33807992935181","5.76665405944246","5.67210006713867","5.71017980575562","5.53886985778809","6.22578001022339","6.60125017166138","5.82405996322632","6.10430002212524","6.55709981918335","","",
"Madagascar","MDG","Government expenditure on education, total (% of GDP)","SE.XPD.TOTL.GD.ZS","","","","","","","","","","","","","3.21737003326416","2.71114993095398","2.67375993728638","2.51668000221252","3.25500988960266","5.05393981933594","","3.97030997276306","3.35711002349854","2.87990999221802","2.32178997993469","1.98900997638702","2.20451998710632","2.07146000862122","","","","","","","","1.77546000480652","","","","1.53846001625061","1.58879005908966","2.40500998497009","2.4386899471283","2.707200050354","2.23179006576538","2.61094999313354","2.81261992454529","3.30962991714477","2.83097004890442","2.90274000167847","2.55433988571167","2.82512998580933","2.28856151148168","2.38168001174927","2.34067010879517","1.77695000171661","2.3812301158905","2.21011996269226","2.68719005584717","2.70137416707567","2.84409999847412","3.01338389897728","3.25443385103636","3.19807542117225","3.06772823003204","3.04770386693564","","",
"Maldives","MDV","Government expenditure on education, total (% of GDP)","SE.XPD.TOTL.GD.ZS","","","","","","","","","","","","","","","","","","","","","","","","","","","","","","","","","","","","","","","","","","","5.79186010360718","5.32406997680664","4.66160011291504","5.0168399810791","4.64523983001709","4.41788005828857","4.470290184021","5.08168983459473","3.63328003883362","3.08072996139526","3.34085988998413","3.3882999420166","3.0885899066925","3.8685998916626","3.66123008728027","3.82268559882407","3.85681779847259","4.12356944795488","5.84760793108804","4.61379747500137","4.67344315449896","5.16706374664829","","",
"Middle East, North Africa, Afghanistan & Pakistan","MEA","Government expenditure on education, total (% of GDP)","SE.XPD.TOTL.GD.ZS","","","","","","","","","","","","","","","","3.84899497032166","4.78996992111206","4.33670496940613","","","4.57553005218506","5.16767978668213","5.44717502593994","5.22148990631104","5.51744985580444","","5.33007001876831","","","4.03414011001587","","","","","","","4.18530988693237","","","","","","","","5.02110004425049","","4.14588499069214","","4.22755002975464","","3.70917010307312","","3.57230008734587","3.78372228032099","","3.71272133351629","4.23311007022857","4.03832006454468","3.75143003463745","3.86019992828369","3.98417997360229","","4.38311004638672","","","",
"Mexico","MEX","Government expenditure on education, total (% of GDP)","SE.XPD.TOTL.GD.ZS","","","","","","","","","","","","","","","","","","","","","","","","","","","","","","2.28201007843018","2.32498002052307","2.54800009727478","3.00500988960266","","3.47706007957458","3.49746990203857","","","3.17838001251221","3.36164999008179","3.80870008468628","4.0313401222229","4.24307012557983","4.83262014389038","4.51204013824463","4.63395023345947","4.49317979812622","4.47919988632202","4.60607004165649","4.94934988021851","4.93697023391724","4.9040699005127","4.88349008560181","4.50858020782471","5.06807994842529","5.05087995529175","4.75795984268188","4.39752006530762","4.13944005966187","","4.4996600151062","4.23823976516724","4.05987977981567","","","",
"Marshall Islands","MHL","Government expenditure on education, total (% of GDP)","SE.XPD.TOTL.GD.ZS","","","","","","","","","","","","","","","","","","","","","","","","","","","","","","","","","","","","","","","","13.8498497009277","","","8.1951904296875","11.8441295623779","","","","","","","","","","","","","","","","9.88208961486816","13.8350374540234","15.1824411727819","7.70088005065918","","","",
"Middle income","MIC","Government expenditure on education, total (% of GDP)","SE.XPD.TOTL.GD.ZS","","","","","","","","","","","","","","","","","","","","","","","","","","","","","","","","","","","","","","","","3.84403002262115","3.50838994979858","3.6059000492096","3.18138992786407","3.33445501327514","3.35254001617432","3.5298000574112","3.64840006828308","3.56017994880676","3.92627501487732","4.3689398765564","3.69457006454468","3.81940996646881","3.95983358975396","4.34479999542236","3.86147016572824","4.07843017578125","4.00853502750397","3.92578873061175","3.8861300945282","3.85001993179321","3.98878057894991","3.67928504943847","3.49933781956284","3.56927475138052","","",
"North Macedonia","MKD","Government expenditure on education, total (% of GDP)","SE.XPD.TOTL.GD.ZS","","","","","","","","","","","","","","","","","","","","","","","","","","","","","","","","","4.73344993591309","4.63056993484497","4.52628993988037","4.27123022079468","4.30311012268066","","","","","","3.30014991760254","","","","","","","","","","","","","","","","","","","","","","","",
"Mali","MLI","Government expenditure on education, total (% of GDP)","SE.XPD.TOTL.GD.ZS","","","","","","","","","","","","","","","","","","","3.55959010124206","","3.47065997123718","3.44794011116028","3.27885007858276","","","","2.43536996841431","","","","","","","","","","","","2.64959001541138","2.23183989524841","2.97156000137329","2.65844988822937","2.8962299823761","3.8055899143219","2.95918989181519","2.74722003936768","","","2.73080992698669","3.14385008811951","2.70853996276856","3.14614009857178","2.90706992149353","2.75836992263794","3.09299993515015","3.19690990447998","2.59244990348816","3.18063998222351","2.98218989372253","3.00001001358032","3.3367600440979","3.66363000869751","4.04512227529275","4.18465094218116","","",
"Malta","MLT","Government expenditure on education, total (% of GDP)","SE.XPD.TOTL.GD.ZS","","","","","","","","","","","","6.15196990966797","5.54999017715454","5.269700050354","4.4931001663208","4.42221021652222","3.83189010620117","3.89760994911194","3.34882998466492","3.15364003181458","","2.86532998085022","2.85407996177673","3.31469011306763","3.07872009277344","3.24833989143372","3.10572004318237","3.16531991958618","3.33823990821838","3.58874011039734","3.83141994476318","3.92030000686646","4.31409978866577","","","","","","4.18536996841431","","","","4.15744018554688","","4.430260181427","","","5.95993995666504","5.47429990768433","5.04781007766724","6.20798015594482","7.57771015167236","6.24788999557495","7.40672016143799","6.84973001480103","4.91352987289429","4.95570993423462","4.34281015396118","","4.79941987991333","","4.92963981628418","4.71258020401001","","","",
"Myanmar","MMR","Government expenditure on education, total (% of GDP)","SE.XPD.TOTL.GD.ZS","","","","","","","","","","","","","2.86509990692139","3.27380990982056","","1.98739004135132","1.72618997097015","1.63782000541687","1.64365994930267","","","","","","","","","","","","","","","","","1.20247995853424","","","","","","","","","","","","","","","","0.787440001964569","","","","","","2.16652989387512","1.99249005317688","1.99976003170013","","","","","","",
"Middle East, North Africa, Afghanistan & Pakistan (excluding high income)","MNA","Government expenditure on education, total (% of GDP)","SE.XPD.TOTL.GD.ZS","","","","","","","","","","","","","","","","","","4.33670496940613","","","4.57553005218506","","5.60830020904541","","","","","","","4.03414011001587","","","","","","","3.699049949646","","","","","","","","","","","","4.11142015457153","","3.59431004524231","3.48497009277344","3.63716008451231","3.45445990562439","","3.71272133351629","3.92226004600525","3.73344993591309","","","","","","","","",
"Montenegro","MNE","Government expenditure on education, total (% of GDP)","SE.XPD.TOTL.GD.ZS","","","","","","","","","","","","","","","","","","","","","","","","","","","","","","","","","","","","","","","","","","","","","","","","","","","","","","","","","","","","","","","","","","",
"Mongolia","MNG","Government expenditure on education, total (% of GDP)","SE.XPD.TOTL.GD.ZS","","","","","","","","","","","","","","","","","","","","","","","","","","","","","","","","","","","","","","3.948970079422","5.49302005767822","5.14566993713379","5.55038022994995","","7.21078014373779","","4.32572984695435","","","4.69013023376465","","5.14483976364136","4.64510011672974","4.6090202331543","5.19521999359131","4.94078016281128","4.71483993530273","4.22361993789673","5.18311023712158","4.06898021697998","","","","","","3.65764999389648","5.21229982376099","",
"Northern Mariana Islands","MNP","Government expenditure on education, total (% of GDP)","SE.XPD.TOTL.GD.ZS","","","","","","","","","","","","","","","","","","","","","","","","","","","","","","","","","","","","","","","","","","","","","","","","","","","","","","","","","","","","","","","","","","",
"Mozambique","MOZ","Government expenditure on education, total (% of GDP)","SE.XPD.TOTL.GD.ZS","","","","","","","","","","","","","","","","","","","","","","","","","","","","","","","","","","","","","","","1.80137002468109","2.64153003692627","","","","","3.19837999343872","3.85834002494812","3.7359299659729","","","","5.24539789470058","5.53052494030773","5.5575098991394","6.03575992584229","6.39920843528224","5.91515660575298","5.80086994171143","5.48664999008179","5.38976001739502","5.99969523584354","6.17059556957808","6.34063583505687","5.97607342054314","","","",
"Mauritania","MRT","Government expenditure on education, total (% of GDP)","SE.XPD.TOTL.GD.ZS","","","","","","","","","","","","","","","","","","","","","","","","","","","","","","","","","","","","","","1.58580005168915","","1.72203004360199","","2.10683989524841","2.27714991569519","2.36501002311706","1.9507999420166","","1.95850002765655","","","","","2.33102011680603","2.15821003913879","2.29352998733521","2.55796423507035","2.82956598871445","1.94405996799469","","","1.82317996025085","1.80263996124268","1.891970038414","1.38966000080109","4.71521997451782","7.61007976531982","",
"Mauritius","MUS","Government expenditure on education, total (% of GDP)","SE.XPD.TOTL.GD.ZS","","","","","","","","","","","","3.11274003982544","3.07091999053955","2.78133010864258","","2.51991009712219","","4.3818998336792","5.49202013015747","","","4.98683977127075","4.54262018203735","4.39455986022949","4.03251981735229","3.91043996810913","3.43728995323181","3.01674008369446","3.08984994888306","3.46896004676819","3.12822008132935","3.46325993537903","","","","","","","","3.88743996620178","3.71902990341186","3.07347989082336","3.02024006843567","4.35718011856079","4.25576019287109","4.02402019500732","3.64840006828308","3.18540000915527","3.06307005882263","3.04731011390686","3.55147004127502","3.33207011222839","3.41820001602173","3.56775999069214","4.81514978408813","4.75847005844116","4.88207006454468","4.87887001037598","4.67447996139526","4.54195022583008","4.35243988037109","4.67151021957397","4.84085988998413","4.57479000091553","4.247389793396","",
"Malawi","MWI","Government expenditure on education, total (% of GDP)","SE.XPD.TOTL.GD.ZS","","","","","","","","","","","","","","","","","","","","","","","","","","","2.19795989990234","2.42225003242493","2.17925000190735","2.18262004852295","2.24734997749329","","","","","2.75467991828919","3.69773006439209","","","3.43224000930786","3.60612988471985","3.09834003448486","","2.20964002609253","","","","","","","2.43236994743347","2.85346007347107","2.52861185625253","3.72169995307922","3.32569003105164","3.85398006439209","3.28257989883423","2.76899003982544","3.32295989990234","","","","2.74888371105811","","","",
"Malaysia","MYS","Government expenditure on education, total (% of GDP)","SE.XPD.TOTL.GD.ZS","","","","","","","","","","","","4.55094003677368","","","","","","","","5.08760976791382","5.72619009017944","6.69696998596191","7.03278017044067","","5.66629981994629","6.1111102104187","7.24336004257202","6.32600021362305","","","","","5.11143016815185","4.65463018417358","4.70528984069824","4.3425498008728","4.91384983062744","4.62037992477417","","5.68678998947144","5.9716100692749","7.48446989059448","7.65792989730835","7.50288009643555","5.92389011383057","","4.48576021194458","4.37253999710083","3.95851993560791","5.97418022155762","4.96645021438599","5.76293992996216","5.73902988433838","5.48122978210449","5.21264982223511","4.89487981796265","4.75191020965576","4.6753101348877","4.47865009307861","4.15775012969971","3.91176009178162","4.26109393398867","3.49933781956284","3.51481008529663","","",
"North America","NAC","Government expenditure on education, total (% of GDP)","SE.XPD.TOTL.GD.ZS","","","","","","","","","","","","7.6842999458313","7.58980989456177","7.01386022567749","6.66714000701904","6.42132997512817","6.69841003417969","6.71090984344482","7.07383012771606","6.69220018386841","6.46289014816284","6.40900993347168","6.49725008010864","6.85547018051147","6.61841011047363","6.18943023681641","6.02058982849121","6.29827976226807","6.15022993087769","6.07406997680664","5.96922016143799","6.85951995849609","6.74663019180298","7.67834997177124","6.65829992294312","6.30476999282837","","","5.49377012252808","5.53079986572266","5.42330980300903","4.95304012298584","4.99306011199951","","","4.76589012145996","","4.76642990112305","4.62612009048462","4.84057998657227","5.35637998580933","5.26204013824463","","4.58899021148682","4.84358978271484","4.83500504493714","4.79984998703003","5.02647495269775","4.89200496673584","4.86520004272461","5.14162993431091","5.08448505401611","4.84426021575928","","","",
"Namibia","NAM","Government expenditure on education, total (% of GDP)","SE.XPD.TOTL.GD.ZS","","","","","","","","","","","","","","","","","","","","","","","","","","","","","","","","","","","","","","","","7.13076019287109","6.901780128479","6.88886976242065","6.7423300743103","6.13713979721069","","","6.03171014785767","","6.40342998504639","","8.24330043792725","8.02137930818109","9.24281237985165","8.59541659523254","3.66711166353218","9.8507685020388","10.5927948535144","1.39524534605831","8.88112249415185","9.32253195522987","9.27799879073429","10.3914477380895","9.3919470845238","","9.08440819434816","",
"New Caledonia","NCL","Government expenditure on education, total (% of GDP)","SE.XPD.TOTL.GD.ZS","","","","","","","","","","","","","","","","","","","","","","","","","","","","","","","","","","","","","","","","","","","","","","","","","","","","","","","","","","","","","","","","","","",
"Niger","NER","Government expenditure on education, total (% of GDP)","SE.XPD.TOTL.GD.ZS","","","","","","","","","","","","1.0522700548172","","","","","","","","","","","","","","","","","","","2.07436990737915","2.30833005905151","2.24298000335693","2.06511998176575","2.26538991928101","2.32975006103516","2.14417004585266","","","2.56854009628296","2.5650200843811","2.27981996536255","2.40135002136231","1.93705999851227","","","2.55851006507873","3.01462006568909","2.72311997413635","3.33588004112244","2.7219500541687","3.07762002944946","3.1868200302124","3.68953990936279","5.10368013381958","4.48669004440308","2.95843005180359","2.57818007469177","3.44956994056702","3.53358621816013","3.81906792754322","3.82175828133515","3.71231832079626","4.07412707618114","","",
"Nigeria","NGA","Government expenditure on education, total (% of GDP)","SE.XPD.TOTL.GD.ZS","","","","","","","","","","","","","","","3.21017003059387","3.0636899471283","","","","","","","","","","","","","","","","","","","","","","","","","","","","","","","","","","","","","0.549233086121929","0.534206768008091","0.470742539133469","0.436954905120644","0.393045646249364","0.396354013591345","0.419998493796127","0.358479005206684","0.35963763718498","0.381919104397325","0.348516707890877","0.319069049792343","","",
"Nicaragua","NIC","Government expenditure on education, total (% of GDP)","SE.XPD.TOTL.GD.ZS","","","","","","","","","","","2.03858995437622","2.49202990531921","","","","","","","","","","","","","","","","5.35174989700317","","","","","2.98497009277344","","","","","","2.22585010528564","2.92365002632141","3.00160002708435","","2.39101004600525","2.42200994491577","","","","","","","4.48422002792358","","","","4.08329010009766","4.07843017578125","4.08114004135132","4.35768985748291","4.47380693256251","4.59991969121332","4.58034059162685","4.08717467298944","3.80001496174069","2.86954998970032","","",
"Netherlands","NLD","Government expenditure on education, total (% of GDP)","SE.XPD.TOTL.GD.ZS","","","","","","","","","","","6.2120099067688","6.3189001083374","6.3092098236084","5.83436012268066","6.3265700340271","6.36227989196777","6.30303001403809","6.17341995239258","6.17534017562866","6.08136987686157","5.88415002822876","5.74091005325317","5.6866397857666","5.49269008636475","5.0826301574707","5.46484994888306","5.55338001251221","5.88925981521606","5.4634199142456","","5.22109985351562","5.1540699005127","","4.74960994720459","4.65639019012451","4.57215023040771","4.48540019989014","","4.53430986404419","4.4996600151062","4.58325004577637","4.68933010101318","4.78904008865356","5.0199499130249","5.0411901473999","5.08871984481812","5.01913976669312","4.85854005813599","4.99737977981567","5.38561010360718","5.45634984970093","5.41595983505249","5.36694002151489","5.48417997360229","5.40205001831055","5.27802991867065","5.38952016830444","5.08747005462646","5.26723003387451","5.0559401512146","5.29139995574951","5.37661981582642","5.17918014526367","","","",
"Norway","NOR","Government expenditure on education, total (% of GDP)","SE.XPD.TOTL.GD.ZS","","","","","","","","","","","","","5.90405988693237","5.89171981811523","5.67365980148315","5.55022001266479","6.16359996795654","5.97280979156494","6.44437980651855","","5.78014993667603","5.54364013671875","5.6788501739502","5.64629983901978","5.42936992645264","5.25567007064819","5.53984022140503","5.7880802154541","5.86597013473511","6.29984998703003","6.31036996841431","6.37321996688843","6.63613986968994","7.6766300201416","7.83044004440308","7.69568014144897","7.13806009292603","7.30343008041382","7.35761022567749","6.96224021911621","6.45935010910034","6.82014989852905","7.42243003845215","7.39930009841919","7.27745008468628","6.84081983566284","6.35823011398315","6.50672006607056","6.2491397857666","7.07068014144897","6.71042013168335","6.4148998260498","7.32766008377075","7.43905019760132","7.64402008056641","7.52335977554321","7.98443984985352","7.84599018096924","7.59564018249512","7.86455011367798","8.37281036376953","6.9602198600769","5.43234014511108","","","",
"Nepal","NPL","Government expenditure on education, total (% of GDP)","SE.XPD.TOTL.GD.ZS","","","","","","","","","","","","","","","","","","","","","","","","","","","","","","","","","","","","","","","2.89287996292114","2.89331007003784","2.9751501083374","3.70837998390198","3.15282988548279","3.11435008049011","3.1719400882721","3.3646399974823","3.60536003112793","3.51721000671387","3.8051700592041","4.6637601852417","3.63172006607056","3.8426399230957","3.29737997055054","3.01811003684998","3.47214007377625","3.25901007652283","3.90320992469788","4.76723003387451","4.43446016311646","3.89212886881753","4.24355670934502","4.42801034633091","4.13645081690396","3.95641148036706","3.68849173764595","",
"Nauru","NRU","Government expenditure on education, total (% of GDP)","SE.XPD.TOTL.GD.ZS","","","","","","","","","","","","","","","","","","","","","","","","","","","","","","","","","","","","","","","","","","","15.8634700775147","","","","","4.24858999252319","","","","","","","4.47278425925926","6.25260294117647","4.82214626865672","6.27397517241379","5.05296627218935","5.71828171428571","5.90502903225807","5.16034","5.91827971698113","5.77715015411377","","",
"New Zealand","NZL","Government expenditure on education, total (% of GDP)","SE.XPD.TOTL.GD.ZS","","","","","","","","","","","","","","4.75323009490967","4.7467999458313","5.16753005981445","5.45474004745483","4.45267009735107","4.53252983093262","4.46765995025635","4.23264980316162","4.44054985046387","4.5327000617981","","4.04568004608154","3.54629993438721","3.43031001091003","3.91739010810852","4.4258599281311","4.81824016571045","","","","","5.92605018615723","5.74212980270386","6.38371992111206","6.15721988677979","","6.6362099647522","5.60442018508911","","","","","","","","","","","","","5.88539981842041","5.8033299446106","5.70350980758667","5.49972009658813","5.27543020248413","5.1896800994873","5.1741099357605","5.64268016815185","5.5409197807312","5.16741991043091","5.21326017379761","","",
"OECD members","OED","Government expenditure on education, total (% of GDP)","SE.XPD.TOTL.GD.ZS","","","","","","","","","","","","","","","4.48191022872925","5.032790184021","4.74775981903076","","4.6614899635315","4.63207507133484","5.04939484596253","4.83411979675293","5.06423020362854","4.95777988433838","4.76098990440368","4.79152989387512","4.74810981750488","4.66263008117676","4.53172492980958","4.71301984786987","4.5779550075531","4.78370499610901","4.77559995651245","4.95080494880676","4.80685496330261","4.67394495010376","4.81781005859375","","4.44445991516113","4.56634497642517","4.66695022583008","4.92643976211548","5.16377520561218","5.13373994827271","5.0411901473999","4.92975997924805","4.90769004821777","4.76642990112305","4.90972995758057","5.38561010360718","5.36880016326904","5.13579487800598","4.89862012863159","4.99779987335205","4.93858003616333","4.93064022064209","4.8338451385498","4.86288022994995","4.88898992538452","4.94613003730774","5.29139995574951","5.12024998664856","5.05915021896362","","","",
"Oman","OMN","Government expenditure on education, total (% of GDP)","SE.XPD.TOTL.GD.ZS","","","","","","","","","","","","","","","","","","","","","","","","","","","3.79282999038696","3.65626001358032","3.38988995552063","2.97824001312256","2.49228000640869","2.62321996688843","2.74142003059387","3.07992005348206","3.0239999294281","2.99651002883911","2.79576992988586","2.94700002670288","3.61026000976562","3.52912998199463","2.8045699596405","3.52175998687744","3.77700996398926","3.40857005119324","3.5151801109314","3.07889008522034","3.37333011627197","","","3.6541600227356","","","","4.35383987426758","","","","5.99594020843506","4.58565998077393","5.06363010406494","6.87768983840942","","4.38311004638672","","","",
"Other small states","OSS","Government expenditure on education, total (% of GDP)","SE.XPD.TOTL.GD.ZS","","","","","","","","","","","","","","","","","","","","","","","","4.39455986022949","4.03251981735229","3.91043996810913","3.43728995323181","3.01674008369446","3.08984994888306","3.46896004676819","3.12822008132935","3.46325993537903","5.28141021728516","5.69822978973389","5.49428987503052","5.89866018295288","6.0549201965332","","","5.09095001220703","5.33945989608765","4.83824014663696","4.44086980819702","5.27171993255615","5.1386399269104","5.5480101108551","6.33027982711792","4.6196699142456","6.61812019348145","6.47135019302368","6.11837005615234","6.52042007446289","5.13334606829691","5.08461029694871","5.61812996864318","5.20310861907593","5.24433654170614","5.28924489021301","5.13962984085083","5.16293001174927","5.32546270122803","5.08247995376587","5.02409982681275","5.00431592836751","","",
"Pakistan","PAK","Government expenditure on education, total (% of GDP)","SE.XPD.TOTL.GD.ZS","","","","","","","","","","","","1.65421998500824","1.56881999969482","1.83042001724243","1.88065004348755","1.98008000850677","2.23794007301331","2.14983010292053","2.20418000221252","2.19807004928589","2.13094997406006","1.97245001792908","2.01366996765137","1.99576997756958","2.06984996795654","2.43543004989624","2.67812991142273","2.97745990753174","","2.36382007598877","2.51680994033814","2.56676006317139","2.54967999458313","2.38643002510071","2.58930993080139","2.79531002044678","2.81057000160217","3.02230000495911","","2.61147999763489","1.83782005310059","","","","1.44337999820709","1.67058002948761","1.98055994510651","2.23465991020203","2.27265000343323","2.17916989326477","2.05268001556396","2.00100994110107","1.97880005836487","2.23698997497559","2.2043399810791","2.38609004020691","2.66805005073547","2.57617998123169","2.33216949688293","2.21492004394531","2.05718240718423","1.68746129213991","1.97300945756988","1.94658005237579","","",
"Panama","PAN","Government expenditure on education, total (% of GDP)","SE.XPD.TOTL.GD.ZS","","","","","","","","","","","4.04328012466431","3.35391998291016","3.9828200340271","3.48574995994568","3.81979990005493","4.15451002120972","4.31272983551025","4.28096008300781","3.60597991943359","3.64254999160767","3.53567004203796","3.43179988861084","3.41850996017456","3.55090999603271","3.46870994567871","3.52146005630493","3.34574007987976","3.87012004852295","","","","","","","3.47054004669189","3.94780993461609","4.39390993118286","4.08364009857178","","4.75114011764526","4.89397001266479","4.18935012817383","4.2549901008606","4.19644021987915","3.55807995796204","","","","3.42529010772705","","","3.07034993171692","","","3.08107995986939","3.26552009582519","3.32278990745544","3.37834000587463","3.4524199962616","3.28122011579173","4.30487012863159","3.71198010444641","3.37781000137329","2.47225999832153","","",
"Peru","PER","Government expenditure on education, total (% of GDP)","SE.XPD.TOTL.GD.ZS","","","","","","","","","","","","","","3.39172005653381","","","","","","","","","","","","","","","","","","","","","","","3.11879992485046","","3.27817988395691","3.44133996963501","3.22802996635437","3.03712010383606","2.82056999206543","2.93779993057251","2.95787000656128","2.83903002738953","2.65281009674072","2.62940001487732","2.8677499294281","3.13994002342224","2.86730003356934","2.6635000705719","2.92276000976562","3.29729008674622","3.69599008560181","3.96933007240295","3.81316995620727","3.93130993843079","3.71392011642456","3.822429895401","4.25937986373901","3.92765998840332","3.83975005149841","4.24538993835449","4.35778999328613","",
"Philippines","PHL","Government expenditure on education, total (% of GDP)","SE.XPD.TOTL.GD.ZS","","","","","","","","","","","","","","","","","","","","","1.51271998882294","","1.82588994503021","1.483029961586","","","1.51701998710632","","","","","","","","","2.66400003433227","2.94357991218567","3.07755994796753","3.69745993614197","","3.16440010070801","2.92463994026184","2.89222002029419","2.93517994880676","2.46983003616333","2.32806992530823","2.42579007148743","2.48518991470337","2.58282995223999","2.53777003288269","","","","","2.66454238129968","2.83052303785203","3.30128109042443","3.96384087403915","3.85502760745456","3.40748649142134","3.85829051308063","3.87249754784633","3.57960089528426","3.6236863467978","3.92501087473821","3.96922646675346",
"Palau","PLW","Government expenditure on education, total (% of GDP)","SE.XPD.TOTL.GD.ZS","","","","","","","","","","","","","","","","","","","","","","","","","","","","","","","","","","","","","","","","","7.84434986114502","7.58415985107422","7.54601001739502","","","","","","","","","","","","","","","","","","3.47118076238812","3.94417105804533","3.57620133415525","3.43726476321334","","",
"Papua New Guinea","PNG","Government expenditure on education, total (% of GDP)","SE.XPD.TOTL.GD.ZS","","","","","","","","","","","","","5.24715995788574","","","","","7.38970994949341","","","","","","","","","","","","","","","","","","","","","","","","","","","","","","","","","","","","","","1.62515691017505","0.853806396301458","1.96493005752563","1.8748300075531","0.761761143914634","0.898018542083257","0.713984905932403","0.643376920751815","0.782122804685732","","",
"Poland","POL","Government expenditure on education, total (% of GDP)","SE.XPD.TOTL.GD.ZS","","","","","","","","","","","","","","","","","","","","","","","","","","","","","","","","3.89144992828369","4.1879301071167","4.1827597618103","","4.31374979019165","6.23327016830444","","4.92518997192383","4.57368993759155","4.96281003952026","5.29358005523682","5.37052011489868","5.30664014816284","5.33129978179932","5.41065979003906","5.18848991394043","4.86086988449097","5.02344989776611","4.97665977478027","5.08126020431519","4.82901000976562","4.83311986923218","4.99779987335205","4.93858003616333","4.78748989105225","4.62726020812988","4.54246997833252","4.55985021591187","4.62736988067627","4.80081987380981","4.61998987197876","4.31372976303101","","","",
"Pre-demographic dividend","PRE","Government expenditure on education, total (% of GDP)","SE.XPD.TOTL.GD.ZS","","","","","","","","","","","","","","","","","","","","","","","","","","","","","","","","","","","","","","","","2.45981001853943","2.46250998973847","2.44477009773254","2.40135002136231","","2.68110001087189","2.65652990341186","2.55851006507873","","2.5262999534607","","2.78498506546021","2.85960507392883","2.68840026027393","3.17475008964539","3.161789894104","3.20738632005996","2.75493664582725","3.12012994289398","3.03096008300781","3.0473994932468","3.24270320512235","3.10528051699067","2.89168744551701","3.24413772101569","","",
"Puerto Rico (US)","PRI","Government expenditure on education, total (% of GDP)","SE.XPD.TOTL.GD.ZS","","","","","","","","","","","","7.2505202293396","7.21458005905151","6.47992992401123","7.28690004348755","6.22974014282227","7.14049005508423","6.38756990432739","6.68102979660034","","","","","","","","","","","","","","","","","","","","","","","","","","","","","","","","","","","6.48106002807617","6.07265996932983","3.34032241682023","2.78358429967595","2.72538873126429","2.60388715714737","3.32791002069889","4.28663184360846","3.7296700261025","3.86129930773508","4.26898753959873","4.27101949674789","",
"Korea, Dem. People's Rep.","PRK","Government expenditure on education, total (% of GDP)","SE.XPD.TOTL.GD.ZS","","","","","","","","","","","","","","","","","","","","","","","","","","","","","","","","","","","","","","","","","","","","","","","","","","","","","","","","","","","","","","","","","","",
"Portugal","PRT","Government expenditure on education, total (% of GDP)","SE.XPD.TOTL.GD.ZS","","","","","","","","","","","","","","1.63391995429993","1.93535995483398","3.06245994567871","3.07873010635376","","2.90048003196716","2.69930005073547","3.06743001937866","3.18575000762939","3.32909989356995","3.23281002044678","3.14253997802734","3.26249003410339","3.04924988746643","3.15797996520996","3.38753008842468","3.47523999214172","3.56972002983093","4.0713300704956","4.33747005462646","4.84095001220703","4.67129993438721","4.61330986022949","5.065110206604","","","5.04687023162842","5.16386985778809","5.33713006973267","5.25872993469238","5.28152990341187","5.04640007019043","5.07393980026245","4.90769004821777","4.92149019241333","4.69608020782471","5.56315994262695","5.40499019622803","5.11688995361328","4.94226980209351","5.26528978347778","5.12005996704102","4.89425992965698","","5.02685022354126","4.6793999671936","4.6275200843811","4.86407995223999","4.77341985702515","4.55160999298096","","","",
"Paraguay","PRY","Government expenditure on education, total (% of GDP)","SE.XPD.TOTL.GD.ZS","","","","","","","","","","","2.10519003868103","2.26543998718262","","","","","","","","","","","","","","1.39584004878998","","","","","1.04070997238159","","","","","","","","4.19833993911743","4.23087978363037","4.2302098274231","3.8335599899292","3.40773010253906","3.3827600479126","2.86989998817444","","","2.73951005935669","","","2.7707200050354","3.69283008575439","3.66877007484436","2.67871193892232","2.59655894629063","3.33377822870463","3.43498992919922","3.09062070242279","3.2961960606943","3.48983027194334","3.93615007400513","3.41070008277893","3.39619994163513","3.393709897995","3.53410005569458","",
"West Bank and Gaza","PSE","Government expenditure on education, total (% of GDP)","SE.XPD.TOTL.GD.ZS","","","","","","","","","","","","","","","","","","","","","","","","","","","","","","","","","","","","","","","","","","","","","","","","","","","6.19167995452881","5.33527994155884","4.74210977554321","4.89467000961304","","4.66321992874146","4.98296022415161","4.72153997421265","","","","5.43442010879517","","","","",
"Pacific island small states","PSS","Government expenditure on education, total (% of GDP)","SE.XPD.TOTL.GD.ZS","","","","","","","","","","","","","","","","","","","","","","","","","","","","","","","","","","","","","","","","","","","","","","","","","","","","","","","","","","","","","","","","","","",
"Post-demographic dividend","PST","Government expenditure on education, total (% of GDP)","SE.XPD.TOTL.GD.ZS","","","","","","","","","","","","","","3.95707988739014","4.1964499950409","4.56979990005493","4.47359991073608","4.49635982513428","4.46040487289429","4.63207507133484","4.96105003356934","4.8071448802948","4.92411518096923","4.8572301864624","","","4.74810981750488","4.64671492576599","4.53172492980958","","4.55534982681274","5.12327003479004","","4.9570198059082","4.850830078125","4.8316798210144","4.65160512924195","","4.44884014129639","4.75953006744385","4.8624701499939","4.82218980789185","5.08508515357971","5.1067099571228","5.08508014678955","5.08472013473511","4.99780988693237","4.89001512527466","4.83649015426636","5.22412014007569","5.35637998580933","5.11688995361328","4.94226980209351","5.0094199180603","4.93057012557983","4.89425992965698","4.89537000656128","4.89189505577087","4.88650488853455","4.94613003730774","5.28408002853394","5.08272504806519","4.96171021461486","","","",
"French Polynesia","PYF","Government expenditure on education, total (% of GDP)","SE.XPD.TOTL.GD.ZS","","","","","","","","","","","","","","","","","","","","","","","","","","","","","","","","","","","","","","","","","","","","","","","","","","","","","","","","","","","","","","","","","","",
"Qatar","QAT","Government expenditure on education, total (% of GDP)","SE.XPD.TOTL.GD.ZS","","","","","","","","","","","","3.00027990341186","2.69144010543823","2.86783003807068","","","1.74697005748749","1.97005999088287","2.77696990966797","","","","","","","","","","","","","","","","","","","","3.57767009735107","4.34530019760132","3.72598004341125","3.20019006729126","3.84656000137329","3.37393999099731","3.46258997917175","3.97187995910644","","","4.22755002975464","3.41315007209778","4.53965997695923","4.01223993301392","3.50744009017944","4.07384014129639","3.60535001754761","","","2.96745991706848","","2.80378007888794","3.23368000984192","","","","","",
"Romania","ROU","Government expenditure on education, total (% of GDP)","SE.XPD.TOTL.GD.ZS","","","","","","","","","","","","","","","","","","","","","","","","","","","","","","","","","","","","","3.24121999740601","","","","2.86862993240356","3.26629996299744","3.50411009788513","3.54397010803223","3.31273007392883","3.50038003921509","4.30650997161865","4.14953994750977","4.09722995758057","4.00193023681641","3.41647005081177","2.91359996795654","2.8234601020813","3.06785011291504","3.12494993209839","3.10693001747131","3.0255401134491","3.11819005012512","3.31710004806519","3.55761003494263","3.57968997955322","3.31562995910644","3.2788200378418","","","",
"Russian Federation","RUS","Government expenditure on education, total (% of GDP)","SE.XPD.TOTL.GD.ZS","","","","","","","","","","","","","","","","","","","","","","","","","","","","","","","","","","","","","","","","","2.93979001045227","3.10601997375488","3.83502006530762","3.67855000495911","3.54785990715027","3.77192997932434","3.86626005172729","","4.10174989700317","","4.08974230526824","3.71261270253186","3.79310011863708","3.76382994651794","4.01387977600098","3.83402991294861","3.76044011116028","4.68990993499756","4.67819023132324","3.69561429198336","4.01641864383637","3.99480697864774","4.05402755323777","4.16454853394225","","",
"Rwanda","RWA","Government expenditure on education, total (% of GDP)","SE.XPD.TOTL.GD.ZS","","","","","","","","","","","","","","","","","","2.15020990371704","2.23247003555298","2.44127988815308","2.66633009910583","4.39297008514404","","","","","","3.50577998161316","3.33534002304077","3.7466299533844","","","","","","","","","","3.857990026474","3.43418002128601","4.82501983642578","","","","","","3.98502993583679","3.50215005874634","","4.63126993179321","4.38346004486084","4.42103004455566","4.7421498298645","4.19644021987915","3.64713001251221","3.43482995033264","3.1247398853302","3.07376003265381","3.23821222605582","3.33309745728459","5.58984994888306","4.74213981628418","4.92002010345459","4.61476993560791","",
"South Asia","SAS","Government expenditure on education, total (% of GDP)","SE.XPD.TOTL.GD.ZS","","","","","","","","","","","","","","","","","","","","1.8491849899292","1.82088500261307","1.75685495138169","1.78507000207901","1.71164000034332","1.69414502382278","1.92365998029709","2.07445496320724","2.07898503541946","","","1.96502494812012","2.17062002420426","","","","","","2.65692502260208","3.05140995979309","2.89331007003784","2.9751501083374","2.94015502929688","2.58498990535736","3.11435008049011","3.1719400882721","3.27670001983642","3.14284992218018","2.8597149848938","2.9298700094223","2.66707503795624","3.377690076828","2.96443998813629","2.7364399433136","2.49213999509811","2.78542835232231","2.6844950914383","3.5662499666214","3.44930493831635","3.22926235819159","3.89212886881753","3.1916501133819","3.29945958568872","3.09202235990416","2.16213826344701","2.86143825839217","",
"Saudi Arabia","SAU","Government expenditure on education, total (% of GDP)","SE.XPD.TOTL.GD.ZS","","","","","","","","","","","","","","","","","","","","","","3.89024996757507","4.14254999160767","5.97797012329102","6.10957002639771","","6.25535011291504","","","","","5.77946996688843","5.14463996887207","5.99928998947144","6.34382009506226","5.69247007369995","4.94373989105225","4.37706995010376","8.28131008148193","7.07226991653442","5.90982007980347","7.71887016296387","7.63688993453979","7.10509014129639","6.27747011184692","5.43093013763428","5.89117002487183","","5.13781023025513","","","","","","","","","","","","","","","4.48087978363037","","",
"Sudan","SDN","Government expenditure on education, total (% of GDP)","SE.XPD.TOTL.GD.ZS","","","","","","","","","","","","","","","","","","","","","","","","","","","","","","","","","","","","","","","","","1.01217997074127","","1.16425001621246","","1.31254994869232","1.17842996120453","1.55353999137878","","1.85150003433227","2.02213001251221","","","","","","","","","","","","","","","","",
"Senegal","SEN","Government expenditure on education, total (% of GDP)","SE.XPD.TOTL.GD.ZS","","","","","","","","","","","","","","","","","","","","","","","","","","","","","","","","","","","","","","","2.47458004951477","2.45981001853943","2.46335005760193","2.47150993347168","2.59441995620727","2.75125002861023","3.07778000831604","4.06443023681641","3.82138991355896","","4.02568006515503","4.92072010040283","0.544770002365112","4.90302991867065","4.77698993682861","5.68656015396118","5.72907018661499","5.45634984970093","5.11309003829956","4.74007987976074","5.11019992828369","5.03525018692017","5.6869797706604","5.61201000213623","5.95222997665405","6.16277045366329","","",
"Singapore","SGP","Government expenditure on education, total (% of GDP)","SE.XPD.TOTL.GD.ZS","","","","","","","","","","","","3.10976004600525","2.86826992034912","2.48882007598877","2.38852000236511","2.43949007987976","2.69238996505737","2.4507999420166","2.29099988937378","2.24924993515015","2.55966997146606","2.58365988731384","3.26776003837585","3.94772005081177","","","","","3.65207004547119","","","","","","","","","","","","3.32129001617432","3.54250001907349","3.87852001190186","3.98194003105164","3.65276002883911","3.19596004486084","2.85911989212036","2.94673991203308","2.76460003852844","3.01012992858887","3.08044004440308","3.03077006340027","3.07084989547729","2.85435009002686","3.01358665503678","2.99161870509909","2.94466258946576","2.87916382421742","2.85314011573792","2.72783994674683","2.69227004051208","2.82732009887695","2.47478008270264","2.1037700176239","2.19099857819757","",
"Solomon Islands","SLB","Government expenditure on education, total (% of GDP)","SE.XPD.TOTL.GD.ZS","","","","","","","","","","","","3.40000009536743","","","","","","","","","","","","","","","","","","","","3.87719011306763","","","","","","","2.31550002098083","","","","","","","","","7.33327007293701","6.89515018463135","6.6585898399353","7.47837018966675","","","","","","","","","","9.64354620369343","8.33232704380039","8.48737829731105","8.29349080062944","","",
"Sierra Leone","SLE","Government expenditure on education, total (% of GDP)","SE.XPD.TOTL.GD.ZS","","","","","","","","","","","","","","","","","","","","","","","","","","","","","","","","","","","","","","","","","4.94936990737915","2.22618007659912","2.29766988754273","2.10887002944946","2.01167011260986","1.81370997428894","","1.52012002468109","1.4541300535202","1.72441005706787","1.56553995609283","1.61538004875183","1.77787005901337","1.56069004535675","1.73754000663757","3.21786273563993","1.84832000732422","3.0150101184845","4.46809005737305","4.65177011489868","5.34702014923096","5.59322023391724","4.90762996673584","2.62455277942046","","",
"El Salvador","SLV","Government expenditure on education, total (% of GDP)","SE.XPD.TOTL.GD.ZS","","","","","","","","","","","","","","","","0.904510021209717","","","","","","","","","","","","","","","","","","","","","","","2.54725003242493","2.56260991096497","2.8386800289154","","3.242840051651","3.13467001914978","","3.17785000801086","3.49298000335693","3.60984992980957","4.45810985565185","4.65950012207031","4.04807996749878","3.89854001998901","3.7124400138855","3.80149006843567","3.82416009902954","3.90987992286682","3.82523989677429","3.7252299785614","3.60575008392334","3.38710999488831","3.66088008880615","3.57766008377075","3.26848006248474","3.18734002113342","3.31666994094849","",
"San Marino","SMR","Government expenditure on education, total (% of GDP)","SE.XPD.TOTL.GD.ZS","","","","","","","","","","","","","","","","","","","","","","","","","","","","","","","","","","","","","","","","","","","","","","","","","","","2.62883996963501","2.70296001434326","","3.26723534651899","3.19357628015873","3.11914279579368","3.02697977142855","3.36997008323669","3.55516004562378","3.37969994544983","3.4246199131012","3.10892009735107","2.89753007888794","","","",
"Somalia, Fed. Rep.","SOM","Government expenditure on education, total (% of GDP)","SE.XPD.TOTL.GD.ZS","","","","","","","","","","","","","1.10283994674683","1.33887994289398","","","","","","","","","","","","","","","","","","","","","","","","","","","","","","","","","","","","","","","","","","","","","4.00990834307E-06","5.73281247182E-06","6.12054361034E-06","6.75308344309E-06","7.21674775437E-06","8.14262404011E-06","","",
"Serbia","SRB","Government expenditure on education, total (% of GDP)","SE.XPD.TOTL.GD.ZS","","","","","","","","","","","","","","","","","","","","","","","","","","","","","","","","","","","","","","","","","","","","","","","","4.04881000518799","","4.3127498626709","","4.0735502243042","","","","","3.50275993347168","3.56539011001587","3.43663001060486","3.45865988731384","","3.14615988731384","3.08255004882812","3.40377998352051","","",
"Sub-Saharan Africa (excluding high income)","SSA","Government expenditure on education, total (% of GDP)","SE.XPD.TOTL.GD.ZS","","","","","","","","","","","","","","","","","","","","","","","","","","","","","","","","","","","","","","","","2.96396994590759","2.64609491825104","2.707200050354","2.81047010421753","","2.91176009178162","2.91943001747131","2.92044496536255","","2.77728009223938","3.1165601015091","3.07808995246887","3.07762002944946","3.28166997432708","3.56775999069214","3.32569003105164","3.57062995433808","3.28257989883423","3.53460991382599","3.38626492023468","3.24716413970868","3.40395039640257","3.31281536274069","3.0972642678305","3.25853222146531","","",
"South Sudan","SSD","Government expenditure on education, total (% of GDP)","SE.XPD.TOTL.GD.ZS","","","","","","","","","","","","","","","","","","","","","","","","","","","","","","","","","","","","","","","","","","","","","","","","","","","1.04533007934585","0.962890028953552","1.57674938085481","1.02450001239777","1.23246002197266","1.46555995941162","1.56539228959694","","","","","","","","","",
"Sub-Saharan Africa","SSF","Government expenditure on education, total (% of GDP)","SE.XPD.TOTL.GD.ZS","","","","","","","","","","","","","","","","","","","","","","","","","","","","","","","","","","","","","","","","2.96396994590759","2.64609491825104","2.707200050354","2.81047010421753","","2.91176009178162","2.91943001747131","2.92044496536255","","2.77728009223938","3.1165601015091","3.07808995246887","3.07762002944946","3.28166997432708","3.56775999069214","3.32569003105164","3.57062995433808","3.28257989883423","3.53460991382599","3.38626492023468","3.24716413970868","3.40395039640257","3.31281536274069","3.0972642678305","3.25853222146531","","",
"Small states","SST","Government expenditure on education, total (% of GDP)","SE.XPD.TOTL.GD.ZS","","","","","","","","","","","","","","","","","","","","","3.76807999610901","","5.45739984512329","5.08057999610901","4.95321488380432","4.83909487724304","","","","3.83441507816315","3.39117503166199","","","","4.46304988861084","4.72860503196716","4.65184509754181","4.83154511451721","4.33714008331299","4.4891949892044","4.52924489974975","3.95586001873016","3.9919399023056","4.81445002555847","5.1386399269104","5.5480101108551","6.33027982711792","4.6196699142456","6.61812019348145","6.47135019302368","5.81795501708984","5.75778007507324","4.67340993881226","4.93234006249108","4.81514978408813","5.05127000808716","5.05511999130249","4.87887001037598","4.90705490112305","4.85244011878967","4.83895129079956","4.87699508666992","4.84085988998413","4.78955296464152","","",
"Sao Tome and Principe","STP","Government expenditure on education, total (% of GDP)","SE.XPD.TOTL.GD.ZS","","","","","","","","","","","","","","","","","","","","","","","","","","","","","","","","","","","","","","","","","","","2.72058010101318","3.24692988395691","3.23470997810364","4.85645008087158","4.27118015289307","6.28682994842529","5.5544900894165","9.99429035186768","9.9882698059082","8.79410245042467","6.92846012115479","6.68509006500244","4.4321699142456","4.69794988632202","6.11515998840332","5.87489986419678","5.62454986572266","6.10573891896978","5.02931173372591","5.53985041124283","5.19392101712613","5.0288576428727","","",
"Suriname","SUR","Government expenditure on education, total (% of GDP)","SE.XPD.TOTL.GD.ZS","","","","","","","","","","","","","","","","","","","","","","","","","","","","","","","","","","","","","","","","","","","","","","","","","","","","","","","","5.53479610522553","5.64051904970974","5.45861311514349","4.92259355761269","6.77857289012664","4.58425708265782","4.13154972947739","3.43460841988051","2.86623341491363","","",
"Slovak Republic","SVK","Government expenditure on education, total (% of GDP)","SE.XPD.TOTL.GD.ZS","","","","","","","","","","","","","","","","","","","","","","","","","","","","","","","","","5.28739976882935","4.3918399810791","3.66429996490479","4.24178981781006","4.08450984954834","4.10179996490479","","4.10291004180908","3.86823010444641","3.94236993789673","4.25193023681641","4.23699998855591","4.11747980117798","3.77565002441406","3.70850992202759","3.52223992347717","3.52339005470276","4.00893020629883","4.04704999923706","3.90686988830566","3.85490989685059","4.06078004837036","4.20446014404297","4.56416988372803","3.88375997543335","3.91876006126404","3.93534994125366","4.26779985427856","4.720290184021","4.71766996383667","4.65688991546631","","","",
"Slovenia","SVN","Government expenditure on education, total (% of GDP)","SE.XPD.TOTL.GD.ZS","","","","","","","","","","","","","","","","","","","","","","","","","","","","","","","","4.07291984558105","4.72125005722046","4.9570198059082","4.69971990585327","4.90210008621216","","","","","","5.81461000442505","5.74013996124268","5.75657987594604","5.68693017959595","5.64437007904053","5.62207984924316","5.13660001754761","5.13438987731934","5.62079000473022","5.59362983703613","5.58290004730225","5.6702299118042","5.46767997741699","5.34328985214233","4.95528984069824","4.84419012069702","4.82381010055542","4.97948980331421","4.93479013442993","5.41901016235352","5.39167022705078","5.28065013885498","","","",
"Sweden","SWE","Government expenditure on education, total (% of GDP)","SE.XPD.TOTL.GD.ZS","","","","","","","","","","","","","","","","","","","","6.3815598487854","6.54646015167236","6.79096984863281","","","","","","","","","5.21969985961914","5.45164012908935","5.26608991622925","5.51494979858398","","6.15396022796631","6.833740234375","","7.05913019180298","6.84251022338867","6.7383599281311","6.61482000350952","6.91077995300293","6.79678010940552","6.6729998588562","6.51516008377075","6.37277984619141","6.18673992156982","6.38263988494873","6.78425979614258","6.56318998336792","6.40655994415283","7.57456016540527","7.6465802192688","7.62924003601074","7.49442005157471","7.63991022109985","7.63849020004272","7.69825983047485","7.66307020187378","7.95333003997803","7.60224008560181","7.31909990310669","","","",
"Eswatini","SWZ","Government expenditure on education, total (% of GDP)","SE.XPD.TOTL.GD.ZS","","","","","","","","","","","","","","","","","3.71434998512268","3.94429993629456","5.7965202331543","6.36428022384644","5.2972002029419","6.58382987976074","6.75364017486572","","","","","5.80219984054565","5.51155996322632","5.66129016876221","5.48457002639771","","","","5.14028978347778","5.6531400680542","4.93815994262695","","","5.09095001220703","5.50848007202148","4.83824014663696","4.44086980819702","5.81677007675171","5.40160989761353","6.48462009429932","6.55475997924805","","6.61812019348145","6.47135019302368","6.11837005615234","6.86432981491089","5.59328219778155","5.08461029694871","7.28094005584717","5.35494723006471","5.43355309210979","6.177914116856","5.73687354676617","5.69914824136892","5.32546270122803","5.28714899285221","5.57274175738511","5.00431592836751","6.03082905337534","",
"Sint Maarten (Dutch part)","SXM","Government expenditure on education, total (% of GDP)","SE.XPD.TOTL.GD.ZS","","","","","","","","","","","","","","","","","","","","","","","","","","","","","","","","","","","","","","","","","","","","","","","","","","","","","4.61834872782909","","3.06759489680727","","","","","","","","4.27420508508285","3.92363832601723","","",
"Seychelles","SYC","Government expenditure on education, total (% of GDP)","SE.XPD.TOTL.GD.ZS","","","","","","","","","","","4.18847990036011","4.06639003753662","4.24694013595581","","4.28332996368408","4.34501981735229","4.7459602355957","","","","","","","","11.3056898117065","9.61779022216797","9.12957000732422","","7.79334020614624","7.73472023010254","","","","","8.47928047180176","7.24050998687744","7.31149005889893","","5.63179016113281","4.94468021392822","","","4.88109016418457","5.05177021026611","","","4.48331022262573","","","","","3.62995004653931","2.54216003417969","3.61840009689331","3.95247006416321","4.91460990905762","4.0213098526001","3.34617325657655","3.59446940668662","3.5588555711461","4.18704837049316","4.86547351368626","3.65858904774836","4.45409960547034","","",
"Syrian Arab Republic","SYR","Government expenditure on education, total (% of GDP)","SE.XPD.TOTL.GD.ZS","","","","","","","","","","","","","3.5835599899292","3.68990993499756","","3.93450999259949","5.83145999908447","5.71441984176636","5.51425981521606","4.96616983413696","4.57553005218506","5.38392019271851","5.89761018753052","","6.13389015197754","6.07004976272583","5.62294006347656","4.56184005737305","3.61585998535156","4.03414011001587","","","","","","","3.699049949646","","","","","4.54640007019043","5.26983976364136","6.48086023330688","5.37147998809815","","5.27966022491455","4.86469984054565","4.59525012969971","5.13012981414795","","","","","","","","","","","","","","","","",
"Turks and Caicos Islands","TCA","Government expenditure on education, total (% of GDP)","SE.XPD.TOTL.GD.ZS","","","","","","","","","","","","","","","","","","","","","","","","","","","","","","","","","","","","","","","","","4.71883010864258","4.84300994873047","5.06913995742798","4.72877979278565","","2.54099988937378","","","","","","3.16663368961357","2.69749326490282","2.80478695053816","2.74654631561921","3.09093999862671","2.90744573120893","2.47278207606746","2.7437698841095","2.12170004844665","2.46213795190062","3.27759003639221","2.77640008926392","2.68765461969981","2.94998113247616","",
"Chad","TCD","Government expenditure on education, total (% of GDP)","SE.XPD.TOTL.GD.ZS","","","","","","","","","","","","","","","","","","","","","","","","","","","","","","","","","","","","","","2.27335000038147","1.64903998374939","3.22786998748779","2.64670991897583","2.42614006996155","","","1.59294998645782","1.30189001560211","","","","1.74366998672485","1.50397002696991","1.64717996120453","1.52493000030518","2.06696009635925","2.32031229563021","2.34283149521162","2.38847586229946","1.8390200138092","2.25947501392013","2.37245795383591","2.73960390423748","2.01648998260498","2.6016118897064","3.20149725837724","","",
"East Asia & Pacific (IDA & IBRD countries)","TEA","Government expenditure on education, total (% of GDP)","SE.XPD.TOTL.GD.ZS","","","","","","","","","","","","","","","","","","","","","","","","","","","","","","","","","","","","2.24833500385284","2.6866649389267","3.51326501369476","","","4.20893001556396","2.69233500957489","2.89222002029419","","2.74846005439758","","","3.07841992378235","3.50850009918213","3.86193990707398","3.77720499038697","3.7802300453186","4.47245001792908","4.32617497444153","3.54012312110584","3.58361005783081","3.46906995773315","3.44198917089946","2.76635312459968","2.5778339953863","3.15314171737183","2.94517488804327","2.28490151187525","3.01801614079218","","",
"Europe & Central Asia (IDA & IBRD countries)","TEC","Government expenditure on education, total (% of GDP)","SE.XPD.TOTL.GD.ZS","","","","","","","","","","","","","","","","","","","","","","","","","","","","","","","","","","","","","3.51256990432739","","","3.89256000518799","3.3304500579834","3.36311495304107","3.38608002662659","3.67855000495911","3.54785990715027","3.64203000068665","3.88486003875732","3.96898007392883","4.10174989700317","4.29351997375488","4.00675010681152","3.93511009216309","3.84736856575951","4.34479999542236","4.19388008117676","3.88469004631042","4.09224009513855","4.07754993438721","4.05201005935669","3.99502992630005","4.40854978561401","4.11373496055603","3.90450382025902","3.93686432529785","","",
"Togo","TGO","Government expenditure on education, total (% of GDP)","SE.XPD.TOTL.GD.ZS","","","","","","","","","","","1.49680995941162","","","","","","","","","4.72960996627808","","4.16519021987915","","","3.81927990913391","","","3.34063005447388","","","","","4.01865005493164","","","","3.12452006340027","","2.82129001617432","2.96396994590759","2.77644991874695","2.66750001907349","2.46951007843018","2.35525989532471","2.20198011398315","2.23748993873596","2.43236994743347","2.48604011535644","2.38472008705139","2.76807999610901","2.95976996421814","3.07750010490417","3.37651991844177","3.17475008964539","3.4237699508667","3.71096992492676","3.6624801158905","3.76526999473572","4.09162998199463","4.20164196626882","4.08528017372931","4.22702442483079","3.77811083266775","4.14281885166484","","",
"Thailand","THA","Government expenditure on education, total (% of GDP)","SE.XPD.TOTL.GD.ZS","","","","","","","","","","","","3.06622004508972","3.02915000915527","2.55425000190735","2.14686989784241","2.38088011741638","3.01672005653381","3.21512007713318","","2.84528994560242","2.57453989982605","2.88314008712769","3.27388000488281","3.46387004852295","3.43722009658814","","3.40796995162964","3.1158299446106","2.75342988967896","2.50243997573852","","3.08859992027283","3.04541993141174","","3.4052300453186","3.14497995376587","3.49960994720459","4.57718992233276","4.62569999694824","4.83267021179199","5.25345993041992","4.81787014007568","3.86491990089417","3.72561001777649","4.03088998794556","3.93859004974365","4.05038022994995","3.60314989089966","3.50850009918213","3.86193990707398","3.50846004486084","4.80556011199951","4.53672981262207","4.12401008605957","3.91917751852112","3.86397622727286","3.76761756770937","3.46532147640365","3.19769395901619","3.02221411183282","3.15314171737183","2.98212428478268","2.61187022798634","2.52122219628772","","",
"Tajikistan","TJK","Government expenditure on education, total (% of GDP)","SE.XPD.TOTL.GD.ZS","","","","","","","","","","","","","","","","","","","","","","","","","","","","","","","","","","8.18558979034424","","2.06590008735657","2.04345011711121","","2.52849006652832","2.07651996612549","2.32871007919311","2.37659001350403","2.77578997612","2.42078995704651","2.77203011512756","3.51213002204895","3.40350008010864","3.41326999664307","3.45983004570007","4.0983099937439","4.00675010681152","3.93511009216309","4.01803016662598","5.29397617900035","5.59398898966753","4.96774005889893","5.73094142576332","5.54471764262202","5.38508736377556","5.48427628435415","5.13516829187823","4.38253082077599","5.39829770599001","5.43682120015444","","",
"Turkmenistan","TKM","Government expenditure on education, total (% of GDP)","SE.XPD.TOTL.GD.ZS","","","","","","","","","","","","","","","","","","","","","","","","","","","","","","","","","","","","","","","","","","","","","","","","","","","","","3.04924988746643","","","","","","","3.12054991722107","3.76267004013061","3.8489100933075","3.58004999160767","2.71291995048523","4.28878021240234","",
"Latin America & the Caribbean (IDA & IBRD countries)","TLA","Government expenditure on education, total (% of GDP)","SE.XPD.TOTL.GD.ZS","","","","","","","","","","","","","","","","","","","","","","","","","","","","","","","","","","","","2.98509001731872","","","3.22827994823456","3.7083899974823","3.63414001464844","3.83911502361298","3.75037002563477","3.45890498161316","3.55807995796204","","3.79288995265961","3.85516512393952","4.53208994865417","5.20644998550415","4.54225492477417","4.14937019348145","4.65310001373291","4.54814004898071","4.44840502738952","4.44749157539063","4.41408840162469","4.40769505500793","4.46145347505506","4.51068019866943","4.53493916058743","4.08717467298944","3.83975005149841","3.79014883614714","","",
"Timor-Leste","TLS","Government expenditure on education, total (% of GDP)","SE.XPD.TOTL.GD.ZS","","","","","","","","","","","","","","","","","","","","","","","","","","","","","","","","","","","","","","","","","","","","","","","","","8.67014980316162","12.9024801254272","11.1065797805786","10.1935195922852","7.16214990615845","5.66632986068726","7.51430988311768","8.46706962585449","8.12837982177734","7.17093992233276","6.848060131073","4.17968913742937","3.65287360437751","2.97389404101318","","5.24052834781801","","",
"Middle East, North Africa, Afghanistan & Pakistan (IDA & IBRD)","TMN","Government expenditure on education, total (% of GDP)","SE.XPD.TOTL.GD.ZS","","","","","","","","","","","","","","","","","","4.33670496940613","","","4.57553005218506","","5.60830020904541","","","","","","","4.03414011001587","","","","","","","3.699049949646","","","","","","","","","","","","4.11142015457153","","3.4794499874115","","3.28807998789672","","3.76692408663556","3.65584062815341","3.68754005432129","3.59650993347168","3.61980009078979","3.24005007743835","3.55303483980158","","3.15300011634827","3.51486315596325","","",
"Tonga","TON","Government expenditure on education, total (% of GDP)","SE.XPD.TOTL.GD.ZS","","","","","","","","","","","","","","","","","","","","","","","","","10.3465099334717","","","","","","","","","","","","","","5.51712989807129","5.38055992126465","4.87807989120483","4.47756004333496","3.79500007629394","4.15951013565063","3.91376996040344","","","","","","","","","","","","","4.63626808288478","4.71514397196975","4.86170396202671","5.04883511346915","5.162544372426","5.31016278046634","","","",
"South Asia (IDA & IBRD)","TSA","Government expenditure on education, total (% of GDP)","SE.XPD.TOTL.GD.ZS","","","","","","","","","","","","","","","","","","","","1.8491849899292","1.82088500261307","1.75685495138169","1.78507000207901","1.71164000034332","1.69414502382278","1.92365998029709","2.07445496320724","2.07898503541946","","","1.96502494812012","2.17062002420426","","","","","","2.65692502260208","3.05140995979309","2.89331007003784","2.9751501083374","2.94015502929688","2.58498990535736","3.11435008049011","3.1719400882721","3.27670001983642","3.14284992218018","2.8597149848938","2.9298700094223","2.66707503795624","3.377690076828","2.96443998813629","2.7364399433136","2.49213999509811","2.78542835232231","2.6844950914383","3.5662499666214","3.44930493831635","3.22926235819159","3.89212886881753","3.1916501133819","3.29945958568872","3.09202235990416","2.16213826344701","2.86143825839217","",
"Sub-Saharan Africa (IDA & IBRD countries)","TSS","Government expenditure on education, total (% of GDP)","SE.XPD.TOTL.GD.ZS","","","","","","","","","","","","","","","","","","","","","","","","","","","","","","","","","","","","","","","","2.96396994590759","2.64609491825104","2.707200050354","2.81047010421753","","2.91176009178162","2.91943001747131","2.92044496536255","","2.77728009223938","3.1165601015091","3.07808995246887","3.07762002944946","3.28166997432708","3.56775999069214","3.32569003105164","3.57062995433808","3.28257989883423","3.53460991382599","3.38626492023468","3.24716413970868","3.40395039640257","3.31281536274069","3.0972642678305","3.25853222146531","","",
"Trinidad and Tobago","TTO","Government expenditure on education, total (% of GDP)","SE.XPD.TOTL.GD.ZS","","","","","","","","","","","","","","","","","","","","","3.76807999610901","","5.45739984512329","5.76660013198853","5.87390995025635","5.76774978637695","","","","4.1998701095581","3.65412998199463","","","","3.43180990219116","3.55854988098144","3.24876999855042","3.3252100944519","2.43892002105713","2.75611996650696","2.75565004348755","3.06528997421265","3.54300999641419","3.13660001754761","","","","","","","4.21155458844183","3.85078840215008","3.57398000577018","3.75275872925405","3.59013796983043","4.42459330779419","4.21428227509361","3.3293687903123","3.47141762674052","3.55386116245268","4.22041988372803","3.04397988319397","2.81801009178162","3.23358011245727","","",
"Tunisia","TUN","Government expenditure on education, total (% of GDP)","SE.XPD.TOTL.GD.ZS","","","","","","","","","","","","","","","","","","","","","5.2351598739624","4.88935995101929","5.28604984283447","5.4576301574707","5.51744985580444","5.53972005844116","5.87948989868164","","","","5.79086017608643","6.02747011184692","5.75488996505737","5.98376989364624","6.17646980285645","6.42975997924805","6.2878098487854","6.67902994155884","","6.27098989486694","6.20196008682251","6.20184993743896","5.79006004333496","6.81675004959106","6.72078990936279","6.4515700340271","6.43879985809326","6.46451997756958","6.27157020568848","6.528480052948","5.96306991577148","","5.95086002349854","","","6.22044992446899","","","","6.17373240410185","7.26507545467782","6.67984656240779","6.8049896073928","6.73398856321206","","",
"Turkiye","TUR","Government expenditure on education, total (% of GDP)","SE.XPD.TOTL.GD.ZS","","","","","","","","","","","","","","","","","","","4.34774017333984","2.91519999504089","","2.20830011367798","1.75490999221802","2.64759993553162","2.02923011779785","1.73810994625092","1.50957000255585","","","","","","","3.36546993255615","3.42482995986939","2.2511100769043","","","0","","","","","","","","","","","","","4.22150993347168","4.38721990585327","4.34479999542236","4.41256999969482","4.30550003051758","4.62773990631104","4.32369995117188","4.29729986190796","4.44776010513306","4.03382015228271","3.53787994384766","3.09571003913879","","","",
"Tuvalu","TUV","Government expenditure on education, total (% of GDP)","SE.XPD.TOTL.GD.ZS","","","","","","","","","","","","","","","","","","","","","","","","","","","","","","","6.98569011688232","","","","","","","3.45019006729126","","","","","","","","","","","","","","","","","","","","","","","14.5482776139014","15.5155119679441","13.7621912480198","12.8456897735596","","",
"Tanzania","TZA","Government expenditure on education, total (% of GDP)","SE.XPD.TOTL.GD.ZS","","","","","","","","","","","","1.72370004653931","1.74755001068115","1.87657999992371","1.91419005393982","","","","","","2.62531995773315","","","","","","","","","1.54892003536224","1.4723299741745","","","","","","1.74416995048523","1.69306004047394","1.49838995933533","","","","","","3.56245994567871","3.54747009277344","3.00991988182068","4.0334300994873","4.18591022491455","3.96075010299683","4.54169988632202","4.57789905920015","4.22964300342458","4.63769446369719","3.38488006591797","4.19486548285076","4.10196721791864","4.43052005767822","3.69962000846863","3.59683638888648","3.23097255920833","3.11515335288784","3.2382450375764","3.25853222146531","3.15504437906936","",
"Uganda","UGA","Government expenditure on education, total (% of GDP)","SE.XPD.TOTL.GD.ZS","","","","","","","","","","","","3.16105008125305","","3.3502299785614","3.39091992378235","3.22102999687195","2.67658996582031","","","","","","2.51552009582519","1.68909001350403","2.42835998535156","3.431960105896","","","5.10366010665894","","","","","","","","","","","","2.461669921875","","","","4.95237016677856","","","","","","1.72739994525909","2.29890990257263","1.79746997356415","1.87114000320435","1.91472005844116","2.32152009010315","2.13789010047913","2.25362992286682","2.13052010536194","2.30828081242322","2.57222181308255","2.63593612308533","2.56105027176925","","","",
"Ukraine","UKR","Government expenditure on education, total (% of GDP)","SE.XPD.TOTL.GD.ZS","","","","","","","","","","","4.57292985916138","","","","","","","","","","","","","","","","","","","","","","","","","","","5.45600986480713","4.44884014129639","3.61807990074158","4.02293014526367","4.52568006515503","5.24006986618042","5.4001898765564","5.12376022338867","5.84819984436035","5.97945976257324","5.90244007110596","6.15242004394531","7.05074977874756","","5.93769979476929","6.44267988204956","6.41987991333008","5.87491989135742","5.33951727495092","5.00976991653442","5.41706991195679","5.3199200630188","5.44129991531372","5.38230991363525","5.14010000228882","","","","",
"Upper middle income","UMC","Government expenditure on education, total (% of GDP)","SE.XPD.TOTL.GD.ZS","","","","","","","","","","","","","","","","","","","","","","","","","","","","","","","","","","","","","","","","3.89256000518799","3.85399007797241","3.83911502361298","3.57905006408691","3.6303299665451","4.00268995761872","4.02098989486694","3.98355007171631","4.04881000518799","3.94865000247955","4.58856511116027","3.87756001949311","3.98604512214661","4.37880492210388","4.23440504074097","3.87166880877533","3.93960499763489","3.91997003555298","3.93130993843079","3.8739988462993","3.8701798915863","4.14660000801086","3.77549505233765","3.53946935742355","3.6236863467978","","",
"Uruguay","URY","Government expenditure on education, total (% of GDP)","SE.XPD.TOTL.GD.ZS","","","","","","","","","","","","","","","","","","","","1.98713004589081","2.15950989723206","","","","2.37338995933533","2.56679010391235","3.1028299331665","","","","","2.47907996177673","2.41153001785278","","2.27171993255615","2.521399974823","2.86985993385315","","2.24337005615234","","2.42254996299744","2.80096006393433","2.32220005989075","2.0682098865509","2.49954009056091","2.71476006507873","2.85664010047913","","","","","4.14937019348145","4.09353338283242","4.23893022537231","4.26735019683838","4.20636987686157","4.36420011520386","4.41787004470825","4.60361003875732","4.62834978103638","4.55217981338501","4.46211004257202","4.4795298576355","4.76461982727051","","",
"United States","USA","Government expenditure on education, total (% of GDP)","SE.XPD.TOTL.GD.ZS","","","","","","","","","","","","","","","","","","","","","","","","","","","","","","","","","","","","","","","","","","","","","","","","","","","","","","","","4.93064022064209","4.78327989578247","5.09296989440918","4.89502000808716","4.95746994018555","5.39530992507935","5.42038011550903","","","","",
"Uzbekistan","UZB","Government expenditure on education, total (% of GDP)","SE.XPD.TOTL.GD.ZS","","","","","","","","","","","","","","","","","","","","","","","","","","","","","","","","","","","","","","","","","","","","","","","","","","","","","","5.74191999435425","5.71325016021729","5.49444007873535","5.38089990615845","4.48249006271362","4.83589298172277","6.29534678547216","4.44021987915039","4.13580989837646","5.23477171022152","5.47287597270024","","",
"St. Vincent and the Grenadines","VCT","Government expenditure on education, total (% of GDP)","SE.XPD.TOTL.GD.ZS","","","","","","","","","","","","","","","","","","","","","","","","","","","4.42911005020142","","","4.46868991851807","","4.87377023696899","","","","","","","4.03337001800537","5.75268983840942","7.32787990570068","","7.38802003860474","8.17488956451416","","6.03082990646362","","5.43937015533447","","5.3761100769043","4.80839014053345","","","","","4.95614634835429","5.45265007019043","5.37974977493286","5.22357988357544","","5.46376310406546","","7.07575034584772","6.4582691706334","","",
"Venezuela, RB","VEN","Government expenditure on education, total (% of GDP)","SE.XPD.TOTL.GD.ZS","","","","","","","","","","","4.16286993026733","4.1799201965332","4.83728981018066","","3.94795989990234","5.19851016998291","","5.25665998458862","","","4.40072011947632","5.18743991851807","5.00895023345947","6.0598201751709","4.06372976303101","","","3.92751002311706","3.62941002845764","","2.44671010971069","","4.31067991256714","3.81783008575439","5.00603008270264","","","","","","","","","","","","3.66905999183655","3.62732005119324","","6.87467002868652","","","","","","","","","","","","","","","","",
"British Virgin Islands","VGB","Government expenditure on education, total (% of GDP)","SE.XPD.TOTL.GD.ZS","","","","","","","","","","","","","","","","","","","","","","","","","","","","","","","","","","","","","","","","","","","","","","","","","","","3.48700818755313","","3.55560728835564","4.45811210742524","4.00919804063438","4.70449999843962","3.25467711875258","2.4570894097885","2.42556060278319","2.500967871937","2.70539282589676","3.0245532067775","2.48401807300907","3.17283855528435","","",
"Virgin Islands (U.S.)","VIR","Government expenditure on education, total (% of GDP)","SE.XPD.TOTL.GD.ZS","","","","","","","","","","","","","","","","","","","","","","","","","","","","","","","","","","","","","","","","","","","","","","","","","","","","","","","","","","","","","","","","","","",
"Viet Nam","VNM","Government expenditure on education, total (% of GDP)","SE.XPD.TOTL.GD.ZS","","","","","","","","","","","","","","","","","","","","","","","","","","","","","","","","","","","","","","","","","","","","","","","","","4.8867301940918","4.81650018692017","4.04594993591309","3.7802300453186","4.40817022323608","4.52833986282349","3.54012312110584","3.41660449674943","3.46906995773315","3.41865686539527","3.29537010192871","3.08499832693462","3.21652900152514","2.94517488804327","2.88738689372749","","","",
"Vanuatu","VUT","Government expenditure on education, total (% of GDP)","SE.XPD.TOTL.GD.ZS","","","","","","","","","","","","","","","","","","","","","","","","","","","","","","","","","","","4.11687994003296","","","","7.64104986190796","6.1626501083374","7.0036301612854","8.95114994049072","8.13197994232178","8.44151020050049","","","","","5.95150995254517","5.16051006317139","","","","","5.17257022857666","5.39081001281738","7.67742589514444","4.53353023529053","8.60634669948001","1.77407002449036","2.17358994483948","10.1102406419734","10.7033456499063","7.58135986328125","7.63695001602173","",
"World","WLD","Government expenditure on education, total (% of GDP)","SE.XPD.TOTL.GD.ZS","","","","","","","","","","","","","","","","","","","","","","","","","","","","","","","","","","","","","","","","4.03683495521545","3.78288507461548","3.90370011329651","3.86491990089417","4.05078494548797","3.94351994991302","4.02098989486694","3.99198496341705","4.04881000518799","4.22755002975464","4.65950012207031","4.18953990936279","4.06764507293701","4.03481006622315","4.34479999542236","4.20045018196106","4.21141505241394","4.15415000915528","4.09265494346619","4.18293023109436","4.15775012969971","4.34224486351013","4.19910710491722","3.86129930773508","3.56927475138052","","",
"Samoa","WSM","Government expenditure on education, total (% of GDP)","SE.XPD.TOTL.GD.ZS","","","","","","","","","","","","","","","","","","","","","","","","","","","","","","","","","","","","","","","","4.0162501335144","3.63095998764038","3.97652006149292","3.93932008743286","","","","","","5.11659002304077","","","4.77426341839114","4.89170722777607","4.61486064947671","5.41392159958726","4.42452121728174","3.98114991188049","4.18871569584785","4.47214854040471","4.58404753905646","4.50316850152178","5.2162847162306","6.15978780645853","6.1096302676416","5.45616637544294","",
"Kosovo","XKX","Government expenditure on education, total (% of GDP)","SE.XPD.TOTL.GD.ZS","","","","","","","","","","","","","","","","","","","","","","","","","","","","","","","","","","","","","","","","","","","","","","","","","","","","","","","","","","","","","","","","","","",
"Yemen, Rep.","YEM","Government expenditure on education, total (% of GDP)","SE.XPD.TOTL.GD.ZS","","","","","","","","","","","","","","","","","","","","","","","","","","","","","","","","","","","","","","","","","9.66162967681885","9.24470996856689","","","","","","","5.15144014358521","","","","","","","","","","","","","","","","","",
"South Africa","ZAF","Government expenditure on education, total (% of GDP)","SE.XPD.TOTL.GD.ZS","","","","","","","","","","","","","","","","","","","","","","","","","","","","4.75367021560669","4.85423994064331","4.44185018539429","4.69767999649048","5.25961017608643","","5.38889980316162","5.29778003692627","","5.04734992980957","","","5.29117012023926","4.90882015228271","4.63617992401123","4.54569005966187","4.35209989547729","4.50897979736328","4.5245099067688","4.52652978897095","4.44668006896973","4.37424993515015","4.76118993759155","5.13496017456055","5.28899002075195","5.52322006225586","5.35070991516113","5.48977994918823","5.48285007476807","5.4442400932312","5.59868001937866","5.64401006698608","5.91159009933472","6.17067003250122","6.5551700592041","6.15599012374878","6.12347984313965","6.02110004425049","",
"Zambia","ZMB","Government expenditure on education, total (% of GDP)","SE.XPD.TOTL.GD.ZS","","","","","","","","","","","4.38781023025513","6.09534978866577","5.94578981399536","5.48807001113892","4.87800979614258","6.2385401725769","6.026939868927","5.69251012802124","4.74074983596802","4.15494012832642","4.12670993804932","4.00072002410889","5.15487003326416","5.38802003860474","4.98856019973755","4.14584016799927","3.33898997306824","2.66226005554199","","","","2.74057006835938","2.09159994125366","1.94208002090454","1.79351997375488","1.83852994441986","","","2.11823010444641","1.77495002746582","1.78819000720978","","","","2.46342992782593","1.73553001880646","","1.24075996875763","1.0997200012207","","3.41600445393739","3.35772272046971","3.69500242842903","3.71820710892018","5.15225706811611","4.62433004379272","3.74792003631592","3.72964000701904","4.73973989486694","4.4182401844799","3.94374100561712","3.11363465307753","3.65884092023983","4.07374933049157","","",
"Zimbabwe","ZWE","Government expenditure on education, total (% of GDP)","SE.XPD.TOTL.GD.ZS","","","","","","","","","","","","","","","","","","","","","","","","","","","","","","","","","","","","","","","","","","","","","","","","","","","1.54405574575827","","6.07021391405834","5.99598135667974","6.13835396313315","","","","","","","","","0.384771297211919","","",
