"Data Source","World Development Indicators",

"Last Updated Date","2026-07-13",

"Country Name","Country Code","Indicator Name","Indicator Code","1960","1961","1962","1963","1964","1965","1966","1967","1968","1969","1970","1971","1972","1973","1974","1975","1976","1977","1978","1979","1980","1981","1982","1983","1984","1985","1986","1987","1988","1989","1990","1991","1992","1993","1994","1995","1996","1997","1998","1999","2000","2001","2002","2003","2004","2005","2006","2007","2008","2009","2010","2011","2012","2013","2014","2015","2016","2017","2018","2019","2020","2021","2022","2023","2024","2025",
"Aruba","ABW","Military expenditure (% of GDP)","MS.MIL.XPND.GD.ZS","","","","","","","","","","","","","","","","","","","","","","","","","","","","","","","","","","","","","","","","","","","","","","","","","","","","","","","","","","","","","","","","","","",
"Africa Eastern and Southern","AFE","Military expenditure (% of GDP)","MS.MIL.XPND.GD.ZS","","","","","2.04313585766076","2.4612743823206","2.07408121648211","2.34171003828715","2.09779385317617","2.09931924577849","2.04115812416206","2.17421723781396","2.15361846098594","2.30965061799515","2.67543470385558","3.15886454416186","3.65072312663923","3.99368696162682","4.15749788793361","3.95889701231658","3.71312834203977","3.82504565059898","3.95205730252205","3.95610107005084","3.9653684899496","3.66302617485697","3.88585000053382","4.88687540169967","5.18981251773362","5.19352130336882","4.77358568603647","3.7120864698374","2.92246712426778","3.07453775198049","2.60072770764722","2.15311895438742","1.82373047474075","1.81332724536626","1.81675428988793","2.2645202768771","1.98006307111707","1.91760768586603","1.97717272759503","1.753497070004","1.79951130030776","1.68479751946806","1.71708369554799","1.67615859759136","1.94152184542772","1.95482011411346","1.56762170528029","1.52556629819029","1.55789030661037","1.75177986327415","1.80567801344556","1.54125944697699","1.28292702147345","1.28828816005651","1.12677049123997","1.07839784231125","1.15798924880059","1.14573626973176","1.11784161432876","1.04401581183837","0.977470029362093","",
"Afghanistan","AFG","Military expenditure (% of GDP)","MS.MIL.XPND.GD.ZS","","","","","","","","","","","1.62960609911055","","","1.86891025641026","1.61082474226804","1.72206572769953","2.04608695652174","2.0114747930775","","","","","","","","","","","","","","","","","","","","","","","","","","","2.43125378739118","1.99206569856085","1.89623399634252","2.56626735198569","2.335545701939","2.08741255278385","1.94583569418812","1.82134545354632","1.17541612009987","1.07694976762403","1.29801287790022","0.994575822723645","0.956772140958855","0.945226799939516","1.00674585570556","1.17096838242129","1.35885692738929","1.827933856217","","","","",
"Africa Western and Central","AFW","Military expenditure (% of GDP)","MS.MIL.XPND.GD.ZS","","","1.31471581400447","1.31333102644613","1.44184541418655","1.46835895392531","1.36672116191477","","5.39674585044926","6.26760960626426","3.94045401695422","3.10481139581203","3.79475660855557","3.74991932288916","3.33007464144611","5.56163313705685","4.30230005735399","4.27198178987283","3.78892376524712","3.20114329850032","2.4776641157231","2.49040405860265","2.10199689025771","2.07781189184814","1.58357797906172","1.53868101156931","1.49896155482826","1.22358026467533","1.26419788169234","1.11117651704025","1.1446053013656","1.13220311331109","1.09510095985559","1.23548106043831","0.952521013467019","0.637582407409271","0.536495470495695","0.560306498355564","0.646061654027409","0.989737523392204","0.829603006613512","1.03826229529965","1.11173617032891","0.911921981361559","0.843866507513435","0.676015624777172","0.640368990324336","0.690477934417135","0.815407446639873","0.90568242340585","0.824579048128985","0.800118887721686","0.711070613000603","0.765531240869348","0.727418510845505","0.674809079225442","0.812911476533473","0.813312532600007","0.837804277887703","0.724800590336116","0.884490387935561","1.13082731577442","0.922745924514364","1.13383134832722","1.16836530518557","",
"Angola","AGO","Military expenditure (% of GDP)","MS.MIL.XPND.GD.ZS","","","","","","","","","","","","","","","","","","","","","","","","","","1.715E-05","1.73E-05","22.25","21.9805","19.4323333333333","17.4636666666667","7.1025","5.68283054258138","17.5225890755741","5.70928069083604","4.70739276826233","2.44784815671705","5.97226820719497","2.64201188106298","17.334692213616","6.39260315427404","4.52435381521461","2.86993244512575","3.76147907354734","3.47118018672779","3.69224094698531","3.76149530543532","3.11405449295742","3.57312038062707","4.70961004832072","4.1775845224338","3.25566035129376","3.23665949921649","4.45523942155109","4.69845451564414","3.10542629308278","2.73333494465123","2.50798280550579","1.95578680987962","1.76791430458684","1.81042916830117","1.39322266365773","1.410163657162","1.40725542077164","1.00049213337543","",
"Albania","ALB","Military expenditure (% of GDP)","MS.MIL.XPND.GD.ZS","","","","","","","","","","","","","","","","","","","","","6.05202163275818","5.84831705344366","5.65159574468085","5.44128198995456","6.11750454270139","5.65142619937141","5.62618650405569","5.86222892264873","5.61731662843362","5.16761272357288","5.8883007196812","5.79127042184833","4.6708878237371","3.19945106674965","2.54781906037648","2.05358735905793","1.37902962734156","1.28308078036268","1.23824256064749","1.24921009885957","1.24636024189216","1.30929137475594","1.32003449433204","1.33684292419802","1.38115794211088","1.35000497056322","1.56776908873068","1.8207653435572","1.98486885667765","1.5172171395597","1.55859189302349","1.52826633776627","1.48708257655216","1.40898210141146","1.34651599128914","1.16230386432234","1.10358100880452","1.10915100558884","1.16054478505068","1.28080596201472","1.29583570269739","1.24298808396067","1.20878861551122","1.7407334644623","2.03786228936679","",
"Andorra","AND","Military expenditure (% of GDP)","MS.MIL.XPND.GD.ZS","","","","","","","","","","","","","","","","","","","","","","","","","","","","","","","","","","","","","","","","","","","","","","","","","","","","","","","","","","","","","","","","","","",
"Arab World","ARB","Military expenditure (% of GDP)","MS.MIL.XPND.GD.ZS","","","","5.05386932982595","5.83584844221629","6.23719932985615","6.55792429391589","6.66744568233948","6.80070915635738","7.55704936414573","8.03799525276901","7.75442296503066","7.13935845661278","7.59370840202151","","","","9.8719709197613","9.87938496620203","8.99694955701824","8.01756665336771","9.2104123635639","11.1504295569571","11.0480041408291","11.54092436387","10.3870131220713","","8.56545408129307","8.06122572932813","","","10.7531411771274","8.60775617200932","7.85171467432786","7.40876731326277","6.6204569703484","6.02638012975333","6.57746276369648","7.47289019335929","6.42331411292563","6.38398880161276","6.2989892241931","5.78196287678653","5.36425011032181","4.97945156122265","4.55803980206239","4.30344358933252","4.44045189165015","4.12263905682291","5.19921947747462","4.94669615939128","4.83461855232734","4.92777441295888","5.67108185488772","6.2726436075363","7.31077998162651","5.99519243891728","6.22624897868562","5.73467744653773","5.24790371554307","5.56124409878732","4.96438862204442","4.49525133897211","5.16793926485664","5.24154742574133","",
"United Arab Emirates","ARE","Military expenditure (% of GDP)","MS.MIL.XPND.GD.ZS","","","","","","","","","","","","","","","","","","","","","","","","","","","","","","","","","","","","","","6.75906148063517","8.62972120984848","7.6695379976034","8.3237222448449","5.61210552340521","4.87553180534483","4.69230626722928","4.6114776396626","3.65647067832081","3.22597447304637","3.28052136989454","3.6680226492701","5.45710777311036","6.03859220826788","5.46631452753061","5.07555649376756","6.03468625064444","5.64365135247024","","","","","","","","","","","",
"Argentina","ARG","Military expenditure (% of GDP)","MS.MIL.XPND.GD.ZS","1.55","2.14","2.66","1.68","1.15","1.07","1.168","1.4","1.68571428571429","1.9375","1.87777777777778","1.80769230769231","1.82380952380952","1.84857142857143","1.65918367346939","2.04195804195804","3.78129117259552","4.00860009555662","4.71914405808177","4.67335625570135","3.09895833333333","3.46534653465347","2.70455793520044","2.73881278538813","2.16203914428767","2.29971724787936","2.31367874921125","2.2843868799904","2.12493922313663","1.88036559239223","1.45090921225786","1.50692655529635","1.42122223348777","1.42280290057293","1.45703853325047","1.47307310721151","1.24122726437626","1.14013911131295","1.13631802186333","1.22035954754993","1.14882267666887","1.18423354187058","1.09188047859748","1.06089505704838","0.883295358833529","0.847154783885961","0.788233877461469","0.792548175031362","0.762756475390461","0.886508576686385","0.814878118220695","0.764287095310235","0.784824735364742","0.83773642721392","0.878100924236765","0.850128597463815","0.809245362717563","0.84775481125944","0.732300347538541","0.699696134379197","0.734111593948744","0.631788619254705","0.684586409291956","0.75569413987974","0.618350391157195","",
"Armenia","ARM","Military expenditure (% of GDP)","MS.MIL.XPND.GD.ZS","","","","","","","","","","","","","","","","","","","","","","","","","","","","","","","","","2.20338983050847","2.29664433319049","","4.05931190833614","3.28186700423013","3.90939855980585","3.52809600318196","3.69737423084246","3.56002487253697","3.12724938530975","2.69771474886414","2.72837221377968","2.74199670493715","2.87193136291811","2.94761315625864","3.04257470127966","3.39557936270657","4.15704990783508","4.26564605593771","3.85394644115574","3.58376691873744","3.99724455730484","3.94337826474581","4.23922578573229","4.09034921699325","3.84973057654684","4.11988615256896","4.78770584078564","4.98254372367497","4.46514475903396","4.08174595925594","5.50629814850566","5.48174920349075","",
"American Samoa","ASM","Military expenditure (% of GDP)","MS.MIL.XPND.GD.ZS","","","","","","","","","","","","","","","","","","","","","","","","","","","","","","","","","","","","","","","","","","","","","","","","","","","","","","","","","","","","","","","","","","",
"Antigua and Barbuda","ATG","Military expenditure (% of GDP)","MS.MIL.XPND.GD.ZS","","","","","","","","","","","","","","","","","","","","","","","","","","","","","","","","","","","","","","","","","","","","","","","","","","","","","","","","","","","","","","","","","","",
"Australia","AUS","Military expenditure (% of GDP)","MS.MIL.XPND.GD.ZS","2.3695451396906","2.41513985411521","2.36369536996971","2.44663463919568","2.64824279705097","2.952292961532","3.45138290370603","3.79376396722358","3.83727358459887","3.38591988002192","2.96603557682305","2.76315170889944","2.68562060485785","2.37934679594664","2.26280269948392","2.26731559253735","2.21661210675248","2.24720220833707","2.21568856991058","2.19272937103289","2.24895690403517","2.29660194471064","2.39326521613692","2.51981181916526","2.50523365070013","2.52326837870517","2.54042975157867","2.37298883241393","2.16075183750683","2.04853013398884","2.07633746497533","2.16398943025625","2.1677126248268","2.17544607354227","2.1137746508636","2.01963487798019","1.92972572930819","1.86485958622229","1.86888717465027","1.88736164284382","1.8244056794188","1.86297632956383","1.86803152019821","1.84253577993579","1.82208057125111","1.79628773763805","1.8177309027711","1.81127596229823","1.79619704962465","1.92365517034008","1.85259869583961","1.75526613878209","1.67028165223311","1.63819651223089","1.77241725032578","1.95232628501993","2.0896214779767","2.00509517581937","1.89562007676709","1.88000240626833","2.00738622102391","1.97847691589702","1.88329708969124","1.86157133456052","1.8837883329175","",
"Austria","AUT","Military expenditure (% of GDP)","MS.MIL.XPND.GD.ZS","1.4581856994971","1.30933752302764","1.35207185896469","1.57966775838201","1.88730024255788","1.50721338742394","1.62440513164265","1.60916641574175","1.54267474905488","1.49925656716418","1.38013012131531","1.24610695391068","1.20228666458138","1.1849885730058","1.27688251935917","1.45127836371395","1.36519681077057","1.34595189062191","1.42921261189068","1.43384573169429","1.42024610611492","1.38005173349012","1.41299673018358","1.39117588416479","1.41415833617155","1.51262356650052","1.5087585414904","1.41667790274506","1.29918114420184","1.23415492526247","1.19566026670559","1.15421711847241","1.09921407158669","1.11558454134251","1.09445307622703","1.07323205206951","1.04968297742271","1.04643398189713","1.01807286299799","0.980246123382213","0.983960897278692","0.911232125098393","0.888297333812562","0.915451921068386","0.897058496971847","0.855937301571622","0.791400408855326","0.906103987717548","0.876420517647602","0.838531947457704","0.826388366920392","0.795931958980622","0.783538525853244","0.757180192579996","0.75464957585912","0.702576919833039","0.73372291194157","0.761540652203723","0.748993468286285","0.753133437614439","0.885811629497475","0.873515488270759","0.766706008326772","0.870829952423219","0.999843177036641","",
"Azerbaijan","AZE","Military expenditure (% of GDP)","MS.MIL.XPND.GD.ZS","","","","","","","","","","","","","","","","","","","","","","","","","","","","","","","","","2.40022562120839","5.00046778569608","1.946584590385","2.73690130284","2.25423034135488","2.32404979925782","2.41235591259715","2.62510993144516","2.26786206311863","2.31206260817217","2.24331377031766","2.4263625550969","2.62948113760521","2.29906967458575","3.41775933255807","2.86419491898944","3.29121114577001","3.32542168167072","2.79100435652891","4.67013555547022","4.65861825196324","4.54092330961466","4.55501312398224","5.46487679293858","3.68852730317814","3.75630173249661","3.54929331269041","3.8490186357853","5.24152602506817","4.93051740712765","3.79537025080483","4.92241403839666","4.99292395978321","",
"Burundi","BDI","Military expenditure (% of GDP)","MS.MIL.XPND.GD.ZS","","0.187192118226601","3.94379391100703","0.434782608695652","0.445620493940788","1.35233700506103","1.38228792484112","1.33260688417409","1.4142233312539","1.75449137775641","","1.03240865427776","1.45867098865478","1.94621227673989","2.2250827510114","2.05680705190989","2.22360119971041","2.53338174190165","2.79637365243246","2.64371530123667","2.91880336888339","3.03033024268684","3.50702489000361","3.10480892586401","2.97540078538161","2.7511726460413","2.80541315800684","2.64913991225016","3.14524514901215","3.3495221333571","3.44871247254088","3.78627086474328","3.59563794790509","3.7202758201085","3.92111119751454","4.20907289936566","5.85688491874941","6.35965296132281","6.57227250690963","6.25764365683521","4.86240221311558","6.07173715802774","5.44167885941746","5.53343538949835","4.90326684339249","4.43619004108442","3.51171845179021","3.41459524778307","2.72089052653941","","","","2.5271777075949","2.4824131147541","2.29794559090695","2.13131991459474","2.2431638636818","2.00270990259373","2.14941956621913","2.8078168112503","2.18591328366483","2.04300976329884","2.59858091417074","3.4315771103264","3.80127919699841","",
"Belgium","BEL","Military expenditure (% of GDP)","MS.MIL.XPND.GD.ZS","3.39734786713587","3.25907007379727","3.28475216700874","3.2166309632907","3.21347165933831","2.97306360209053","3.11258602859894","3.13458162424807","3.11509001127571","2.93181499649615","2.91864009674006","2.89892591889451","2.88076004125292","2.83531113278907","2.76141618803791","3.06503453940771","3.09336953424019","3.14324864709375","3.26152206121967","3.26134501753371","3.25019538550409","3.36604943606586","3.26994459142415","3.19141317049267","3.00790244923592","2.9312338541026","2.95377262399122","2.90179479261597","2.62874841616219","2.46085432355232","2.35544045891723","2.28769284712482","1.83233253009366","1.73596589343319","1.67714315012305","1.5446405538339","1.51931684175109","1.4578661900969","1.41739581246631","1.39393068975137","1.35086536826323","1.28352328807131","1.22376131677303","1.22119401053058","1.15659439046667","1.09664118158572","1.05612306878486","1.09801876439276","1.22191451658895","1.16353003394252","1.09018110220613","1.04450113453523","1.0370296665755","1.0045200869807","0.966272329768275","0.911829965009217","0.898085290562566","0.886837200658898","0.892442476666613","0.887004950933882","1.00592796693225","1.04263994220028","1.16246551287247","1.18422875211757","1.2770531266155","",
"Benin","BEN","Military expenditure (% of GDP)","MS.MIL.XPND.GD.ZS","0.871584699453552","1.39528795811518","1.7516339869281","1.73684210526316","2.18169900980828","2.10650887573965","1.90023259677687","1.97625210567402","2.07212475633528","1.89473684210526","1.62528151941587","1.60104203413747","1.48779430882565","1.67752808988764","1.44237918215613","1.49290780141844","1.28164794007491","1.67878787878788","1.19430693069307","1.93046003441345","2.03165141910241","1.55137131923036","1.04929864960155","1.18897067654805","1.45869894023797","1.30493193241088","1.35509654006948","1.56959850024171","1.56409120470208","1.30789606118489","1.22515712126057","","","","","","","","","0.485389230497635","0.412852302408383","0.357971127306215","0.622819458209776","0.647223226808757","0.676149850432113","0.680970684993479","0.665723323947751","","0.663958979626467","","","","0.702056157787745","0.687239683496254","0.700924948797968","0.798485297889781","0.673596727016815","0.920613124425981","0.6328575401476","0.473313905552082","0.458762015150415","0.550883648806243","0.632087491743063","0.757551382919002","0.720549619940377","",
"Burkina Faso","BFA","Military expenditure (% of GDP)","MS.MIL.XPND.GD.ZS","0.682017543859649","0.834368530020704","2.345703125","2.38305709023941","2.60515873015873","1.52482269503546","1.64948453608247","1.32507288629738","1.17848101265823","1.24672228843862","1.17223910840932","1.17716535433071","1.13985374771481","1.23518687329079","1.15190839694656","2.81118373275236","3.12382864792503","3.04326663061114","3.28314606741573","2.69861386138614","2.74669117647059","2.84268969771746","3.0033036339974","2.93218341631388","3.01716743691831","1.83652541094857","2.62189349112426","2.25258646172037","2.31081264414598","2.74077407740774","2.70489296636086","2.16686926732236","2.04965156794425","1.86252988480765","1.42288472939781","1.38304269392664","1.28708847039697","1.41705504471596","1.2763626403725","1.23191199892624","1.23804638062972","1.1555150239697","1.17793497700006","1.0730553376671","1.20700576570117","1.2018948481342","1.11032179719724","1.41572652816375","1.24291260830384","1.35276497598007","1.22478599330692","1.15090587793045","1.17602847916222","1.23609025726906","1.27234195224905","1.25078088033268","1.16533335437179","1.36362970468668","1.92538455062898","2.2125520849195","2.1142418147419","2.33362863136249","2.98161566942536","4.0787117239204","4.67973196943363","",
"Bangladesh","BGD","Military expenditure (% of GDP)","MS.MIL.XPND.GD.ZS","","","","","","","","","","","","","","0.656720536673466","0.604303491769365","0.844783330921373","1.52367897526514","1.56997781312899","1.26898518073211","0.934292961052104","0.857420859311264","0.915831691308672","1.06086968537316","1.27067371198923","1.17804196040112","1.0542727837491","1.11219167555771","1.1682325387956","1.24638809717465","1.2908618013077","1.22316502629369","1.21442280200769","1.36050314985351","1.42939051496523","1.52902366386599","1.56669314074255","1.5390735944898","1.57166792587459","1.56753519839217","1.58483439104611","1.3571191812402","1.28842277551655","1.04836646260037","1.00263309760624","0.99885977372525","0.972810090266113","0.989838836982973","0.997091964413713","0.938215291633285","1.02893954845227","1.18438401700177","1.21766894947597","1.18089723364654","1.11372942922328","1.1364432719278","1.20851710681525","1.22590049912782","1.12758125325097","1.15395749092166","1.24410082330294","1.24468950875224","1.16873060016575","0.990983394484057","0.919471499049507","0.941321120606305","",
"Bulgaria","BGR","Military expenditure (% of GDP)","MS.MIL.XPND.GD.ZS","","","","","","","","","","","","","","","","","","","","","","","","","","","","","","4.39627074963996","3.83344348975545","3.04323157297492","2.97263384321224","2.60927161179391","2.49261728620574","1.63834575680207","1.73742958266484","2.15948029978631","2.13151621324202","2.61950116392104","2.65245576158903","2.86251954387639","2.77967655484011","2.69120147161229","2.3737116819405","2.23535026726367","2.08176190777138","2.22853990097534","2.13186398257533","1.73951150062383","1.64246152423714","1.31400025609446","1.32981896505284","1.45404283053363","1.30960223173333","1.24593360652028","1.24384580804927","1.22220854798635","1.45106212373153","3.14495072906354","1.58561827051115","1.5107237100085","1.58707500372134","1.94458310651254","2.14947328244853","",
"Bahrain","BHR","Military expenditure (% of GDP)","MS.MIL.XPND.GD.ZS","","","","","","","","","","","","","","","","1.52617985442592","1.75228724031609","2.07792207792208","4.95813133539004","5.89275191514437","5.69889130660035","6.9025815655055","8.53516194922673","4.79033601777284","4.17930569598921","4.58815818221543","5.83776248148471","5.25325388113533","5.60304575820703","5.64466166448682","5.28479154433353","5.70375064815348","5.8780719923865","5.36985516733492","5.11130218782841","5.18323179048832","5.27393976376237","5.06848741255812","5.33310395251817","5.50362154366541","3.96167096884853","4.14808163198998","4.61110660635053","4.65883280302628","4.04492884796012","3.21438109533007","3.10294772848129","2.95699023434392","2.80016136873791","3.61053524967651","3.27782374844849","3.59149722735675","3.8444905725653","4.14139762975071","4.41851202803887","4.6441113490364","4.67063531353135","4.32073774179037","4.04108625299001","4.02986101554975","4.05746865109248","3.51979682208909","3.42339334548769","3.52083573819693","2.8946654057963","",
"Bahamas, The","BHS","Military expenditure (% of GDP)","MS.MIL.XPND.GD.ZS","","","","","","","","","","","","","","","","","","","","","","","","","","","","","","","","","","","","","","","","","","","","","","","","","","","","","","","","","","","","","","","","","","",
"Bosnia and Herzegovina","BIH","Military expenditure (% of GDP)","MS.MIL.XPND.GD.ZS","","","","","","","","","","","","","","","","","","","","","","","","","","","","","","","","","","","","","","","","","","","3.9043729051368","2.41669769045157","1.8896028081156","1.54421965764078","1.38653346855639","1.23615289583956","1.2206120604463","1.37658621151299","1.28034144398166","1.13643026444417","1.14557192089501","1.08705579799922","1.02582688734534","0.988857622509173","0.922772270069199","0.852593562264982","0.84004735664614","0.807324224885322","0.827298283159884","0.886133600491203","0.752028730749218","0.717630060649091","0.747079920408854","",
"Belarus","BLR","Military expenditure (% of GDP)","MS.MIL.XPND.GD.ZS","","","","","","","","","","","","","","","","","","","","","","","","","","","","","","","","","1.62249864791779","2.79097146104819","3.62160825483893","1.69946376942909","1.26069255990701","1.76896655126353","1.49509870243434","1.36676073838589","1.34698415075765","1.43829074692244","1.40024580052512","1.29906390002339","1.35822231382833","1.49845313530187","1.70941249195756","1.64976591437478","1.45349285157346","1.37257698145111","1.3413834329232","1.22449510976582","1.22921872178113","1.27079665150066","1.04232763587955","1.13806602416355","1.52328091923032","1.37200444073753","1.53799428873681","1.39642297566801","1.40325859867166","1.36528926554311","1.64869313490861","2.02344784419461","2.07364910790144","",
"Belize","BLZ","Military expenditure (% of GDP)","MS.MIL.XPND.GD.ZS","","","","","","","","","","","","","","","","","","","0.575196524617294","0.799043909348442","0.863782257029144","1.15896992837435","1.43758716875872","1.53438103553192","1.54391891891892","1.55982599550648","","","","1.1991114230498","0.894743197157451","0.818168468482646","0.788094264285229","0.844087949169837","1.05288722447478","1.01132983352715","0.962038381608788","1.11142453608722","","","0.657400606900072","0.660133826570744","0.65317934436876","0.674810769936463","0.699362422608098","0.75074714637425","0.770603665352675","0.804721615478068","1.07408006688025","1.02025947294782","0.876347006335822","0.842255994312455","0.796165416080834","0.874010589302631","0.931313121713426","0.892830505973699","0.96275814780823","1.01066786730984","1.01132122816519","1.01662701573035","1.26623781790202","1.0975102664713","0.979173785897568","0.992933768484191","0.898885869151742","",
"Bermuda","BMU","Military expenditure (% of GDP)","MS.MIL.XPND.GD.ZS","","","","","","","","","","","","","","","","","","","","","","","","","","","","","","","","","","","","","","","","","","","","","","","","","","","","","","","","","","","","","","","","","","",
"Bolivia","BOL","Military expenditure (% of GDP)","MS.MIL.XPND.GD.ZS","","1.20346398630851","1.15869999293218","1.32641201559317","","","","","1.35015218468453","1.31822489730177","1.61221645007261","1.39158576575288","1.59554189417413","1.62263620944444","1.83665409751227","2.37123711512529","2.36715657458444","2.24749944085215","2.59897009809179","2.70846107783402","3.17239989323544","3.90220332170092","1.9818473003102","1.49932070318929","2.17084173606847","2.01399252543919","2.34554922832377","2.37726317649524","2.02098131957809","2.15628869950008","2.81588331884607","2.6883248571772","2.50611883346961","1.91634980988593","2.25030123424626","2.09616225791141","1.98680754250518","2.27361030066829","2.69111085956905","2.13328709491197","2.0629715134384","2.3204467435097","1.99033371462944","2.14548339823865","1.89650330503014","1.717004422633","1.46622698404757","1.4890475837354","2.19395160882894","1.76136075631536","2.78500726887326","1.68412265690433","1.84560643919497","1.84124031434345","1.89691504477836","1.75943591545975","1.53046784866919","1.53642735273655","1.49690260690782","1.45127092717043","1.39204744468967","1.32579943750687","0.973250888476219","1.30430837360161","1.37066364312669","",
"Brazil","BRA","Military expenditure (% of GDP)","MS.MIL.XPND.GD.ZS","2.67913472590723","2.36406619385343","2.39868330737835","2.26083918239834","2.01449809094829","3.35209215674899","3.0219816316073","2.85697200831844","2.64974015836375","2.61559000626652","2.88728955692843","2.61904685858105","2.43581199022501","2.15465130649243","1.94135341120892","1.97214379625895","2.00275336513055","1.68772647800164","1.59967155032807","1.52193168607333","1.13843442074363","1.14314876818876","1.30353436107498","1.25458032300474","1.19954104516533","1.42952312218953","1.22038872750142","1.74399403145367","2.1180722049862","2.68625","2.36384102519699","1.96333333333333","1.52152886115445","1.92792281498297","2.016007789121","1.86213698033379","1.65484349950291","1.57768831551774","1.66229191975824","1.64547466656987","1.73072614713627","1.95188244532532","1.89577119915617","1.50347763554507","1.46126840890621","1.52401346273319","1.48108495636286","1.46629209992902","1.44192408837717","1.53862567601211","1.53940698128362","1.41185115924524","1.37865646470437","1.32944608382557","1.330244423168","1.36551715396161","1.34797541299482","1.41402166797586","1.46967772350671","1.38279724638797","1.32666026860555","1.14903763026142","1.05240083845945","1.00237538990131","0.972774559040702","",
"Barbados","BRB","Military expenditure (% of GDP)","MS.MIL.XPND.GD.ZS","","","","","","","","","","","","","","","","","","","","","","","","","","","","","","","","","","","","","","","","","","","","","","","","","","","","","","","","","","","","","","","","","","",
"Brunei Darussalam","BRN","Military expenditure (% of GDP)","MS.MIL.XPND.GD.ZS","","","","","","","","","","","","4.99585337535246","3.8200628601362","3.28230653643877","2.03233697729531","3.5334247762056","4.75526862148403","4.13717232894861","4.59571480340641","6.11536632169392","2.88887204366283","3.55618190687842","3.96318009972056","3.0463201171851","2.57408440230526","2.88778814029385","4.67072980761742","3.79251495457601","6.62997709980055","6.21043627031651","6.43773526926327","6.40435012461295","6.24514478073449","5.74023173528116","5.98247135891837","5.47726596521598","6.24949383149313","7.18396455211652","7.52984389348026","6.13041835206517","4.06920549004446","3.8863976083707","3.87078275829112","3.71141961800389","2.53273008763096","2.3494276381516","2.3039631946555","2.38015224434092","2.26179236887845","2.94107203176036","2.85048790060089","2.24224141990167","2.15903448896045","2.27750759504916","3.08686095781185","3.27929046083748","3.53938463904119","2.86512850957169","2.63661248533021","3.07858724948281","3.63429176862407","3.23636748209722","2.61193002463948","2.97601749693804","3.57781609529419","",
"Bhutan","BTN","Military expenditure (% of GDP)","MS.MIL.XPND.GD.ZS","","","","","","","","","","","","","","","","","","","","","","","","","","","","","","","","","","","","","","","","","","","","","","","","","","","","","","","","","","","","","","","","","","",
"Botswana","BWA","Military expenditure (% of GDP)","MS.MIL.XPND.GD.ZS","","","","","","","","","","","","","","","","","","1.35657256914742","2.87490900266925","3.50149938260716","3.20762052877138","2.97829811536265","2.69474386042894","2.32633769837828","2.4372708318355","2.18473148857049","2.66359580269355","4.79441457471087","4.89967702289422","3.56901008012406","4.44515803477224","4.60346992729676","4.48280904912553","4.93349197298009","4.00812039559554","3.50647971949777","2.89952149833484","3.19720462718414","3.77939884443731","3.09207375530236","3.19124295081058","3.83122303260369","4.11020648951656","4.00736658870518","3.50587404134874","2.85800418504025","2.75454609516549","2.90001468952761","3.0976203987662","3.26282073750534","2.75907988033428","2.40443003238577","2.34377212582193","2.1471710497407","2.21199714449013","2.82519449903662","3.41066258273304","3.24857919499091","2.92475944543875","3.08122244554008","3.33478768726661","3.04556932426419","2.51778285669486","2.45625898216649","2.83392800595041","",
"Central African Republic","CAF","Military expenditure (% of GDP)","MS.MIL.XPND.GD.ZS","","","","","","","","","","","","","","","","","","","","","","","","","","","","","","","","1.56806934196677","1.64212531741423","1.49708784517113","1.25588265167931","1.16678191990947","1.21019207119553","","","","","","1.08695556960344","1.26385440119305","1.15308800406955","1.08975993344158","","1.0890772448248","1.54988099383057","1.74797074081845","2.40996017514635","2.04840124780659","1.70284520206217","2.83390827023391","2.02965439546462","1.57531677890907","1.47163796004867","1.34269739488284","1.33998903358031","1.78989988276583","1.8589727247233","2.14924843936704","1.71086224316852","2.37720659578149","2.51969119903231","",
"Canada","CAN","Military expenditure (% of GDP)","MS.MIL.XPND.GD.ZS","4.18525654025553","4.12831224346052","3.99921638867122","3.62065011154897","3.40206283659061","2.93026065941654","2.68328242154957","2.74792676977819","2.54364188044292","2.27378467044438","2.18897969593808","2.13148563939489","2.01181843821932","1.83260181767425","1.7838130850829","1.86354185265607","1.76592797783934","1.80576360007784","1.84888740061337","1.71124591794032","1.76444861477782","1.7099156381512","1.954343585383","2.08119624877852","2.11718885542571","2.09737623375073","2.10919711788911","2.06257637101059","1.98676711890836","1.93461430865038","1.95879374221417","1.89544433858064","1.86168769986295","1.82175350392748","1.69668025731865","1.55409007114777","1.40375258106455","1.24624320151167","1.25629390156868","1.24170306410258","1.11434980213748","1.13335628281332","1.11686914736943","1.11193730688338","1.10418939142687","1.10710542420811","1.12252472932052","1.18579022996702","1.24551836677548","1.37755563107525","1.19433833839121","1.19329189549638","1.11840459807104","1.00236720047397","0.989925299438869","1.15270937445521","1.16416156719089","1.35189646465708","1.3176781061648","1.28451224366918","1.39399340787119","1.25420081409628","1.16713259486345","1.25316567875902","1.31303419578919","",
"Central Europe and the Baltics","CEB","Military expenditure (% of GDP)","MS.MIL.XPND.GD.ZS","","","","","","","","","","","4.03007518796992","3.74168514412417","3.27365728900256","3.00699300699301","3.2078413900646","3.33540501346592","3.00623936471923","2.9553264604811","3.23963792282039","3.23904440861791","","","","","","","","3.59773014548944","3.94693538838483","4.05060870499424","","2.73394396535428","2.81688353111098","2.66426955788865","2.68678297345078","2.27502240866207","2.17054972890375","2.21038576845676","2.08307633317521","1.95203345375546","1.85902538918118","1.88620651411614","1.89209867452823","1.85711299367578","1.75075040432255","1.7751186998627","1.6957086138675","1.65409034811761","1.52959746477854","1.52121372832224","1.46805587104285","1.39854339400103","1.38718411264116","1.3747224725829","1.41854220812996","1.52916396763711","1.4795729132516","1.52902795936787","1.61890453066257","1.74488029299715","1.91361351547916","1.82914470082743","1.87994691956929","2.33551717496914","2.91605338162636","",
"Switzerland","CHE","Military expenditure (% of GDP)","MS.MIL.XPND.GD.ZS","2.34145036125234","2.46907706945766","2.56756756756757","2.51633668194675","2.53585569731632","2.4679592507394","2.53079335934511","2.38237384506041","2.17651757188498","2.19792370538731","2.10334748800529","2.05252682169037","1.9681261245823","1.86144856220206","1.87597448618001","1.90075273804003","2.16258100873485","2.02208656286439","1.9673644305258","2.03979942603046","1.67860654586318","1.66280222143271","1.72819451127189","1.74880558932822","1.70124830295676","1.82497186832109","1.66102195140386","1.56186605542128","1.5648052643261","1.5241653668033","1.57214718757236","1.53782488553083","1.52370927239544","1.36696434518412","1.33228409403183","1.35581088252354","1.28375680158363","1.22086410342116","1.18520390139366","1.08621220546806","1.02928011745958","0.991880080138388","0.956388349764947","0.926630419400856","0.888925074606932","0.83306403652778","0.753808477874928","0.718232323663411","0.722484412265189","0.73179337674355","0.687220165933277","0.694782257657599","0.669001710434324","0.712636242390875","0.634898338463689","0.651341082840214","0.664750475412517","0.66568455676088","0.652876569793988","0.696324324760463","0.772558973227674","0.67289247365512","0.682061302644033","0.705659021596424","0.717812077671144","",
"Channel Islands","CHI","Military expenditure (% of GDP)","MS.MIL.XPND.GD.ZS","","","","","","","","","","","","","","","","","","","","","","","","","","","","","","","","","","","","","","","","","","","","","","","","","","","","","","","","","","","","","","","","","","",
"Chile","CHL","Military expenditure (% of GDP)","MS.MIL.XPND.GD.ZS","3.11840562719812","3.52744729701524","3.04370907803929","2.86539572501444","2.63518659558264","2.88571273300364","2.73592085235921","2.71363263392334","2.52706817797327","2.26089998688066","4.45045063352876","6.26481544192347","6.62541419500109","6.28382090072808","7.10956116396779","6.74253666077988","6.08505082532873","6.91524481356639","6.7281223205458","6.33255633255633","6.48209286969784","7.02211888902853","8.87726773839499","7.57522260240995","7.6054061762236","6.90060861105455","6.28800219933844","5.63807107493349","4.13999607967718","3.59002950895468","3.40165485912065","2.8498427672956","2.62851046938573","2.70692293725521","2.59754498264789","2.56206462916649","2.42329858662731","2.47364271374518","2.57620115809555","2.70268274607335","2.68861587922595","2.64704914030913","2.53154295292261","2.70297145376308","2.71229041616156","2.53476302244179","2.50608218939499","2.33098056175611","2.58365229486108","2.27650789887703","2.25424093293149","2.26361278130337","2.04588028294284","1.99462247217943","1.9671068502734","1.9096233898132","1.92415844717468","1.94059250989466","1.87761395069212","1.86471710953666","2.06553058219768","1.6474241515743","1.54099069337002","1.63026388670906","1.57780388625485","",
"China","CHN","Military expenditure (% of GDP)","MS.MIL.XPND.GD.ZS","","","","","","","","","","","","","","","","","","","","","","","","","","","","","","2.44710131532583","2.45401611552735","2.31124341155315","2.44954206753443","1.92806687404062","1.69347959870483","1.68623388691537","1.65272667000964","1.63265067284541","1.65508069090551","1.87146591412577","1.83575968454189","1.98308624365796","2.05936465293746","1.99628893565843","1.93850823279804","1.87185802294835","1.8695916362794","1.75016458545192","1.71604254580499","1.89352379603523","1.73351986212832","1.65908251595704","1.70094267160117","1.7143409229625","1.73840928794394","1.77677106896806","1.7688865902507","1.71124264388853","1.67357820944542","1.68291101151296","1.75669947098837","1.60525971842503","1.63053389156959","1.66484889659813","1.71129740345228","",
"Cote d'Ivoire","CIV","Military expenditure (% of GDP)","MS.MIL.XPND.GD.ZS","","","1.27553444180523","0.998988877654196","1.14392991239049","1.31969949916528","1.26356589147287","1.3126586869786","1.16049004594181","1.14879649890591","1.18100747167992","1.50034098658786","1.69563374311149","1.13034263511127","1.33964817320704","1.17843019772319","1.11888611210282","0.79476861167002","1.0980931015143","1.12377230421145","1.16428671100981","1.09103604783102","1.1421677056103","1.11504662496642","1.02559041948217","0.996969503636596","1.05352867044739","1.21709875321591","1.24914061221149","1.33037465830519","0.96477473288964","0.994003862515562","1.01708680343167","0.973500965104727","0.731597907508044","","0.611814463966836","0.577204483263576","","","","","","1.0067518242091","1.09607344304215","1.05806530751568","1.08657956101875","1.1508330294867","1.1017046812579","1.25173572577555","1.12710510056221","1.00705786228658","1.10066387533087","0.995019119922897","1.0677761217949","1.24391728133935","1.24585910179804","0.965894036488091","1.03921408235247","0.887657865631757","0.963119470642636","0.876213826792915","0.865226904910508","0.864878467778842","0.762358993041457","",
"Cameroon","CMR","Military expenditure (% of GDP)","MS.MIL.XPND.GD.ZS","","","","","","","","","","","1.87212787212787","1.84267040149393","1.76285473447598","1.76067415730337","1.6919407226959","1.72759393312651","1.76232501521607","1.71585010760856","1.66511723995455","1.65536374845869","1.55581772599912","1.81891560899577","1.99051914580265","1.89068408387762","1.74021909233177","1.33983572895277","1.21782345828295","1.25002549719531","1.28479615502836","1.33368915456874","1.4745666126807","1.51455169920463","1.53260561383612","1.32612455061139","1.31034009188973","1.25164483851881","1.22483788338251","1.30124174610687","1.39650943786737","1.44385239060644","1.32474886472414","1.29036003475657","1.33850675603337","1.3838069976001","1.4016038318718","1.14390062434822","1.22979394296967","1.24159299291596","1.2555907411193","1.23383418917622","1.28837517696819","1.13588889236589","1.17534857560788","1.16504114303499","1.10497962306915","1.09889864309409","1.14642434992604","1.13837382188187","1.07600981816736","1.06457837839838","0.96440732254506","0.985208787517684","0.939352946747924","0.926490469517272","1.00912763032385","",
"Congo, Dem. Rep.","COD","Military expenditure (% of GDP)","MS.MIL.XPND.GD.ZS","","","","","3.91428571428571E-05","","4.31E-05","","4.215E-05","4.17241379310345E-05","5.51612903225806E-05","4.85714285714286E-05","4.02564102564103E-05","3.48979591836735E-05","5.26666666666667E-05","4.53125E-05","3.35789473684211E-05","3.49242424242424E-05","3.27322404371585E-05","2.97297297297297E-05","","","","","","","","","","","","","","5.22608568530078","","","1.5468010910472","1.41085112381148","0.428454161411096","1.15815066378512","0.220260805193326","","","0.880645829020907","1.33660440783123","1.31013976084745","1.3246033223691","1.10611627665862","0.697347863400989","0.651615938486403","0.821258594589643","0.904759163497381","1.10722925521469","1.07353188499408","0.88969520971371","1.22338305167721","1.02563437176754","0.74157072807359","0.61234655603641","0.694017431863738","0.729735329108429","0.533178814847647","0.567707215239695","1.11885996027452","1.22855267131451","",
"Congo, Rep.","COG","Military expenditure (% of GDP)","MS.MIL.XPND.GD.ZS","","","","","","","","","","","4.86040268456376","4.60024301336574","3.52967032967033","4.22027290448343","4.24087591240876","4.49749373433584","4.7318339100346","4.95321959273528","4.31971759959657","4.39371316306483","3.36598224195339","3.1870961786967","3.34504567814476","","2.25310380803339","2.57519571487433","","4.37416739067478","","","","","3.82928860778653","3.64486910824424","","","","","","","","1.79222454052521","2.12335238350685","2.43229339855318","2.44017990277083","1.51813794092809","1.56934291857187","1.9162889436872","1.79027941022784","","1.6625904477394","","","2.04447551898046","3.94035726748698","","4.59480614297478","3.17813469269901","1.97928115025179","2.14627657925685","2.60118726630221","2.34034890602655","1.90798488893194","1.97625641072141","1.18596121569308","",
"Colombia","COL","Military expenditure (% of GDP)","MS.MIL.XPND.GD.ZS","1.88432347552997","2.1432563032116","3.09941520467836","3.5151403758673","3.18080357142857","3.19094692172311","3.16524479704396","3.1173645631477","2.38537248109852","2.05492415707552","2.25954658431875","3.37417409711976","1.96719582300512","1.69024510610298","1.57578013524412","1.74026807533756","1.49360287072351","1.43848721422287","1.55031940977911","1.67392876970441","1.83012164926257","1.75512036191792","1.71385095903576","2.21993752742179","2.32589496393177","2.05401660934215","1.94461959115846","1.98313541641877","2.19924475548319","2.18818380743982","1.86015929954807","1.85348178319724","2.10667794255338","2.52526701829097","2.50840701347047","2.83162658057701","4.44539325396431","2.80178788575936","3.44098574204708","3.76274205786296","3.03168353865852","3.32387281880532","3.41712762358197","3.46398869081496","3.46501517406307","3.37467969392646","3.29582499135229","3.28630170949445","3.73724698565115","3.88696383706353","3.63691504613462","3.07710698956258","3.15600586340429","3.27226285651869","3.10825884811044","3.10996008410671","3.07113102611539","3.20809672439436","3.0332327385044","3.14565669372153","3.53440413219336","3.1957582534691","2.79798282722927","2.96545217971359","3.35903368303836","",
"Comoros","COM","Military expenditure (% of GDP)","MS.MIL.XPND.GD.ZS","","","","","","","","","","","","","","","","","","","","","","","","","","","","","","","","","","","","","","","","","","","","","","","","","","","","","","","","","","","","","","","","","","",
"Cabo Verde","CPV","Military expenditure (% of GDP)","MS.MIL.XPND.GD.ZS","","","","","","","","","","","","","","","","","","","","","","","","","2.79239896511732","2.4634443863568","2.3355314806092","2.10367617411426","1.91388560611607","","","","0.992592471063058","0.756580531119533","0.838878589489836","1.26508085113154","0.8441753102704","0.831007455137562","0.858540442487481","0.838543201162953","1.15402591313906","0.753615197231365","0.665480290001653","0.648753558764804","0.63097843761799","0.649497233340122","0.564741208222978","0.481259814269355","0.54860127368837","0.449908484432209","0.451425943343675","0.476996486976338","0.506009716198007","0.48366416567439","0.492596173932618","0.510089039086437","0.550048040403016","0.470518534467026","0.485896540748011","0.431864983823163","0.618818770532046","0.546659834120196","0.456081005090828","0.566494134671967","0.623903407592831","",
"Costa Rica","CRI","Military expenditure (% of GDP)","MS.MIL.XPND.GD.ZS","","","","","","","","","","","","","","","","","","","","","","","","","","","","","","","","","","","","","","","","","","","","","","","","","","","","","","","","","","","","","","","","","","",
"Caribbean small states","CSS","Military expenditure (% of GDP)","MS.MIL.XPND.GD.ZS","","","","","","","","","","","","","","","","","","","","","","","","","","","","","","","","","","","","","","","","","","","","","","","","","","","","","","","","","","","","","","","","","","",
"Cuba","CUB","Military expenditure (% of GDP)","MS.MIL.XPND.GD.ZS","","","","","","","","","","","","","","","","","","","","","","","","","","","","","","","","","","","","","","","","","","","","","","","","","","3.38096005154639","3.32685611242383","3.08450500072474","3.93759997812444","3.51272878104423","3.53600476096013","3.08379144526184","3.07218792501319","2.87240323946139","2.87620737245072","","","","","","","",
"Curacao","CUW","Military expenditure (% of GDP)","MS.MIL.XPND.GD.ZS","","","","","","","","","","","","","","","","","","","","","","","","","","","","","","","","","","","","","","","","","","","","","","","","","","","","","","","","","","","","","","","","","","",
"Cayman Islands","CYM","Military expenditure (% of GDP)","MS.MIL.XPND.GD.ZS","","","","","","","","","","","","","","","","","","","","","","","","","","","","","","","","","","","","","","","","","","","","","","","","","","","","","","","","","","","","","","","","","","",
"Cyprus","CYP","Military expenditure (% of GDP)","MS.MIL.XPND.GD.ZS","","","","","","","","","","","","","","","","","","","","","","","","","","1.2702916956171","1.57715789858516","5.39147769754872","5.70025602914459","5.36935509753425","7.3740356129737","7.26477612246644","9.12928604418491","4.07495260499477","4.02398919595774","3.04103421492608","4.52471482889734","5.573910769889","4.67631794591642","2.73385096955161","2.82209015133954","3.15322215947894","2.1301607353618","1.98516312435716","1.9557691617927","2.03746974323698","1.8999978625024","1.68459965831751","1.62970494449745","1.81681950779024","1.85292455056688","1.73783209097559","1.65475170209627","1.60700908951525","1.54260195978916","1.64766762744388","1.40455761221209","1.56810293907547","1.74983319036456","1.76959353705638","1.89553437845021","1.78406744246115","1.72118847605333","1.6506068333336","1.64735214954921","",
"Czechia","CZE","Military expenditure (% of GDP)","MS.MIL.XPND.GD.ZS","","","","","","","","","","","","","","","","","","","","","","","","","","","","","","","","","","2.3304040663427","2.28340085763757","1.75885533074022","1.65758607725057","1.5803034972859","1.73559766220785","1.83868741109923","1.86147018377297","1.73552829284443","1.80901146474017","1.87752210665196","1.69964346518547","1.7772578503284","1.56811468416419","1.4247883319863","1.23408817792114","1.31349218921279","1.18289778802227","1.06914296806992","1.05560770651415","1.00870446252121","0.959115722257081","0.941202924537164","0.986634400365061","0.943984411925526","1.07552668819544","1.13323967641325","1.295406324775","1.35325325729994","1.32690210545667","1.47176821017418","1.91680849222604","",
"Germany","DEU","Military expenditure (% of GDP)","MS.MIL.XPND.GD.ZS","3.75239529712865","3.72257751371672","4.47513526890496","4.87658326540949","4.36398517673384","4.07211656897412","3.89118320865712","4.05878248265452","3.3906038798747","3.38287545977261","2.99867169564358","3.04603413911262","3.15283099924127","3.14497732538136","3.24603091379624","3.26800346106044","3.12103802490174","3.0242158535872","3.03531502721566","2.95044791851167","2.94762841980312","3.02778521542503","3.02023629678599","3.01294853266969","2.91266607299653","2.85409355351334","2.77739964953778","2.75945364827544","2.62867334017811","2.52069658026011","2.50676361181222","1.97382250348754","1.8360797299954","1.6772597330503","1.5366036133542","1.48727246874621","1.45737175283167","1.40270759051929","1.38165698909139","1.38034779906259","1.34421581953972","1.30789826898647","1.31344033426945","1.2986963477858","1.25072808117217","1.23275583821682","1.17898651377886","1.15279236258074","1.1888700534429","1.2847898688108","1.24181027958074","1.18233731589884","1.21725965761789","1.16213791467872","1.12769949450115","1.11541840455009","1.12912506140277","1.13126090102098","1.14814145777047","1.24014846331417","1.35598993512329","1.29982374349238","1.35030514561756","1.48796332620564","1.89190377205494","",
"Djibouti","DJI","Military expenditure (% of GDP)","MS.MIL.XPND.GD.ZS","","","","","","","","","","","","","","","","","","","0.0209424083769634","0.0175054704595186","0.535539601744234","1.41532600122037","7.4850640113798","7.65969316596932","","","","","","","","6.65088450757308","6.76002805366394","6.15873724134084","5.75744469878374","5.79164602938749","5.08047879345913","5.47498607759421","5.6508745401074","5.47808971304258","5.06910119132427","","","","5.60717905405405","4.50775678258952","4.58763424043374","2.90107489253439","2.62758252462798","","","","","","","","","","","","","","","","","",
"Dominica","DMA","Military expenditure (% of GDP)","MS.MIL.XPND.GD.ZS","","","","","","","","","","","","","","","","","","","","","","","","","","","","","","","","","","","","","","","","","","","","","","","","","","","","","","","","","","","","","","","","","","",
"Denmark","DNK","Military expenditure (% of GDP)","MS.MIL.XPND.GD.ZS","2.72887755602413","2.58681164503683","3.01827310409247","3.0415238937401","2.84291447082145","2.83213773314204","2.63674969892882","2.58821092365411","2.67593414991841","2.39160763140253","2.42911996594156","2.36222218936224","2.17997334586636","1.97580758328422","2.23484393156229","2.39724954226188","2.204203184792","2.21630312859212","2.27182119452819","2.25152737235981","2.36309252270559","2.43866639204741","2.41989502520681","2.36474287605693","2.23547072552978","2.10467210710106","1.94481923668799","2.0316474834314","2.0874706324154","2.02422013695156","1.95075703504915","1.91975873946774","1.85515102127163","1.87408519061274","1.74260026232195","1.68675957369556","1.6461435449497","1.61872430785355","1.60907118109632","1.56553651572988","1.45846561683975","1.53154262127753","1.50685882049485","1.46466732860503","1.42024015449579","1.30811146758176","1.37505574678224","1.30402280174653","1.34882681237568","1.34441225473678","1.39710181036952","1.3123392890178","1.35329314051826","1.22352490397164","1.1497978040996","1.11481302624419","1.15107146564238","1.1399854112558","1.28310489294024","1.29920660644454","1.37376885314973","1.29155763565745","1.36156457421085","1.99961332917573","2.41617454160591","",
"Dominican Republic","DOM","Military expenditure (% of GDP)","MS.MIL.XPND.GD.ZS","5.23152574784865","5.229793977813","4.31965442764579","3.86521308225966","3.78349505920057","4.21207041072925","3.46271991063949","3.19186875891583","3.24517139377066","2.64782447006322","2.41669471558398","2.1962196219622","1.98752138472376","1.79127393696422","1.96506550218341","1.83101330888278","1.92838162723017","1.88572300582067","2.17556606961811","2.18229431876046","1.58354321564842","1.72012825276253","1.58204007834865","1.36650543348589","1.19889598067966","1.21005235068591","1.34415405467726","1.01813994179507","0.880047487861676","0.800367985280589","0.67572938756657","0.348155032228406","0.559086816093422","0.755070036358464","0.733765624039859","0.549477867602509","0.633651609977827","0.796926406823975","0.780062374149808","0.81624388755279","1.03009647155323","1.21349605211345","1.05891921128922","0.764145027120822","0.687618052138186","0.766536371799736","0.683423360678412","0.62761905715381","0.699861657175699","0.667461170274579","0.6675317048534","0.602928060143009","0.653151461976632","0.611824773045351","0.651437855543241","0.643674978238558","0.63403055291349","0.6660634439633","0.693991110098086","0.689583054746984","0.746231922011371","0.647239948925026","0.679073001629194","0.779308679345321","0.782420068931067","",
"Algeria","DZA","Military expenditure (% of GDP)","MS.MIL.XPND.GD.ZS","1.61363636363636","1.92372881355932","","2.5114854517611","3.49645390070922","3.41863517060367","3.51259360108918","3.01910043130006","2.61472785485592","2.38686735837108","2.13053918358437","2.08758503401361","1.79584396646008","1.68816199376947","1.95766814852145","2.13109429304577","2.70172122848464","2.24195045907314","2.37522893772894","2.13869586579631","2.10206329573495","1.81804887475257","2.06309744064138","1.95121325165132","1.75512400703414","1.64370689684736","1.78721366645198","1.85637627675836","1.74969874927024","1.54012377856337","1.46107058594342","1.21083405924608","2.14013212989672","2.50563157717782","3.14643001210165","2.93502710736712","3.0940883958553","3.63740346813324","3.96567378793071","3.75507998270644","3.43339396144052","3.52046284697011","3.41471973103319","3.00262450946501","3.04875701211848","2.73228606749557","2.51370691443586","2.76932850304128","2.86740578765417","3.5129603834668","3.18998154667367","3.9628827473348","4.10589825804389","4.42382453876042","4.96487829782902","5.55074215961894","5.65271835420787","5.30711492252911","4.92992700311609","5.32695853750995","5.88614822110901","4.89003270596997","4.05748811460294","7.39039327356489","7.97145723551219","",
"East Asia & Pacific (excluding high income)","EAP","Military expenditure (% of GDP)","MS.MIL.XPND.GD.ZS","","","","","","","","","","","","","","","","","","","","","","","","","","","","","","2.37471593939412","2.3454435137765","2.27779437678698","2.32826368126509","1.98985792929347","1.87922215036841","1.81868623546224","1.75622424701026","1.71834911557512","1.63273320958967","1.75199931414779","1.67684847375646","1.80108081580566","1.85532433488518","1.84616283163106","1.78243736180334","1.70039603635339","1.67683620668181","1.61195855452239","1.58778575451029","1.7496231226143","1.59176109380882","1.53360540539896","1.59189601950525","1.6300276673314","1.64581629045985","1.6945863952897","1.67490913680065","1.62513132242168","1.5811913594345","1.57952923878914","1.67458497705167","1.54215385652767","1.55187298289472","1.57748468565659","1.62752107256146","",
"Early-demographic dividend","EAR","Military expenditure (% of GDP)","MS.MIL.XPND.GD.ZS","2.16643858964069","2.24089548141467","2.79084067505422","3.11653983026468","3.05969186054742","3.14781198531056","3.11006919081383","3.32695314614359","3.37629332437933","3.51973102455764","3.88120000627124","3.83911741834776","3.76540467186399","3.76651686430623","4.0443966108439","4.792236516164","4.96529466981145","5.79937681174145","5.62318798685595","4.96145270308104","4.47778083475705","4.71030280374227","5.39174878332048","5.14296975213771","5.00395207278504","4.72037063815179","3.94278663135304","4.60767925563778","4.26059244850981","3.82275546846633","3.57123072151143","3.45779333020829","3.07734614591689","2.95194991702241","2.77700956842654","2.71983733688509","2.60874115214334","2.72791029616212","2.7722307219658","2.61965101825722","2.51441245363402","2.49934237332262","2.46070287379073","2.41515508650465","2.35016745497565","2.31955737913545","2.23888768628752","2.2322545955382","2.2170474308278","2.51080016091438","2.29956881438358","2.17497308445971","2.26487326495869","2.38405769133696","2.55422067904705","2.61166061855515","2.40497128591327","2.43231117823178","2.37809068832121","2.32597078218534","2.49029560563906","2.24609893472127","2.13456601989026","2.24145228009773","2.38672143997286","",
"East Asia & Pacific","EAS","Military expenditure (% of GDP)","MS.MIL.XPND.GD.ZS","","","1.55396698990361","1.5373758169427","1.49260759641996","","","1.60685317677985","1.55462527483002","1.46059765064109","1.40983861894088","1.42669939081336","1.36681490110011","1.24336370254008","1.41365903571993","1.45657116147251","1.6614001215351","1.66917277521742","1.57941048249936","1.66030552449735","1.73999271720829","1.76452201818337","1.85280977255426","1.76216044644122","1.71761018522753","1.70880479880998","1.52454406992664","1.50230112850757","1.47171945492401","1.57928683243054","1.59548354152552","1.55479176582812","1.56314637850484","1.4842286045427","1.42010528558811","1.3871951225719","1.42020052227601","1.43232847111535","1.39998978127912","1.38939052045199","1.33891432201302","1.40402715058116","1.44028403996346","1.4412413569616","1.42172559311946","1.43288133392869","1.45651661547955","1.45472882644049","1.46069805432134","1.56649576425303","1.47797638560871","1.46054479995566","1.48769132936825","1.53462755605106","1.57302452611038","1.6223961721847","1.59464176193581","1.56541309427856","1.54951843598421","1.56207749729873","1.64555055039159","1.57107888056384","1.57390888804267","1.62484010965008","1.69544934891425","",
"Europe & Central Asia (excluding high income)","ECA","Military expenditure (% of GDP)","MS.MIL.XPND.GD.ZS","3.53157121879589","3.76454293628809","3.71108343711083","3.38733905579399","3.42246520874751","3.55441860465116","3.14398111723053","3.25957446808511","3.27555555555556","3.07933789954338","3.25648854961832","3.49979381443299","3.4455205811138","3.34945054945055","3.19302137958854","5.11945392491468","4.94302721088435","4.71362302376219","4.18730640369176","3.35725855800727","3.94854524692944","3.87466811459803","4.33618486728391","3.98202756307823","3.67284847374975","3.58923040054929","3.69161048474196","","","","","","","2.78981515888325","3.15191308169161","3.30065039806163","3.48100527183686","3.59434628210806","2.93884811062767","3.33340672022532","3.23280777267673","3.03757682767826","3.16997586619783","2.83081949005236","2.43392315861634","2.27101993205408","2.26107042140441","2.24562104188151","2.18443917604023","2.32135267255451","2.13489485020756","1.98032286340052","1.99047630853709","1.93413994304115","1.92110005900742","1.95105425273834","2.03805869148207","1.97296366224491","2.3192616645607","2.49216723491748","2.30963531933347","2.02567870291064","3.93234890128605","4.89735051800527","4.60026906795109","",
"Europe & Central Asia","ECS","Military expenditure (% of GDP)","MS.MIL.XPND.GD.ZS","4.36238732399916","4.25837248240419","4.44064775656356","4.39390274564218","4.18348934690384","4.02878904970039","3.94873539934557","3.935395263107","3.6710393351495","3.46103179743427","3.20186532544346","3.18427803966626","3.20761666817558","3.0516056736549","3.07730467403597","3.19037221251809","3.09423718022677","3.07060392673538","3.02036525647245","2.99252702506427","3.03210254163273","3.11283526483144","3.20244141942014","3.17058704777894","3.11266236865336","3.07428375006406","2.9220972023551","2.87681779734044","2.75844694369975","2.66927561119355","2.59952981590992","2.4614263930016","2.43772213137068","2.32525417007712","2.24678434444359","2.03663495598102","2.00945537950111","2.02174683369097","1.89428472040571","1.87717278483231","1.85715570970432","1.8272993190292","1.84695104785487","1.83167352073273","1.79077895526501","1.76041001831275","1.72474469710003","1.70135446887502","1.72630205594644","1.82463009978864","1.7674522291577","1.71883155071912","1.76454952457516","1.72980360191268","1.69486199085891","1.67385217076909","1.68678228492626","1.63611862148116","1.63033790547602","1.69046462088339","1.81708255195693","1.7301268583924","1.99604406675747","2.20496346800944","2.51300485470599","",
"Ecuador","ECU","Military expenditure (% of GDP)","MS.MIL.XPND.GD.ZS","2.37623678350892","2.04676698378785","2.04545378336297","1.76521231065259","1.90995401275775","2.0695652173913","1.8242215194411","1.80442333340465","1.92397349775755","2.37061630052488","1.83368971819713","1.85402516979624","1.99002320804546","1.9765704092947","2.01588995612475","2.36680898459254","2.20068766787297","3.08037216906285","2.14272648880295","1.9874937490116","1.78122469851281","1.67784031835944","1.65400283130616","1.57477834994725","1.48523232727441","1.77973855389976","1.83738682762294","1.96631614944003","1.61611581675238","1.42669785233533","1.35122222907748","1.27147161976289","1.21330539339896","1.5053435537415","1.31569135777556","1.98760353101763","1.6897249235818","1.8110665611487","2.01895367462851","1.55598240646013","1.51733948117752","1.66039298461832","1.86662346180863","2.38654946619875","2.01733501271599","2.36848865849083","2.07919490158198","2.62795079870115","2.6922066648737","3.24319951406484","3.07257396611835","3.10647440690889","2.95181465866835","2.83298697009902","2.71279094772759","2.6720726618256","2.57311675623471","2.35738419773924","2.37199911152844","2.18038189769994","2.45792351121034","2.24210709535338","2.21851529975547","2.2651385614971","2.22194770434425","",
"Egypt, Arab Rep.","EGY","Military expenditure (% of GDP)","MS.MIL.XPND.GD.ZS","","","6.67547918043622","8.6646884272997","10.3283898305085","10.1174345076784","8.71826883062838","8.90769850866586","11.1330438215555","14.3360534124629","15.9878828677213","17.1870121760849","13.5645302897278","13.5135135135135","17.2742435072671","15.4318460908719","13.7268961121734","13.1120584652862","9.94071348257181","6.4689378757515","6.16031027795734","7.41690962099125","7.18896060538616","7.95867393278837","8.26523207017322","7.85693305919735","7.49813056581541","6.52874277064007","5.06087662337662","3.96809895833333","3.4676995357893","3.61174470420041","3.21550063172359","3.09773699249923","3.15393465100637","3.08203623414837","2.97481186979645","2.84148521846447","2.65938329094369","2.56976747814276","2.55126513982739","2.98556856033807","3.27845479650374","3.17728527009726","2.87753123653597","2.71422040657605","2.60621860261331","2.37963467509709","2.18078548537016","2.03264504307225","1.95296705174529","1.83702551137618","1.64817579267929","1.61005697699419","1.68969483568075","1.72314742829085","1.66660515243227","1.42203170028818","1.24996619642133","1.18097179684711","1.12247550332399","1.12200927143154","1.01475596559521","0.808918707093165","0.665263620234986","",
"Euro area","EMU","Military expenditure (% of GDP)","MS.MIL.XPND.GD.ZS","3.77220758769606","3.70265584905523","3.97362068595533","3.96923069890164","3.74081532505345","3.55761977440421","3.51525360274451","3.53414470637794","3.30127833878358","3.129249030769","2.83318894786995","2.8366589070465","2.88642287812982","2.79825939150818","2.82365564822025","2.86521603276983","2.79369134798822","2.80694801181764","2.78621996933195","2.75626304716271","2.7126952891896","2.79358771823436","2.83324512440671","2.81207353869626","2.74488252543859","2.69016419175655","2.62029961611657","2.62885128561134","2.52967763066309","2.43804070181405","2.36671715237995","2.16571946530184","2.06424846368426","2.00342159830934","1.92584656597987","1.7930009789467","1.77748360962331","1.74218818204358","1.69472456317223","1.67540649219582","1.63811590464172","1.58929915364971","1.57505858304438","1.57101176345923","1.55451230603259","1.51414905494851","1.46463214433491","1.42351822307018","1.46088593602561","1.54465369219975","1.47072456235755","1.40742595885414","1.40462082884369","1.3532497949299","1.31488723748777","1.29135559705719","1.30322656713965","1.30760726023466","1.32300126335389","1.35825892046204","1.51573726642636","1.48332406877103","1.50027280005801","1.55760673265391","1.74679488619669","",
"Eritrea","ERI","Military expenditure (% of GDP)","MS.MIL.XPND.GD.ZS","","","","","","","","","","","","","","","","","","","","","","","","","","","","","","","","","","21.3291139240506","12.7159420289855","19.5391124143288","20.3448190649491","11.8604149677876","32.4970666110039","34.3777684538841","32.6556711938037","22.1367915582472","20.6718783563252","20.8657453093811","","","","","","","","","","","","","","","","","","","","","","",
"Spain","ESP","Military expenditure (% of GDP)","MS.MIL.XPND.GD.ZS","2.25074702204848","2.03124482602107","2.26774589192604","1.96963291958044","1.93055857347098","1.88486682463102","2.07961936015824","1.85195694357998","2.29767251939567","2.43416753437938","2.28661622551749","2.1079717457114","2.31778209800765","2.11074172547559","2.20756393740679","2.00426223337861","2.32104693213536","2.31423266289489","2.35795730062073","2.4970649013133","2.48989578488601","2.58210874483481","2.66030674579303","2.93627289991861","2.96600550441302","2.95472170818505","2.6250366796807","2.6147006889558","2.48937521722977","2.35967514225005","2.29330520898016","2.12919223112803","2.04280367601027","2.0118717370405","2.00133740218861","1.91702239465122","1.81443901615473","1.72281567944182","1.75731994886122","1.75523458900652","1.72551798839458","1.62958403293614","1.45597370162444","1.42254439300681","1.43022117967926","1.38717775355122","1.37000746147478","1.36310631227691","1.36762048450666","1.35835383696039","1.3816644927099","1.32573618168037","1.41695174735802","1.26618872678062","1.24625944103127","1.25969265356283","1.12848106845526","1.22211082849583","1.24562475871831","1.22464525288942","1.35429599703865","1.33768901652321","1.4055469125943","1.4715775760116","1.43210737406914","",
"Estonia","EST","Military expenditure (% of GDP)","MS.MIL.XPND.GD.ZS","","","","","","","","","","","","","","","","","","","","","","","","","","","","","","","","","","0.761751960945642","1.04163027365878","0.930586008373083","0.866311409441128","1.02886453383652","1.05677341127574","1.28040294601413","1.37613232122576","1.50097699373087","1.65626054354887","1.73550917444736","1.68718221150394","1.44977185113693","1.38733380120574","1.65723646617002","1.76710636308365","1.79897241682054","1.70034915217706","1.67245488569073","1.87984897526434","1.88381591331462","1.89535477779564","1.98944501754528","2.02803563355143","1.96988670547821","1.97061311743188","1.99845018670744","2.26136428332919","2.01231933389152","2.13485210963824","2.99572297522503","3.37400221824601","",
"Ethiopia","ETH","Military expenditure (% of GDP)","MS.MIL.XPND.GD.ZS","","1.85587761674718","1.9321903294163","2.42836676217765","2.9215844785772","3.22993525071525","3.10719908401317","2.48622496976213","2.1956163689345","2.02066455324645","1.88310980263875","1.90607150412524","1.93641025641026","1.92555408221254","2.79458239277652","4.49206211503427","4.13172252533126","3.96778085302675","4.81090245174752","6.88658800866843","8.70858213323967","7.53695803155075","7.53901842798044","7.1796178343949","7.96914816163087","6.82390419897137","6.69723756906077","6.85567368494198","8.5014361098123","10.2766484563588","9.6579698086295","5.70513154467309","3.44170834936514","3.07168835064302","2.86843870238978","2.22561605430131","2.11713848911382","3.3431774775412","7.27693614895529","9.50694268259021","7.69023859338487","4.39265735424712","3.75673419834585","3.29628763599851","3.13053613053613","2.81221837499407","2.30714932404438","1.89627732982541","1.51584796368311","1.20460157802807","1.15394252706819","1.09070647415251","0.868361507077892","0.806417193723534","0.768407756190907","0.70541465068261","0.683567210395797","0.675310715716932","0.645850962685811","0.579949536835092","0.780754838260967","1.60917093329444","1.50594072756186","0.882490047359025","0.650506448320295","",
"European Union","EUU","Military expenditure (% of GDP)","MS.MIL.XPND.GD.ZS","3.74796418201333","3.67750783628751","3.94453301583086","3.94761282247069","3.7263845425786","3.55982181674236","3.51280552018922","3.51442090473595","3.29587147669323","3.12898683016887","2.86185368164242","2.86256149728379","2.89897050446628","2.80243057777328","2.83052661717066","2.86790540179019","2.79090613746647","2.80724809088583","2.79241040899706","2.76308575047323","2.71891362126902","2.79757535295115","2.82851984119414","2.80309203940405","2.73311971222613","2.69427282924522","2.60657435696831","2.62246569248231","2.53597254477833","2.45005051395855","2.37827652315164","2.1793462612325","2.08077741954399","2.0189270459067","1.93983662364811","1.79167826080086","1.76539319370681","1.75288897752768","1.70953141607718","1.6878872249661","1.65016080283904","1.60743680830273","1.58973760272613","1.58319854467257","1.5582134056921","1.52268577194614","1.47271571588931","1.43303283698868","1.45185936199314","1.52656385309052","1.46081227346142","1.39707869672917","1.39589304154177","1.34698329802524","1.31655214852233","1.3025280407897","1.30652620259502","1.31409073603976","1.33833334181792","1.37438262585844","1.53553402611158","1.49919798843294","1.52481124826572","1.64488073928336","1.90097847355581","",
"Finland","FIN","Military expenditure (% of GDP)","MS.MIL.XPND.GD.ZS","1.76904104762464","1.8361815196588","2.51317830864007","1.92714178695058","1.85927303165209","1.79734038277768","1.71395131378637","1.61552115269617","1.755074400253","1.43747769806296","1.37585401679306","1.44904687492755","1.53084554364898","1.45370204008298","1.27017866747889","1.50815981992122","1.34012461675403","1.40535201149425","1.42944410507025","1.47900930967855","1.67093547993658","1.54558673057246","1.6437501499772","1.8232638142335","1.60404180113724","1.67657907276353","1.72390995338997","1.64553300960529","1.60769117311844","1.5343144923525","1.5633514986376","1.78123103649322","1.90713101160862","1.86801150656572","1.75560359540335","1.42254149924916","1.53047227121301","1.53515505066012","1.46317555780765","1.22310377157804","1.24000997169797","1.1431199131475","1.15346267852331","1.44547443507181","1.46771855552706","1.46470451104851","1.44270225678265","1.28760998478864","1.39102532971688","1.56084541207723","1.49172644486325","1.49199362525613","1.53160526604717","1.54007184381097","1.45927959000267","1.45819060668341","1.43150516649128","1.36088933984851","1.37168236993597","1.36132283517387","1.43578115547809","1.30243925969996","1.58854518946055","2.0075369530221","2.29979173712597","",
"Fiji","FJI","Military expenditure (% of GDP)","MS.MIL.XPND.GD.ZS","","","","","","","","","0.205761316872428","0.188323917137476","0.187695516162669","0.217083529966966","0.24885145482389","0.218740762636713","0.242222222222222","0.30049786628734","0.396150761828388","0.507575757575758","0.873095000712149","0.938856941673513","0.862051438446681","0.919420509421456","1.15496779857107","1.24142084112131","1.22260793484156","1.13315792450674","1.04396175427768","1.96952748392996","2.05201508941251","2.27010663248741","2.10875525984723","2.16678825384228","1.84041410651212","1.80855931911651","1.70263727299194","1.6257873899244","1.42424634501108","1.36495958076192","1.25918886595729","1.13180634323429","1.75624341841376","1.82458369041641","1.5485667306433","1.48650087420329","1.58387595253995","1.32359461422314","1.60859901711712","2.23709999847122","1.52095281013957","1.78657925681224","1.60512894075313","1.61040391811109","1.49096169403815","1.38677744785356","1.53977309916003","0.910147310120732","1.10379290217157","1.4048380780238","1.45588315236828","1.44512747814401","1.60530458182017","1.59594278733602","1.36090769946015","1.33351782363525","1.3128793789726","",
"France","FRA","Military expenditure (% of GDP)","MS.MIL.XPND.GD.ZS","5.42848588493053","5.29560753876716","5.15887134953187","4.74008571749863","4.54025026669875","4.39531951376613","4.29010327424386","4.29524594691896","4.13684603777682","3.67975172675766","3.45855771733226","3.31609304824223","3.23030459043129","3.14371920479698","3.08644058078624","3.1971454640285","3.15613958423347","3.23156861034418","3.15148731411781","3.13939544307514","3.15520508491915","3.24613261046416","3.2238391338373","3.23713177475225","3.18736925092314","3.14393280229726","3.08576501575346","3.12045160513517","3.00034058907042","2.91783465873507","2.84463959497759","2.84921925342208","2.72756816588629","2.72168441384594","2.69073238306963","2.51542226280158","2.43766326434912","2.39395696754189","2.2468089386267","2.19815329922308","2.09218901026309","2.04148415280944","2.05857264018165","2.1064709567846","2.11416633859403","2.02813701732744","1.97737744775679","1.91095777789429","1.89934504679172","2.09877791453034","1.96864375039496","1.88794614981494","1.87154409463222","1.84711648361859","1.85952906556899","1.86973268204402","1.85171809616119","1.8523088187904","1.84604257144589","1.85288520696513","2.02167455284232","1.98022225807935","1.95772067476703","1.95099683800051","2.05257687860637","",
"Faroe Islands","FRO","Military expenditure (% of GDP)","MS.MIL.XPND.GD.ZS","","","","","","","","","","","","","","","","","","","","","","","","","","","","","","","","","","","","","","","","","","","","","","","","","","","","","","","","","","","","","","","","","","",
"Micronesia, Fed. Sts.","FSM","Military expenditure (% of GDP)","MS.MIL.XPND.GD.ZS","","","","","","","","","","","","","","","","","","","","","","","","","","","","","","","","","","","","","","","","","","","","","","","","","","","","","","","","","","","","","","","","","","",
"Gabon","GAB","Military expenditure (% of GDP)","MS.MIL.XPND.GD.ZS","","","","","","","","1.10778443113772","1.01508888474928","1.36759569663221","1.43240191454706","1.44053282588011","1.55023041474654","1.30353817504655","0.679580306698951","0.780709342560554","0.668474481991378","1.02970153578673","","1.87713310580205","1.60362751603628","2.28680323963792","2.44764067625536","2.55358662849184","2.25549415242257","2.85904698433855","3.99592771697633","","","","","","","","","","","","","","1.69170490588038","1.79395209821725","1.78317027682097","1.66832793289402","1.6131661692941","1.24868216929966","1.28261921013258","","","","1.87162256589575","1.46243422997043","1.61980464787095","1.60404717948982","1.14481839629997","1.18502560854907","1.44754580418175","1.81138276957815","1.55363446931116","1.58168890147569","1.71695248466736","1.60218113320742","1.3582460776711","1.32324399735374","1.538206793748","",
"United Kingdom","GBR","Military expenditure (% of GDP)","MS.MIL.XPND.GD.ZS","7.09248637082215","6.92138752285922","6.94416604105903","6.80074341068238","6.59605601313516","6.43697857340144","6.24903679676674","6.2357037120617","5.9411052003122","5.5021956389853","5.19741323809566","5.07633062254603","5.1710477559332","4.90616105746511","5.06942711490535","5.33960343915615","5.17550333681554","4.92327762103886","4.73304308586993","4.67975756747534","5.01990345888742","4.98376336921746","5.38132652115477","5.39688559001511","5.50807949805952","5.32070461905547","5.05982373679728","4.68666844260533","4.21428762838849","4.04095433156431","3.983217694585","4.11680242273171","3.86471776641263","3.59064951247979","3.38193371776532","2.85419949053587","2.72459232198324","2.56014877225605","2.49596227501881","2.42290959332375","2.3727966452319","2.41112210130721","2.48565967470705","2.55206201518244","2.49782136751626","2.42271607573388","2.36967440284241","2.37465777127738","2.4871500848402","2.64772453259797","2.56799960467203","2.49903987829525","2.41781748358099","2.29232047399432","2.18448549185402","2.04890800410498","1.98449096820719","1.95002885979327","1.94455569473457","1.98525373099586","2.16304030547387","2.07241748249759","2.05691855462534","2.23063973904322","2.2786177901127","",
"Georgia","GEO","Military expenditure (% of GDP)","MS.MIL.XPND.GD.ZS","","","","","","","","","","","","","","","","","","","","","","","","","","","","","","","","","","","","","2.21017302703038","1.25358766896378","1.13697395615685","0.924374855931971","0.615582490752135","0.740186005258763","1.00053299706695","1.06848912472203","1.37383897186186","3.33916979671741","5.21830695097827","9.15911651704757","8.52011839531126","5.60659705141182","3.65484993224496","3.0291791684272","2.91212426772649","2.52250044602568","2.31346741070778","1.96739841458037","2.04079266789767","1.942197699613","1.86470954721815","1.75963279056275","1.78655575876457","1.59240624613036","1.60787681983081","1.65864808405362","1.86402941794564","",
"Ghana","GHA","Military expenditure (% of GDP)","MS.MIL.XPND.GD.ZS","1.70665901262916","2.10300429184549","2.00100300902708","2.01634877384196","1.92198868229588","1.73260572987722","2.2266139657444","","2.65588235294118","2.50125062531266","2.11819389110226","1.70131947221112","1.42984014209591","1.36493432324386","1.58154506437768","1.71493469619534","1.56680968433956","1.2532473349458","0.851281806918898","0.646304301608674","0.773574778895293","0.741113531698977","","0.341179539008248","0.593211881978556","1.00044308668175","0.900516843869348","0.892627345844504","0.437880517503805","0.430846522392588","0.276510427354999","0.368975044988862","0.377347219697109","0.421951639889914","0.426586695929125","0.335747716894977","0.286903633491311","0.287938176197836","0.334707661290323","0.333671099852227","0.4436304","0.264452812963597","0.260305614783227","0.30375830974791","0.277570912276859","0.260967076343411","0.262213532811969","0.370332914572864","0.294033500427925","0.336757870912986","0.282687655236928","0.43515452267479","0.593208552483374","0.400294579040699","0.484989051455069","0.392915126090548","0.291412454265461","0.312701278609545","0.32587623925291","0.343818178617089","0.350949233772808","0.382741906430833","0.337946355940024","0.398080247565807","0.383994182354107","",
"Gibraltar","GIB","Military expenditure (% of GDP)","MS.MIL.XPND.GD.ZS","","","","","","","","","","","","","","","","","","","","","","","","","","","","","","","","","","","","","","","","","","","","","","","","","","","","","","","","","","","","","","","","","","",
"Guinea","GIN","Military expenditure (% of GDP)","MS.MIL.XPND.GD.ZS","","","","","","","","","","","","","","","","","","","","","0.902357645982379","0.793828345445229","0.639108637534101","","","","","","","","","2.38055425991604","1.69464061466168","1.3407093629396","1.35611690454208","","","1.17281926203606","1.25499180312356","1.59513114331129","1.53463751403247","3.10021054615164","3.3246802439883","2.44118141486197","2.22856440980186","","","","","","","","2.24508735704069","2.38618429535759","2.27643791059905","2.5177315199509","1.88200742269539","1.76492717450729","1.67017173427376","1.47320213579399","1.46963829052972","1.54641182201592","2.18865717393084","2.13309701622161","2.05370337042453","",
"Gambia, The","GMB","Military expenditure (% of GDP)","MS.MIL.XPND.GD.ZS","","","","","","","","","","","","","","","","","","","","","","","","0.340909030378368","0.477501573316551","0.55122589453325","0.563939016801493","0.631086622245003","0.810531317253137","0.958392269816802","0.46126597245397","0.50424326671404","0.409650498904237","0.279219753894381","0.255557491763486","0.304615670171595","0.397307469403729","0.407575945502193","0.384833814905964","0.325833061382465","0.31579359886356","0.234862058929382","0.24438080993324","0.227388636213975","0.192621401787275","0.277027428909804","0.260242378391835","0.355318377435937","1.09491765751865","0.482205427892009","","","0.792325301857297","0.754494266076443","1.18750912674762","1.00885846696253","","","0.68699671133711","0.797324578818787","0.816569761733964","0.775165384461361","0.705923163360025","0.581008845800962","0.574440350261863","",
"Guinea-Bissau","GNB","Military expenditure (% of GDP)","MS.MIL.XPND.GD.ZS","","","","","","","","","","","","","","","","","","","","","","","0.00869457771777129","0.0134783154640054","0.0150240384615385","0.0109031437397783","0.0243964421855146","0.0580869565217391","","0.18108504398827","","","","","0.317965023847377","0.495568090249799","0.566593083149375","0.650521152667075","1.4047619047619","","2.62803036170707","1.62672677091596","1.5586028989376","1.57542311053966","","1.89459928348781","","","","1.55025769160365","1.82387957578709","1.51613050510836","2.33372193259001","1.9570423918299","1.89380436110046","1.47900420224188","1.26454587592398","1.30856549036791","1.37872156165153","1.49375034588535","1.51874963824343","1.46036445301284","1.39829187831807","1.2348847572106","","",
"Equatorial Guinea","GNQ","Military expenditure (% of GDP)","MS.MIL.XPND.GD.ZS","","","","","","","","","","","","","","","","","","","","","","","","","","","","","","","","","","","1.98642304021115","2.0456168533629","","","","","","","","","","","","1.50182586762037","1.48230906749545","2.47492960390331","","","","","0.766177996343115","1.04143202034015","1.23948977462594","1.12893709401034","1.14208303034219","1.30805287179895","1.64082995887433","1.34533764165546","1.3031878031878","1.51867240610434","0.982185856511218","",
"Greece","GRC","Military expenditure (% of GDP)","MS.MIL.XPND.GD.ZS","4.85730295953435","4.24357000022985","4.04842971228294","3.82448463962285","3.57356211032106","3.49846492059281","3.58468738765907","4.34570766758805","4.69018026641258","4.78878606005897","4.19730219448359","4.11919917305914","3.95652514491618","3.5177090640908","4.82446883464592","5.84732162220776","5.82922738415295","5.91853565442111","5.57544451249418","5.181248328693","4.6608059951787","5.7357013089349","5.62659345822855","5.17247666277713","4.83544433693963","4.69256693840525","4.12801512211307","4.25552044841929","4.19823223061689","3.7658694645888","3.79826032707078","3.484865109943","3.62980089042347","3.60012469561704","3.58197232877289","3.09663675025723","3.23732069026365","3.29602741401833","3.45541464568208","3.49420868804542","3.59479870587568","3.35627566229104","3.16565671755075","2.56278132746133","2.67202808458836","2.90167987543818","2.82969288184235","2.71917513817491","3.02372412926418","3.26904009456305","2.75678087939637","2.52021146748907","2.47639628901893","2.39130807647224","2.36784026258467","2.47743424261411","2.57279833754101","2.556623889921","2.70054108209766","2.59648367110305","3.02310765728834","3.80247367841764","4.00035246143373","2.88325472633445","3.12797536550149","",
"Grenada","GRD","Military expenditure (% of GDP)","MS.MIL.XPND.GD.ZS","","","","","","","","","","","","","","","","","","","","","","","","","","","","","","","","","","","","","","","","","","","","","","","","","","","","","","","","","","","","","","","","","","",
"Greenland","GRL","Military expenditure (% of GDP)","MS.MIL.XPND.GD.ZS","","","","","","","","","","","","","","","","","","","","","","","","","","","","","","","","","","","","","","","","","","","","","","","","","","","","","","","","","","","","","","","","","","",
"Guatemala","GTM","Military expenditure (% of GDP)","MS.MIL.XPND.GD.ZS","1.15792223391347","1.12222106548301","1.0453078110693","1.17300751136389","1.00383425318668","1.39559048518441","1.37345487471598","1.45714604983797","1.26668736417262","1.02599976681823","1.69642857142857","1.11850060459492","1.14198705748002","0.910753901840968","0.898307765301281","1.23148656061437","1.27139028245481","1.37213757868808","1.18112181863108","1.3066782558308","1.31685153691905","1.88944910430075","2.02571867758735","2.03593409871932","2.19084928671742","2.00737043596487","1.66749799534035","1.75071000671895","1.86907699721099","1.8028516299552","1.72801156281599","1.26843726414995","1.47262037513846","1.26706017134887","1.1785345993652","1.08042737364637","0.895717413539242","0.74281794332224","0.720839850994178","0.675600759866063","0.918401634718749","1.05206292918867","0.762245026054294","0.815655342525256","0.479416089056921","0.383913656735458","0.43182946456192","0.398456601466993","0.468231102914397","0.395326073511874","0.441382604389834","0.459619447723005","0.475870730886697","0.471272593167646","0.424656428368739","0.405967931287061","0.440496512523365","0.383850245049506","0.372491637911365","0.430070763358893","0.440993296513657","0.390634304160435","0.461665961921935","0.41898209578954","0.367622067360881","",
"Guam","GUM","Military expenditure (% of GDP)","MS.MIL.XPND.GD.ZS","","","","","","","","","","","","","","","","","","","","","","","","","","","","","","","","","","","","","","","","","","","","","","","","","","","","","","","","","","","","","","","","","","",
"Guyana","GUY","Military expenditure (% of GDP)","MS.MIL.XPND.GD.ZS","","","","","","","","","","","","","","1.64596273291925","2.85057471264368","6.95810564663024","8.35260115606936","6.07458292443572","3.89084507042253","3.71501272264631","3.70026525198939","3.9448966812774","5.12655601659751","4.51634877384196","4.67470588235294","8.43686354378819","5.35585585585586","3.08608876973488","2.66376601401982","1.5837366892546","0.905828279604213","0.582892778319561","0.969692301108401","0.950952235978621","1.00593672094627","0.915520386083765","0.78783093358105","","","","1.765977248429","2.01794562341177","2.29328668097935","2.19971682743689","2.80932483375126","1.41048583687429","0.805815134799291","0.914399668478094","1.00888107540392","0.981015648111865","0.905210395614708","0.878175345601621","0.825543220373685","0.843693300095089","0.951652170035393","1.08486547097887","1.15412827584568","1.25334268912328","1.29081562879598","1.29961278504611","1.40257741131547","0.954930861063661","0.601394233025198","0.640353101540134","0.868162254451279","",
"High income","HIC","Military expenditure (% of GDP)","MS.MIL.XPND.GD.ZS","6.62261867406372","6.56598973702553","6.69144795522389","6.35232655097906","5.82425142843074","5.52180650200392","5.90832962687659","6.35749381347192","6.17835703949675","5.72079471243341","5.23558746713043","4.6801486569463","4.3880879556356","3.95701861228944","3.9562101983503","3.84846835061568","3.6524373003038","3.75238577908116","3.565250949573","3.58622172849515","3.68151464585758","3.99073937104236","4.59831348064854","4.37305737169879","4.39387256531765","4.45254691451189","4.03403781498982","3.88262809348212","3.62210284070271","3.54658350608759","3.43859271550768","3.1309341614178","3.0554409507912","2.88790622556986","2.6864112883981","2.42573681654246","2.36022344422292","2.38822182426551","2.33022783787517","2.24759129523921","2.25730525441689","2.29155655552158","2.40618546223402","2.48832823711284","2.50283466811318","2.52884112212991","2.50597327596719","2.48291897738107","2.57985994313006","2.84208906098751","2.80213462883963","2.7121983447844","2.66591977838754","2.56816272119266","2.49379713727866","2.49683106146895","2.42702165130249","2.37420321615381","2.36053165550819","2.4280020277205","2.60507519982679","2.47376876065506","2.52414145196799","2.60401911703705","2.83142409185616","",
"Hong Kong SAR, China","HKG","Military expenditure (% of GDP)","MS.MIL.XPND.GD.ZS","","","","","","","","","","","","","","","","","","","","","","","","","","","","","","","","","","","","","","","","","","","","","","","","","","","","","","","","","","","","","","","","","","",
"Honduras","HND","Military expenditure (% of GDP)","MS.MIL.XPND.GD.ZS","1.16840536512668","1.07584269662921","0.988387096774193","0.931707317073171","1.2800875273523","1.2291052114061","1.18181818181818","1.1371237458194","1.08545034642032","1.06824925816024","1.36929460580913","1.47001934235977","1.83600713012478","1.68337730870712","1.59886471144749","1.90391459074733","1.75816023738872","1.9047619047619","2.26961558715113","2.23954802259887","2.22135619641465","2.14577052668913","2.30755984157052","2.27494312642184","2.44049412473637","2.5827723588405","2.77011946960746","2.95003010234798","2.85374554102259","2.67079543255274","2.20148360851878","1.54468554615668","","1.15782978535854","","","","","","","0.729929060458941","0.822610515328626","0.809187514419362","0.998264922159563","0.682692754206461","0.641478464457184","0.692430000775615","0.776008264862645","0.953978556250972","1.07491069621038","1.07445720815541","1.13130910330426","1.13179437578958","1.3795353155606","1.19271597688079","1.35173104039659","1.53155567439147","1.58983296006831","1.48969667029328","1.57817708956802","1.4667972724004","1.49821773541885","1.46557698015697","1.52388630538342","1.57536270602411","",
"Heavily indebted poor countries (HIPC)","HPC","Military expenditure (% of GDP)","MS.MIL.XPND.GD.ZS","","","","","","","","","1.51920287782514","1.60319289320675","1.71500956397695","1.79807257598819","1.85572165029498","1.77159728971592","1.99024298124024","2.18620559828154","2.22924355176516","2.20431879144061","2.72220336598329","2.78171886613537","2.68112282565734","2.84995651543416","2.8511698944078","","3.12862820736222","3.0506431172778","3.12532594095543","2.68687695105676","2.85417839003383","2.91832410012428","3.27171364077475","3.08071269731621","2.06592895549592","2.25425419328384","1.87303755377631","1.57596141346283","1.42026533268044","1.43896802054888","2.10440946852885","2.33760263361745","1.98319701344585","1.84921431956701","1.72436560336309","1.49109793883718","1.73295238576061","1.49331616365038","1.56750105648146","1.74394124352752","1.81115794876374","1.79322222180469","1.33370675974071","1.22919345763568","1.0919401134339","1.13328381757942","1.16355415259999","1.22144745080888","1.21035237889947","1.21249635589274","1.11220440297148","1.11731267327936","1.19471545499824","1.26661696760205","1.24994902092708","1.28128407465108","1.2825384712094","",
"Croatia","HRV","Military expenditure (% of GDP)","MS.MIL.XPND.GD.ZS","","","","","","","","","","","","","","","","","","","","","","","","","","","","","","","","","7.60738644340829","10.7267571545045","11.1481772894242","9.10152769738719","8.07513154938036","7.47805189562736","5.54555805177024","4.38306728344479","3.0245823570935","2.70575135487786","2.70880829294998","2.02614735279736","1.74038789534115","1.74403729145943","1.66641016588365","1.61077866472529","1.82315444519083","1.77217858246391","1.66618616230333","1.73660237614066","1.65593775106979","1.60780875391152","1.80811715937665","1.7487025038306","1.58922538500355","1.63316629446653","1.54234055565076","1.6036107424916","1.69659501985338","1.97150113166485","1.80285265162096","1.70663158780592","1.79323424509814","",
"Haiti","HTI","Military expenditure (% of GDP)","MS.MIL.XPND.GD.ZS","","","","","","","","","","","","","","","","","","","","","","","","","","","","","0.0867385444743935","0.0827735623003195","0.0930058157330885","0.102727272727273","0.110963715046605","0.0934226399919574","0.0742775407292475","0.0819197504607968","","","","","","","","","","","","","","","","","","0.0303030932089833","0.0355624820363801","0.0399858125348653","0.0492315360368918","0.04364592592778","0.0611986488105247","0.0859315095445588","0.103094179098955","0.153942307239608","0.0687408576027912","0.0540804620761845","0.068443100204951","",
"Hungary","HUN","Military expenditure (% of GDP)","MS.MIL.XPND.GD.ZS","","","","","","","","","","","4.03007518796992","3.74168514412417","3.27365728900256","3.00699300699301","3.2078413900646","3.33540501346592","3.00623936471923","2.9553264604811","3.23963792282039","3.23904440861791","3.34257975034674","3.33376073855623","3.24330699374926","3.33593662836104","3.14767501277466","4.97242913804779","3.22373254959589","3.15557729941292","3.59622327131352","2.78616206175993","2.56353802709041","2.16146979946364","2.1796531721192","1.90656828980965","1.82413438385634","1.3139594616011","1.24968177456491","1.46833921798512","1.26775175126137","1.42990268770239","1.51420984744636","1.57074717283351","1.5956687712714","1.64521118628476","1.47344940256568","1.4112437788596","1.21974188828371","1.2677875208247","1.18049340457337","1.12823884115794","1.02413363369774","1.03876980779352","1.0292472545828","0.943669886878651","0.857233093600132","0.904216708106145","0.999116487545317","1.19169678184034","1.00220452852258","1.32782522734016","1.74628152413286","1.31520993597457","1.83314817173654","2.04951096796972","2.15630980446665","",
"IBRD only","IBD","Military expenditure (% of GDP)","MS.MIL.XPND.GD.ZS","2.10293871205552","2.11333339146838","2.59030045575665","2.870203583482","2.79185208364738","2.95233108677271","2.78745119218012","2.85018892260064","2.83202444990308","2.86934682607716","3.13783207693535","3.22828404921649","3.02263709946808","2.81065224612527","3.25438570907915","3.77007647475435","3.94223171613437","3.86511626557281","3.6732317406267","3.03874002925579","2.75734414151453","3.01941232790255","3.08673832220349","3.20907868016047","2.97662016180904","3.0193991448552","3.11067598081193","3.16691895560341","","2.81034114273496","2.51009540727893","2.22257440656239","2.42969046776103","2.25647677999925","2.23051020211685","2.16973232158492","2.09222361819242","2.07961681247326","1.90517866806843","1.96287986871726","1.89958711497249","1.97059944136653","2.01557906145558","1.98664857202639","1.93267726445164","1.92557800751228","1.88965823805358","1.84881234547122","1.86399637768967","2.05135450205216","1.90451567262429","1.82549511082003","1.87440579275043","1.91556437595207","1.93112109037665","1.92753585729813","1.93711741584238","1.87429872064576","1.80070497566568","1.83735412768025","1.92874446913503","1.73977336612299","1.88149456088602","2.02560459834469","2.18163108061738","",
"IDA & IBRD total","IBT","Military expenditure (% of GDP)","MS.MIL.XPND.GD.ZS","","2.13729557311214","2.58604375341113","2.78014208610211","2.72183297938597","2.95951051857208","2.76976610522269","2.92641559335736","2.93778588293343","3.02412146765427","3.2142961717322","3.25730939198359","3.12849269828353","2.87020786095585","3.24707197475455","3.84427860577191","3.97536332895377","3.9023119487329","3.75087846043714","3.17968972595901","2.90869484077417","3.09388257263571","3.16207159090006","3.30897627822153","3.11933008898504","3.12499054233391","3.17965023915164","3.16519217059624","","2.83625732211225","2.58972077446137","2.35078823160562","2.4862466767076","2.32706264434453","2.28517929748894","2.17862057334092","2.08118313179466","2.05955561341063","1.91202843657972","2.00761439431841","1.93837066792096","1.99419591902598","2.03667245127044","1.9944072587938","1.94455913637123","1.92202532229188","1.87957625513803","1.84583480481313","1.86100575574244","2.03738651900728","1.8853696438606","1.8065336675423","1.85280180636627","1.88601975534729","1.89812718957465","1.89771046123481","1.90632584801025","1.85034688035468","1.77974278738821","1.79750495790818","1.88997987966074","1.72611907645695","1.84674996545584","1.98475195247778","2.13889869316838","",
"IDA total","IDA","Military expenditure (% of GDP)","MS.MIL.XPND.GD.ZS","","","","","","","","","3.59324933075083","3.96375159374189","3.6358168720594","3.429963377075","3.79788742107817","3.24508859507296","3.20023407836303","4.25218625102773","4.17593803430395","4.13426150140983","4.24160548687907","4.06757865078267","3.87679336409709","3.44576326314364","3.53301799427725","3.88100885336741","3.98408893451645","3.7548020025632","3.63058438766673","3.15344277215141","3.09397497940503","3.08121276567997","3.2622125110313","3.36490363685131","3.11192207998832","3.10347297636592","2.91729469587873","2.27849028898165","1.96677077666773","1.84958295980235","1.98401019746093","2.6071553036754","2.41897265792702","2.2980187138125","2.2922298835529","2.08328490876377","2.08399628466146","1.87894373875212","1.75522031414975","1.80611157226818","1.82218394756098","1.8520998096218","1.60727364055771","1.50221720693539","1.52716282714074","1.47221718614645","1.45484756864812","1.5056263410183","1.50249432572503","1.52506581655348","1.50431932984587","1.31366775224366","1.42496387915101","1.54751856845761","1.38793621903365","1.39755735918296","1.48649904517447","",
"IDA blend","IDB","Military expenditure (% of GDP)","MS.MIL.XPND.GD.ZS","2.21458186623179","2.21370641873462","2.05284719708958","2.05026993328675","2.15040854142567","3.12673407925107","3.3831399211016","4.60871639335763","5.41594933581194","6.16487430263356","4.7844345010646","4.6156304073231","4.81846832966467","4.40187945419403","4.02915735235089","5.90134137572836","4.91334348797361","4.97736595761787","4.70019418851149","4.26679856351854","3.6303112955781","3.13389997857867","3.02100258874955","3.20977781403253","3.00395090615266","2.86634082686969","3.00599260758194","2.92939335982069","3.07245834728185","3.04979309456931","2.8754547375597","2.88615443813776","2.98634788119834","2.94471826380753","2.43962621506291","1.96829549860225","1.70277676852482","1.57910158592854","1.58820653438344","2.55396428001601","2.37667531519861","2.2611382772566","2.38466569634779","2.08022687225516","2.02723237028944","1.82796861045111","1.59715662815393","1.56318691124824","1.54022856663207","1.51040666598381","1.36934095167256","1.36317186337328","1.38505020989057","1.32842370963108","1.29613950354143","1.40101641078881","1.57683230508224","1.66092681907433","1.77176994798976","1.34825500265823","1.45956274961897","1.67761077426009","1.42667392391029","1.44060137306349","1.45181275925852","",
"Indonesia","IDN","Military expenditure (% of GDP)","MS.MIL.XPND.GD.ZS","","","","","","","","","","","","","","","2.70592080687337","3.49218904488827","3.42186762528529","3.20608920239654","3.16319352853249","3.02025891948266","2.91721769056258","2.88462200140382","2.90192826971126","2.39812942040375","2.28542025922011","2.17059935369795","2.00976539562951","1.72218767006142","1.53084105893772","1.38913634136564","1.41049291967411","1.32406418395881","1.35687600701146","1.22355780893698","1.26615561718382","1.22630986064236","1.26439252827808","1.49774173762735","1.01911684387405","0.810812654015076","0.684483763500435","0.572792652704213","0.700120208801041","0.909285036773652","0.945714621727218","0.750789394004931","0.65870277762871","0.71236193115127","0.578945804493387","0.571133891996423","0.617587091951932","0.653776702606807","0.711549473406383","0.918769839183066","0.777855178232831","0.882266734481239","0.792220213496852","0.865191376221992","0.718928190476345","0.728563743551525","0.886277728854897","0.741525844917975","0.76801260357697","0.821108120466812","0.779216788275608","",
"IDA only","IDX","Military expenditure (% of GDP)","MS.MIL.XPND.GD.ZS","","","","","","","","","","","","","","2.46092255362479","2.56996104760213","3.03752386119919","3.4638425234155","3.35071735005501","3.83486436734361","3.87654013094809","4.14738161533321","4.03268689953763","4.47854335005281","4.8703608837833","5.13171872421183","4.77089601676688","4.26661104001427","3.38169382006785","3.11464883293467","3.11369368334067","3.56817020127453","3.72672200668522","3.2252435912531","3.23679055451498","3.40808269111607","2.70632958823374","2.40792243681053","2.29529795523512","2.58399420401053","2.65062818288108","2.457342430298","2.33365968353833","2.19987481141655","2.08643245315096","2.14240910388555","1.93312443504282","1.94330919685069","2.0923646367849","2.11924041078555","2.18011876918516","1.86892448047617","1.66766263526581","1.68710972611343","1.62833778913018","1.6316111554607","1.61417811737234","1.43482375343401","1.40537387036407","1.25510345168853","1.27852063558549","1.39308104700117","1.42935982830489","1.35196328047191","1.36452263379008","1.50771693803082","",
"Isle of Man","IMN","Military expenditure (% of GDP)","MS.MIL.XPND.GD.ZS","","","","","","","","","","","","","","","","","","","","","","","","","","","","","","","","","","","","","","","","","","","","","","","","","","","","","","","","","","","","","","","","","","",
"India","IND","Military expenditure (% of GDP)","MS.MIL.XPND.GD.ZS","2.00401234567901","2.07435972060536","2.74540043290043","4.02530602636535","3.81923698021801","3.87141491395794","3.57237064592492","3.22392372146778","3.24556858467412","3.14081455805893","3.18518303985171","3.65245352356247","3.7179474612821","3.15864376713433","3.20282632441289","3.53459878110716","3.4778831428908","3.16277193712918","3.12633170169882","3.26132865787541","3.13378132972583","3.18624812218328","3.34511766555139","3.3230686597074","3.41687559436328","3.5690302776083","4.10646868066223","4.2313175270108","3.72867178276269","3.53417972767288","3.14621461029962","2.90997432764267","2.70483970561409","2.82354224568723","2.66467372708604","2.57848357246069","2.4727682254674","2.64773242601716","2.72731141679376","2.95719564743412","2.94892990622572","2.9244355462896","2.82686683045838","2.67777693222748","2.82875224798105","2.91058750164482","2.68038156022763","2.47824652803557","2.63146078124112","3.12938472737472","2.88946327164641","2.70448222276966","2.61816634758562","2.5488248901417","2.54398176462257","2.45745006060163","2.54315152114541","2.53151136056791","2.42428452604417","2.5459982314359","2.80361581112679","2.46874153034185","2.38309809835882","2.35679426678262","2.2712033218142","",
"Not classified","INX","Military expenditure (% of GDP)","MS.MIL.XPND.GD.ZS","","","","","","","","","","","","","","","","","","","","","","","","","","","","","","","","","","","","","","","","","","","","","","","","","","","","","","","","","","","","","","","","","","",
"Ireland","IRL","Military expenditure (% of GDP)","MS.MIL.XPND.GD.ZS","1.33038674274387","1.32014208497048","1.29021997609629","1.24281713383915","1.30320786489055","1.32690805500519","1.23436045763536","1.18712684797857","1.13285129943636","1.09928037099096","1.15860929602813","1.24394513227465","1.32881101131957","1.31269490105501","1.40693235636944","1.62595896710865","1.61516249948012","1.52517744005848","1.48308354739001","1.58220056709233","1.66526701222097","1.58060661844101","1.59123694788544","1.4926312327501","1.41243942527662","1.41604420408081","1.4232052652489","1.28230024699033","1.1994341526595","1.10547611947077","1.20350328404375","1.25393531255992","1.20411854985202","1.13922514870102","1.10873259118524","1.01536302332693","0.990896265766987","0.923621423991217","0.823067638264075","0.75007656936","0.694961052162033","0.702765014395844","0.63383334613874","0.587456023721602","0.567899833158286","0.540612698817302","0.513151243889595","0.508754794256741","0.57698781953157","0.601169019780089","0.574574154033988","0.539508228229788","0.509289132793347","0.49161342312128","0.447668415911946","0.329854616599638","0.327907586700795","0.296120745416758","0.280112255033866","0.273293508559262","0.262684777602834","0.238637692712824","0.212502380914468","0.230374711003044","0.239096332495524","",
"Iran, Islamic Rep.","IRN","Military expenditure (% of GDP)","MS.MIL.XPND.GD.ZS","2.29490883301967","2.34664218166081","2.30741087712102","2.59035696447359","2.88182674775756","3.24952490444466","3.8189953679917","4.45799176138232","5.17636359090398","5.9690541955316","5.85690329096248","3.04701247800352","2.27537027764767","1.86470541876358","8.75035024750824","12.0691929092555","11.2479723346227","10.1898301489818","11.1132050910914","5.79724702809783","5.34315018542368","8.19038082342705","7.90689063839738","7.09708065005957","6.354853844404","6.51241844033205","6.07933597523708","5.88910778863281","6.269777621033","4.55798049268961","2.94265012534759","2.16970796657052","1.78930544437356","1.70036120174971","2.07301000512615","2.15416588498039","2.24486451064281","2.49887472505777","2.62907924769004","2.40455173780106","2.29504222152572","2.41817929679324","2.17457636612743","2.4050402653569","2.83455780463948","3.03665449804817","3.31519380033441","2.65398282115891","2.68334192055637","3.04770554917662","2.7865480606164","2.38163454250427","2.68660846849974","2.18077190909837","2.11655706144949","2.55709080686915","2.79643556281004","2.8443384495596","2.35629488324383","2.14694745014838","2.17701027609522","2.22394282528392","2.11062130699384","2.35179187276968","2.01043175751636","",
"Iraq","IRQ","Military expenditure (% of GDP)","MS.MIL.XPND.GD.ZS","7.05063185899568","6.85139886867451","6.91081661891118","8.25088464260439","7.95651389390112","8.87326656394453","8.52055837563452","8.42706237424547","9.2208540042523","11.3800847457627","11.1682261208577","10.516111033617","10.6410923728225","12.2583620265617","12.494819419775","11.6746221161496","11.1631001695606","9.81281342579567","8.11775941535523","6.14876787611163","5.51152466705124","10.8295344412937","","","","","","","","","","","","","","","","","","","","","","","1.67557807777108","2.24258030532454","1.89757172208062","2.23992802514508","2.36775982414374","2.89914007639814","2.70935227972459","2.30344021962536","1.89956836613945","3.31583096149399","2.9506139914123","5.41292532011925","3.55013476903527","3.90898492056515","2.75172485497662","3.23719485045446","3.11217889939661","2.26111174702371","1.64001134527485","2.26269486919183","2.35714058035714","",
"Iceland","ISL","Military expenditure (% of GDP)","MS.MIL.XPND.GD.ZS","","","","","","","","","","","","","","","","","","","","","","","","","","","","","","","","","","","","","","","","","","","","","","","","","","","","","","","","","","","","","","","","","","",
"Israel","ISR","Military expenditure (% of GDP)","MS.MIL.XPND.GD.ZS","7.46024831191462","7.86501626310083","9.16079196040198","9.7535741158766","8.98462696194367","8.56915377616015","9.43467336683417","15.4425144747725","17.4280147218013","19.0893169877408","23.4470563207999","22.7998034775922","20.3710188427547","27.856092653735","27.6552864420413","30.4638027862708","29.2455930986357","23.087213342599","22.8911349757844","19.3846931894808","18.9193366304698","20.2622686197897","18.3882100800596","15.5468886770799","16.1822289156626","16.6006435277983","14.7677128827137","16.9001449480308","15.9470945572914","12.4457326547219","12.362686187267","15.5869829136602","10.925077527679","11.5232439907469","10.1199658353758","7.52795654363498","7.37917726384435","7.17952158691366","6.71359953153999","6.30231351836919","6.10001984652015","6.29993225373241","6.36795930501003","6.25286591975287","6.13940696015944","6.05115990349017","5.85587278604162","6.16232982826306","6.23951148308826","5.97664891131294","5.78907528727422","5.63236402188698","5.51022054656508","5.44373442389891","5.63057461102748","5.42297442402595","5.41748768749926","5.42682730712043","5.28819717558874","5.07212719116893","5.27626408809404","4.9349458892043","4.43301220057923","5.38479973351622","8.77671668977531","",
"Italy","ITA","Military expenditure (% of GDP)","MS.MIL.XPND.GD.ZS","2.71382598828575","2.57386907530496","2.63383835685955","2.75343795360876","2.72735589826609","2.74758016222984","2.98871998055421","2.767746940336","2.64896159188232","2.42240082694152","2.05821005427826","2.2389709472173","2.39117601629548","2.19581741427764","2.07062677398957","1.97523216803617","1.82814366885272","1.89080851218824","1.87975510456818","1.87395946663968","1.76364323708972","1.82111250603573","2.0053729031431","2.01650141992046","2.00860777360645","1.93636892016635","1.97714264210667","2.06035364400414","2.07285745924484","2.02642731989536","1.8807984132592","1.85885268375554","1.75197698347487","1.7867679733127","1.71374275955101","1.45963717676225","1.58142783542643","1.61893523792895","1.63621282256544","1.67522558920443","1.7333974080779","1.66687444230505","1.69394254893483","1.69839951235756","1.67228931403318","1.59516123663349","1.51434317166841","1.44091823807458","1.53005124720846","1.54748909606347","1.49431312454622","1.46829220552997","1.41946238544527","1.39167747666985","1.27633070266495","1.20247316488401","1.32773387933426","1.35122350161336","1.35443317948295","1.30611671363832","1.72984958969454","1.66286387777873","1.65164252620196","1.60646040928357","1.60924561245844","",
"Jamaica","JAM","Military expenditure (% of GDP)","MS.MIL.XPND.GD.ZS","","","","","","","","","","","","","","","","","0.925307817831182","0.941001252411739","","","","1.50794248996589","1.62772067972252","1.38598924669679","1.05973179462521","0.891059849412813","0.853933328915104","0.770446354311062","0.807990671996954","0.929262991503655","0.840785086389815","0.75852456763707","1.1078382456987","0.821906410171071","0.629920602685154","0.538709243142773","0.567656626792595","0.655054826817414","0.544947828971664","0.511051526418673","0.486319761296974","0.504358949501446","0.585431033566746","0.581596297588658","0.53596996755953","0.527663694618897","0.608922318763779","0.65245791026588","0.953354273523125","0.947227444976472","0.874179484221201","0.925165752936644","0.929536056664277","0.898967963739861","0.872784216786518","0.872353476007681","0.954831298098327","0.973433068165328","1.33284679598136","1.68152578167608","1.70647069948671","1.46676867767402","1.2899994472516","1.18599590352408","1.27385736005958","",
"Jordan","JOR","Military expenditure (% of GDP)","MS.MIL.XPND.GD.ZS","20.3967446592065","16.5070774354704","18.1455004205214","17.1185127807901","14.8421759570181","13.4099045346062","19.4942611190818","23.4924623115578","24.0638185654008","","18.5080264400378","17.1529619805482","18.3551847437426","18.6651583710407","17.5099866844208","15.2466367713004","17.2410145755326","12.5292953756037","11.7174927582877","12.2138026147716","10.6458785854718","10.0089735625043","9.93969514227704","9.85083816080374","9.21630028382016","10.0481091285549","9.7745602563702","9.57758058943667","9.36361469576765","9.07078095300923","7.75106758278973","9.97308956172497","6.92424871901399","6.97710941703805","6.53945701855829","4.45424850464514","6.02691751674709","6.13150620936661","6.27462165100982","6.28223322141843","6.25655642564826","5.89307853514787","5.44601446661176","6.00105948173936","5.14172128874042","4.79532278988433","4.65932400854871","5.85128256624216","5.99497156149729","6.39138388037152","5.74149982771799","5.40164163067694","4.65572090662121","4.19373981956594","4.20345261907888","4.1851629472753","4.43550630070496","4.6843537414966","4.56009087117148","4.56623750321627","4.70457117239125","4.70182146525246","4.798376906378","4.81224565580192","4.80018703722722","",
"Japan","JPN","Military expenditure (% of GDP)","MS.MIL.XPND.GD.ZS","1.08059488934833","0.916660202208259","0.882981583852488","0.902911616201838","0.87504612187006","0.899713990141788","0.879421011265392","0.836230312650205","0.793866529243094","0.772551017292608","0.773230313218779","0.824119314063094","0.842475301533426","0.815014489146474","0.862068323351509","0.907387056975466","0.891651107922652","0.890681061512105","0.891286374043561","0.907392110929058","0.906794213450064","0.91664815297164","0.926375566882048","0.952297427190256","0.958404158758974","0.95939791396488","0.962811252055438","0.965510912838467","0.94970885873148","0.940781035886882","0.941791766132693","0.940821904384541","0.948312440331709","0.950663824755226","0.905931358699237","0.90093030549817","0.894648972187736","0.904515219581402","0.923513329235146","0.930179880124356","0.91598559605623","0.931672835040444","0.940357532610132","0.940046602477998","0.92660402297468","0.916916827733627","0.9029884189667","0.88498737572599","0.907855045566342","0.972969565505525","0.94903257605427","0.974823565427991","0.956761841659896","0.940538501428935","0.957800914762225","0.947283532698529","0.929516775505971","0.913229479099801","0.962497363778907","0.992231472747577","1.01676127140466","1.06384050244526","1.00994395391657","1.13954641785041","1.37139689580634","",
"Kazakhstan","KAZ","Military expenditure (% of GDP)","MS.MIL.XPND.GD.ZS","","","","","","","","","","","","","","","","","","","","","","","","","","","","","","","","","","1.06262020891113","0.838731749307495","1.03242166274226","1.20199445983379","1.11293900645579","1.14973828325921","0.819607059409027","0.784645080413813","0.99981747947367","0.998337701524197","1.02992745863145","0.988239740954479","1.03632123942771","0.97899879573514","1.29687682152726","1.15466850608291","1.10303324145897","1.01441556484772","0.93651358475802","1.04690637071706","1.07808460394627","1.0416921334727","1.1097215472116","0.933551765285713","0.831894968007788","0.835625758457601","1.02091636689134","0.907188676192723","0.819281683646492","0.517435849596282","0.440775673081948","0.42842846956594","",
"Kenya","KEN","Military expenditure (% of GDP)","MS.MIL.XPND.GD.ZS","0.327317763623496","0.112994350282486","0.077319587628866","0.206489675516224","0.589887640449438","0.990334780781622","1.13326848249027","1.304993715004","1.21834288692027","1.08006912442396","1.05748325941386","1.22771506422733","1.5418118466899","1.65927802406586","1.77700255645505","1.87890255439924","2.48474297785776","3.74017554053641","5.19929215471476","5.50160584679969","4.51531983515499","4.22532483879088","4.57278317930395","4.19523392431061","3.47691247415576","2.37575745554443","2.50357532007627","3.13374349122125","2.94555339497599","2.74085168629691","2.88821495785942","2.35425808983553","1.90074676245392","1.83774159512733","1.64125280758672","1.64671623136492","1.4179547033567","1.34063859838611","1.22012251882916","1.18697414805458","1.31374203224597","1.50475490196078","1.63240781121287","1.65009984272562","1.61419423692636","1.69058701379422","1.45517741016444","1.54791227998168","1.61585029427424","1.36507571681354","1.3699852575929","1.37974304585955","1.48957729008126","1.39539650803677","1.19943336712808","1.20316940776845","1.24730980077159","1.23759400127025","1.20738536752593","1.1125711791299","1.10843419595019","1.07720025210221","1.01020520038813","0.975388127956637","0.999546585264659","",
"Kyrgyz Republic","KGZ","Military expenditure (% of GDP)","MS.MIL.XPND.GD.ZS","","","","","","","","","","","","","","","","","","","","","","","","","","","","","","","","","1.64230750551757","1.53179449829122","2.58636182108626","3.45861592681371","2.9882731534704","3.11226727759184","2.66756189038483","2.68520638437551","2.87889604776163","2.34503697046559","2.7266980460491","2.86586980182387","2.84851136977412","3.07769239002886","3.16889818198754","3.05750079106286","2.90487239077854","3.17610058298534","3.8461743536872","3.39883593465625","3.20725902845126","3.19620405364784","3.37589282594698","3.45165293268545","3.34401777586688","3.10489070193562","3.02854515463686","2.71068623481534","3.10718371407588","2.840273087853","2.90437000597407","3.45490593195541","2.96620373701758","",
"Cambodia","KHM","Military expenditure (% of GDP)","MS.MIL.XPND.GD.ZS","","","","","","","","","","","","","","","","","","","","","","","","","","","1.14685088240056","1.5742453461372","1.2782035615864","1.99245358205796","2.07137559385002","2.32789658450414","3.14593301435407","1.76128949875169","3.84234290025109","3.57731057861843","3.23845458339129","3.00336116231161","2.66204789979779","2.51002908172038","2.18580351927626","1.70559956511647","1.44629083177813","1.33610258818851","1.17651607638203","1.00419041063819","0.908700457988102","0.780175183344973","0.678731132114834","1.09246347000704","1.21559876300051","1.1985526648033","1.21900137646164","1.22920405585317","1.26114158531483","1.34520463175237","1.43955694700576","1.56181647470424","1.63716525982655","1.62193704891153","1.78010501633067","1.70160776824328","1.54188348947322","1.5448976529505","1.52066451977199","",
"Kiribati","KIR","Military expenditure (% of GDP)","MS.MIL.XPND.GD.ZS","","","","","","","","","","","","","","","","","","","","","","","","","","","","","","","","","","","","","","","","","","","","","","","","","","","","","","","","","","","","","","","","","","",
"St. Kitts and Nevis","KNA","Military expenditure (% of GDP)","MS.MIL.XPND.GD.ZS","","","","","","","","","","","","","","","","","","","","","","","","","","","","","","","","","","","","","","","","","","","","","","","","","","","","","","","","","","","","","","","","","","",
"Korea, Rep.","KOR","Military expenditure (% of GDP)","MS.MIL.XPND.GD.ZS","7.15754833401892","6.72614962251201","6.8671963677639","4.82385908726982","4.13443960061876","4.41047487783486","4.68887369346488","4.68514253950608","4.73064179653945","4.69439489249836","4.40334654337296","4.73498860643367","5.010068079394","4.03473216443858","4.54144562770677","4.87871647715607","5.90815568383151","6.03493912122816","6.37145061919441","5.5258765683501","6.39877211320904","6.41585729782663","6.24089448534207","5.72681360842501","5.25453539277515","5.22553168462828","4.94825625094216","4.46860555045954","4.28121593799201","4.2902352949115","4.00230428922186","3.71112784107967","3.69027269027269","3.41789483823914","3.19275266895546","2.8923329861881","2.74347966333348","2.66338780772064","2.79444200391705","2.49257721979611","2.30986337128191","2.28023381667517","2.16944775379075","2.17524124529532","2.16578832442349","2.28040178931092","2.29892381866626","2.27093537515891","2.38850767922871","2.49990153790778","2.36122792330691","2.37114288990647","2.39205949733254","2.39128707318548","2.41327231110109","2.3763712275445","2.3357998421426","2.29813107276094","2.36150967895845","2.51931997944066","2.64297706902012","2.61904941244001","2.57642560395009","2.59925771052554","2.56205259386748","",
"Kuwait","KWT","Military expenditure (% of GDP)","MS.MIL.XPND.GD.ZS","","","","","","","","","","","2.39278752436647","1.89218523878437","2.03893442622951","2.52493765586035","3.2791185729276","","","5.29368213228036","4.76078799249531","3.54852812591081","3.31399097356544","4.12700667708481","5.95429674927583","6.83051126089101","6.75486381322957","6.43410852713178","7.23620987891601","5.97625541472806","8.23661874242162","8.53982920341593","48.5172672672673","117.34982320869","31.7860244470914","12.4402191802041","13.259238782833","13.5815813052368","10.2926484718519","8.0864758714549","8.79655979257573","7.59022387888794","7.15014865654555","7.70062608489699","7.39919407029019","6.54392425039453","5.80446088589746","4.34302594160701","3.54264578632145","3.59032675886877","3.00607272121515","3.97180632341079","3.7561481418781","3.50139726568748","3.41374157981372","3.27153182701652","3.58561842128005","5.0074693972269","5.89351944288143","5.60744536433338","5.19085473728776","5.32311669292361","6.47217283542021","6.35158136559629","4.51075426849442","4.76885841726812","4.84093247384389","",
"Latin America & Caribbean (excluding high income)","LAC","Military expenditure (% of GDP)","MS.MIL.XPND.GD.ZS","1.96769378104615","1.83874266536991","2.12773473156768","1.94389038669314","1.65398616909876","1.91013680444556","1.87561335146564","2.02874941175634","1.83273137947666","1.85941725670139","1.96100517469089","1.96105045048926","1.8732526918626","1.77675905115947","1.66000071245852","1.82797328871265","2.02581307321489","2.0612104646046","2.11352717173386","1.79748536518377","1.37401967980313","1.38246698387947","1.54368028463198","1.72462780873497","1.52193972841264","1.47416270759599","1.4928215981398","1.70365247185769","1.72273912317233","1.97991576598219","1.60750763482739","1.3860407989989","1.23030792135358","1.27843330598116","1.37745592051626","1.51795871472377","1.43880545559913","1.28794501929825","1.31965607208371","1.2260146071875","1.19249629420595","1.23356589010048","1.15398213026234","1.07288478910219","1.0541773214372","1.14331274741158","1.12351702103475","1.18499037899416","1.23038073548613","1.36142781870003","1.32332707963113","1.24137958032971","1.2698683096783","1.274652933703","1.24150299355877","1.20349735430433","1.17905883753934","1.24204931740468","1.20542604375817","1.17610852771799","1.24094882222681","1.08381662575921","1.02270468329286","1.00931531558256","1.09028449711359","",
"Lao PDR","LAO","Military expenditure (% of GDP)","MS.MIL.XPND.GD.ZS","","","","","","","","","","","","","","","","","","","","","","","","","","","","","","","","","8.67531237046249","8.1075112779583","7.52200406228842","5.83419558712492","4.1867068435997","3.83900703742237","2.59421725390312","1.0577425788587","0.791543216650207","0.717115235195965","0.583934898389787","0.492156926196989","0.433725286362231","0.392508608502655","0.343162744772127","0.312173796332908","0.273820907156906","0.217194753335539","0.204567128983702","0.212126552452257","0.199455064976167","0.189895181780941","","","","","","","","","","","","",
"Lebanon","LBN","Military expenditure (% of GDP)","MS.MIL.XPND.GD.ZS","","","","","3.65625","3.88873119500426","4.16343418670804","4.84293193717278","4.84437163585303","4.64403066812705","4.33621043978627","4.00074087794036","5.09033778476041","3.81528931437421","","","12.1249085142718","4.73228442492987","8.48960109103307","10.0717488789238","12.3571428571429","9.58333333333333","9.28645130565918","13.4556205877029","10.9687267047673","6.28697601510223","5.2638395500296","1.12184657836794","1.18657817109145","","7.55195134313229","5.15488867376573","7.98399831561217","6.01127876848041","6.99771316563215","6.71192798911137","5.66185242685313","4.30515463917526","4.02325225638672","4.77043929225137","5.39210030383447","5.44789624491027","4.75330090340514","4.67569110879715","4.51119229815156","4.47739527979241","4.58143085334009","4.64100507400197","4.01624119377376","4.02886758468434","4.12394687168443","4.07375676942933","3.99214379436289","4.12908273269169","4.71994151384666","4.48517082491055","5.09598055264963","4.60339736802672","5.05552097445632","4.73938277788589","3.02665836499332","1.60905429967969","1.39503764342103","1.62409234575544","2.58828538225203","",
"Liberia","LBR","Military expenditure (% of GDP)","MS.MIL.XPND.GD.ZS","","","","","","1.17749672917575","1.14519427402863","1.16858237547893","1.10187861271676","0.993485342019544","1.09873104302074","1.18594436310395","1.10024449877751","0.968992248062015","0.93429158110883","0.952380952380952","1.07256577844813","1.15156017830609","1.2409369771333","1.15464930598207","1.49175149175149","3.11281748375665","5.01794189142262","4.70609667233422","2.94048320565704","2.95430518031246","2.89536266349584","2.28721217105263","2.40778195126649","","","7.18390804597701","10.1342281879195","18.9837905236908","29.7276853252648","","","","","","","","","","0.504459308807135","0.685063559322034","0.351713255184851","0.214434523809524","0.292064439140811","0.381841359773371","0.456866734486267","0.535918803418803","0.567439252336449","0.496435611038108","0.470258899676375","0.478622250970246","0.451842751842752","0.4015507377296","0.405300245098039","0.418863636363636","0.424794204807376","0.847050441721288","1.31348766985405","1.42410022779043","0.711206896551724","",
"Libya","LBY","Military expenditure (% of GDP)","MS.MIL.XPND.GD.ZS","1.592","1.85507246376812","3.10416666666667","2.40794223826715","1.84375","1.85714285714286","2.91492329149233","3.36094674556213","2.85594639865997","3.76288659793814","6.07293127629734","5.32267977873387","3.70967741935484","3.98486197684773","3.2912696368787","2.25396825396825","1.96861626248217","2.46399444733646","3.79922644163151","3.22074942645934","2.92236435818262","1.75511376328302","2.2405257767156","","","","","","","","","","","","","","","4.07802671566895","5.29744153194161","3.7838602447132","3.14686367358096","2.41350785849837","2.06923852022456","2.07204807151526","2.07107445674837","1.52811115994456","1.12033540648601","0.946677517254647","1.48985108130425","","","","3.74560382719202","7.63933084825893","15.4795763013832","","","","","","","","4.34666046441666","5.28705130951195","","",
"St. Lucia","LCA","Military expenditure (% of GDP)","MS.MIL.XPND.GD.ZS","","","","","","","","","","","","","","","","","","","","","","","","","","","","","","","","","","","","","","","","","","","","","","","","","","","","","","","","","","","","","","","","","","",
"Latin America & Caribbean","LCN","Military expenditure (% of GDP)","MS.MIL.XPND.GD.ZS","2.03795882417178","1.94763506416593","2.19341087999503","2.00380010841743","1.71546887979316","1.96772254158198","1.92957267304462","2.07036842928039","1.86519756556045","1.87664897512281","2.10208639605151","2.22874727986975","2.16057537328716","2.09136817617199","1.94580819483063","1.95460349282781","2.14251791264433","2.22582616034247","2.26121481595329","1.98385442160946","1.62327841836447","1.67698416398307","1.79652932721108","1.93868662756359","1.72166566249491","1.64150750041888","1.65206382381215","1.83810587020454","1.81723068831195","2.0475936073851","1.68150981093536","1.44558019348024","1.30027400631735","1.34007751500839","1.42743167502816","1.57042113634008","1.49003810825292","1.34632274897382","1.37559731034247","1.2956757860338","1.25993132453559","1.28959161819011","1.21124188407773","1.14112040081043","1.1320858197509","1.20878482804026","1.19287278686642","1.23762184803311","1.28560076597935","1.39963654439808","1.36361250140288","1.28584933841204","1.30458291443999","1.30938363568439","1.27513186520982","1.241507427139","1.22325580619479","1.2837899400078","1.25147706251519","1.22208742779478","1.29858192392545","1.13268450304288","1.06054712623602","1.05441672754447","1.12934190571924","",
"Least developed countries: UN classification","LDC","Military expenditure (% of GDP)","MS.MIL.XPND.GD.ZS","","","","","","","","","","","","","","1.62268777765027","1.71883560882339","1.78732528534771","2.1721371223319","2.25584820404687","2.74505015239465","2.75138029188267","2.59005094545171","2.62279269917106","2.70109731108573","","3.17464008348672","2.76472676631648","2.96878010234757","4.10408458161289","4.26020673464332","4.46798405196171","4.51875544969338","3.64494214910464","3.02842307647842","3.63961676605353","3.40207729860006","2.34095284789007","1.96057810376255","2.05901517808787","2.25713501784417","2.91591352888558","2.29966755049173","2.11006918551381","1.9845868357714","1.91242581095426","2.04158577860533","1.93957788743014","2.0972649671368","2.15385702597768","2.33049759789231","2.46785786806519","2.0827037519081","1.97942389252582","2.02742037975203","2.16759986234326","2.16237915978115","1.79810368719715","1.54472134079713","1.5146015262153","1.32414770895101","1.32849251963693","1.45450129419653","1.48109890410709","1.41131602034967","1.39392160582885","1.54499666322828","",
"Low income","LIC","Military expenditure (% of GDP)","MS.MIL.XPND.GD.ZS","","","","","2.4218162140731","","2.09057640927285","","2.80409112513892","2.82899030153497","2.82015394309717","2.56351668092569","2.97460210981583","3.19560341655933","3.37137657092317","4.34090046193596","4.38995175111709","3.94033386755338","4.01288937321599","4.63497594959255","7.06503524495019","6.44183296992323","7.53099052354586","7.50132784828647","8.05289722495761","7.3251286926329","6.40834994319331","4.89299472490755","4.82066551836887","","5.27784870486786","5.39549992009793","4.98670044779146","4.80119515533583","5.15287818102897","3.3668051200315","2.8181821102328","2.83476585081842","3.56526258775939","4.07359555693685","3.35521319024844","3.38775514776381","3.31506102120411","3.06487630985136","3.16249624100517","2.69409936307942","2.71180332119374","2.84170700883296","2.93589667024291","3.0016176588013","2.5106237740991","","1.85551293015815","1.87664166700082","1.75004686743297","1.57489806095133","1.23850675913672","1.33350733612358","1.14103297681741","1.19125756568568","1.37572559043703","1.54012125739856","1.52071424109852","1.53901116890462","1.60371201439675","",
"Liechtenstein","LIE","Military expenditure (% of GDP)","MS.MIL.XPND.GD.ZS","","","","","","","","","","","","","","","","","","","","","","","","","","","","","","","","","","","","","","","","","","","","","","","","","","","","","","","","","","","","","","","","","","",
"Sri Lanka","LKA","Military expenditure (% of GDP)","MS.MIL.XPND.GD.ZS","1.18305236461286","1.18327272727273","1.08285509325681","0.897791926307234","0.851725907866034","0.852610094012865","0.872915916996522","0.845136660396149","0.79453205188019","0.807396323215049","0.916642271662763","1.3626334519573","","0.874809823951315","0.795086449875899","0.803589569928886","0.659239148428964","0.684373884143159","0.803000117192078","0.834462748391777","0.765779307649526","0.62679842362214","0.544740925855015","0.889137424856704","0.922430502256969","3.16076982294072","2.69665801174543","3.39314670882408","2.37118324909227","1.79859542421127","2.32848743256346","3.082087848635","3.36763990096007","3.43178565351856","3.72933805803649","5.86113224274153","5.51978316113981","4.63060207374592","4.64346408117958","4.0301638395602","5.03387296841704","4.28699058949232","3.34258944021437","2.86891182725842","2.99735847919569","2.6395333951407","2.79877359903086","3.26060835702917","3.24360178402603","3.16189871004304","2.70074784039336","2.68531865302989","2.15519951243996","2.15404824269909","2.41264701190051","2.41701116575955","1.97935533284589","1.97692843257215","1.73469354853576","1.75219928060225","1.73988733298184","1.71265688710699","1.3433273089473","1.64003079587098","1.42539087177796","",
"Lower middle income","LMC","Military expenditure (% of GDP)","MS.MIL.XPND.GD.ZS","2.17020376649735","2.05187160961223","2.77081357143221","3.68177428123581","3.67121946825931","3.83356235449281","3.64575059567099","3.63106062079749","3.86245078815652","4.12685161764611","4.15745035177621","4.46157011987797","4.33243169046395","3.72793440055231","3.66035567809081","4.30414868201255","4.14813160790793","4.04380423122463","3.86730353499071","3.5644237307698","3.19285759363652","3.1390592180306","3.26466191192848","3.48099895154382","3.3998912174973","3.32009797086302","3.59276054070869","3.85690389952653","3.48424903399182","3.47949631268425","3.10953579805325","2.83126678235431","2.72872677217557","2.87062725028214","2.58862584083063","2.39525953703963","2.18298296341156","2.25048295481279","2.22626939104775","2.60384088161525","2.50729140783222","2.5373690681433","2.48821624509677","2.37790365130453","2.38572167224869","2.41208712768062","2.25281628622296","2.1400996470556","2.16161224148287","2.37551312067283","2.22219581874874","2.1382871082319","2.10665013475017","2.1231315488768","2.11370368971815","2.0601265847686","2.12283425997088","2.16439672976074","2.04374831139345","2.01976643106515","2.17173138236325","2.03932457687481","1.89937870774178","1.91424445266022","1.93962452072874","",
"Low & middle income","LMY","Military expenditure (% of GDP)","MS.MIL.XPND.GD.ZS","","2.09739867739783","2.57149063703282","2.7777426840106","2.72410329320126","2.96134962100058","2.77072228761293","2.9320697623469","2.95359745508276","3.0491256764966","3.18809527309983","3.17739749983669","3.04163227659125","2.76614732992368","3.16622142339591","3.82369649328757","3.96103574461622","3.87199987448772","3.72111313684679","3.13577755604469","2.84474317461015","3.01427947096138","3.0847375242029","3.25150556136567","3.06369755281175","3.08252005623854","3.14368758249702","3.12694997016228","2.99164272345107","2.78080593805913","2.54409733445893","2.32416891257651","2.17800714960384","2.06313572683723","2.02208958824764","2.00702106825824","1.92277942787595","1.87850521022301","1.8311900886118","1.94434208405013","1.85659068531119","1.89775337561093","1.92622195053078","1.87699937600812","1.83349416061974","1.79571313807487","1.74498721975335","1.71449859690828","1.72752372103803","1.9117034013723","1.75885066186493","1.66341133925615","1.69600429187466","1.72020915748965","1.73604558293799","1.7436482968493","1.74116710105644","1.72099681325255","1.67145790349188","1.67604431938124","1.76657480372927","1.6182085391136","1.67010787854155","1.77753099721035","1.81578007909772","",
"Lesotho","LSO","Military expenditure (% of GDP)","MS.MIL.XPND.GD.ZS","","","","","","","","","","","","","","","","","1.55179127725857","1.43813206424747","1.50560828300259","1.85120753172329","3.15853658536585","3.31151035322777","4.35773665862161","4.01305683563748","3.97914379802415","4.31409907457812","4.83998732572877","4.18131307404468","3.36975524475524","4.30771465930554","3.55047598830801","2.88884695541125","2.70645352476235","2.47547266258969","2.74112240996011","3.24188937641956","2.82467366309587","2.71217734729986","2.85192846653195","3.56245119166974","3.28492612837033","2.74417802299373","2.5163929527429","2.36900091916458","2.13166293812828","2.0492596155836","2.07422499066906","2.36815458611088","1.547920805645","2.722681670282","3.16252874160214","2.25552295756199","2.14823978786685","2.02653187465999","1.95379607639772","1.86575300076387","1.96388842698486","2.27081453102287","1.99938292931215","1.87540421655185","1.88146803172144","1.53556597959744","1.47290152655986","1.6252797841757","1.56745014441231","",
"Late-demographic dividend","LTE","Military expenditure (% of GDP)","MS.MIL.XPND.GD.ZS","","","","","","","","","","","","","","","","","","","","","","","","","","","","","","","","","3.26778077447647","2.83518924082938","2.72352382860277","2.43291470221139","2.32001837559739","2.33600483711405","2.17590443086976","2.25220752083206","2.29404074351119","2.37384469672251","2.38284185976173","2.28057295167304","2.18828064242165","2.12583221777719","2.0827556591536","2.02205537890806","2.01945339206501","2.20124355030139","2.07599540385849","2.00060889783597","2.06677709939295","2.09437347808724","2.08944184090582","2.03281629976246","2.04318492273768","1.92917271800361","1.8632394842159","1.87217596471578","1.95158359709872","1.80979681033387","1.90968710726976","1.95591155078347","2.17301867534108","",
"Lithuania","LTU","Military expenditure (% of GDP)","MS.MIL.XPND.GD.ZS","","","","","","","","","","","","","","","","","","","","","","","","","","","","","","","","","","0.812260643325921","0.493377598492433","0.451480223246298","0.501283930563048","0.743584548384698","1.22394047483022","0.965770667320066","1.21549030890811","1.36102583365379","1.27093846223477","1.12083381901602","1.19104062508646","1.16311841256451","1.16779179996757","1.112731351206","1.13081118398085","1.07973512828669","0.890423906680536","0.797082443059276","0.769173393857888","0.766528272772994","0.883731669079507","1.13486085095513","1.48013833220254","1.71214117320754","1.94787932963701","1.98419011931355","2.04915558023028","1.94955292042791","2.44457587877222","2.71300052887971","3.11817486440289","",
"Luxembourg","LUX","Military expenditure (% of GDP)","MS.MIL.XPND.GD.ZS","0.906952919286089","1.00015206896733","1.16246371645813","1.0672209514909","1.24585400836772","1.22031510134833","1.21187901587785","0.996085872127087","0.825022794421924","0.737580771306242","0.681993152418119","0.712646825176389","0.738045903344618","0.706935166712404","0.685000056287078","0.869718940134074","0.890996863139468","0.906504943377878","0.929190840976478","0.918695859255976","1.04184420341133","1.09342002947633","1.07715200754963","1.08824129427353","1.04216962842296","0.867554425044341","0.833086844864453","0.915915918607726","0.951494528594597","0.78845832033386","0.788344680855924","0.811385163106724","0.827198401049985","0.707154433830032","0.741561435509644","0.61631229536522","0.611795282179392","0.619164073380448","0.641796393004664","0.58038083885115","0.546329291336707","0.677211501251718","0.588787408670377","0.606265558712765","0.605730957855837","0.58477615707441","0.52078771268481","0.50162400683642","0.364912794964823","0.371311757115607","0.441009496679635","0.376775588804359","0.358937251707305","0.358492375793951","0.366856825936978","0.415571527949753","0.378949157263331","0.495110917223231","0.500655642661875","0.546198379988419","0.578077082223964","0.47124923612019","0.625325775260002","0.77317942181024","0.962679157025622","",
"Latvia","LVA","Military expenditure (% of GDP)","MS.MIL.XPND.GD.ZS","","","","","","","","","","","","","","","","","","","","","","","","","","","","","","","","","","0.735295406430013","0.838757226966531","0.831537179120737","0.657943813358724","0.59826833706743","0.604779500640058","0.772368809222116","0.901766970575075","1.06180323433191","1.59179944261207","1.68220334950968","1.65869012027526","1.67142105821102","1.79995995043083","1.63649936606571","1.7043587604961","1.41593498753712","1.10611728003503","1.1073762662641","0.942934638140067","0.972846248892055","0.978038880665435","1.07352247572393","1.50174457900413","1.65275736814609","2.13473002218592","2.09016802211357","2.22759521686375","2.15577987505149","2.25461931057619","2.97016956920808","3.25799154535171","",
"Macao SAR, China","MAC","Military expenditure (% of GDP)","MS.MIL.XPND.GD.ZS","","","","","","","","","","","","","","","","","","","","","","","","","","","","","","","","","","","","","","","","","","","","","","","","","","","","","","","","","","","","","","","","","","",
"St. Martin (French part)","MAF","Military expenditure (% of GDP)","MS.MIL.XPND.GD.ZS","","","","","","","","","","","","","","","","","","","","","","","","","","","","","","","","","","","","","","","","","","","","","","","","","","","","","","","","","","","","","","","","","","",
"Morocco","MAR","Military expenditure (% of GDP)","MS.MIL.XPND.GD.ZS","2.31573157315732","2.70243362831858","2.56591337099812","3.1956155143339","2.83586869495596","2.42933130699088","2.67757009345794","2.61764705882353","3.00457217504899","2.39021678710395","2.31600617601647","2.62862488306829","2.84391534391534","3.06179775280899","3.14583333333333","4.60291288815609","6.22043404047793","6.61977491961415","5.83680870353581","5.63346228239845","5.94007288432987","6.38459397221449","6.22086827346416","4.50565855036211","4.01819087964117","5.39043522658704","4.30445955767833","4.36931479451528","4.12851581775317","4.39291741336162","4.14882504070243","4.14284293740367","4.29804827877283","4.65557168740476","4.49381938880623","4.34741049396921","3.94909292657436","4.19265940634305","3.4563343607373","2.42076323622306","2.68517230679106","3.72613588276971","3.49178799247956","3.49420754151271","3.24946757487646","3.25799678207968","3.10979654916899","3.04695366406602","3.18350142755722","3.28865184646812","3.39079610106242","3.29749523520352","3.46275007931538","3.80578290120645","3.39845864113579","2.95999792230728","2.98211832955753","2.94588992031474","2.90288871579444","2.86579837978571","3.97969764255599","3.74975618124605","3.81341286888659","3.59263420161027","3.51575374206256","",
"Monaco","MCO","Military expenditure (% of GDP)","MS.MIL.XPND.GD.ZS","","","","","","","","","","","","","","","","","","","","","","","","","","","","","","","","","","","","","","","","","","","","","","","","","","","","","","","","","","","","","","","","","","",
"Moldova","MDA","Military expenditure (% of GDP)","MS.MIL.XPND.GD.ZS","","","","","","","","","","","","","","","","","","","","","","","","","","","","","","","","","","0.530067157581448","0.773794067290296","0.925966651311053","0.906693656299238","0.90277252095021","0.624855228169175","0.511299142949014","0.395141963645816","0.402592295464743","0.419846605695363","0.416381264465176","0.360979036536125","0.400235101204801","0.48263447637712","0.516193541658915","0.6085356171256","0.457886649076119","0.262879174562087","0.272949600366091","0.27407991661782","0.281261545863777","0.293185445408591","0.295624500989931","0.344191282076352","0.324532007174344","0.332323743240549","0.362122379105516","0.385463275729941","0.370579924924369","0.360059008856848","0.570612660188445","0.597780838491135","",
"Madagascar","MDG","Military expenditure (% of GDP)","MS.MIL.XPND.GD.ZS","","1.50215208034433","1.53731343283582","1.46036988110964","1.45875","1.59085439229844","1.54227485541173","1.55002592016589","1.54621848739496","1.50724637681159","1.35124298315958","1.31657355679702","1.4881933003844","1.52385752688172","1.67068919281309","1.63714574898785","1.88020957370803","2.30719931638539","2.41985203452528","2.92723911947572","2.76891852710931","2.97845373891001","","","1.87315634218289","1.78005493344602","1.551935381404","1.4290401370712","1.3471834264432","1.21086533180207","1.23151104450381","1.29634905775571","0.769921868015948","1.12232401680386","0.926473487088508","0.859887969729569","1.23763444173934","1.48191235942607","1.34892749207597","1.21022921655833","1.21751390900084","1.43584760245284","1.31316157379668","1.32475732452129","1.2482266720781","1.07194154854732","0.977431205130634","0.961181513313121","0.962892092840992","0.738132953446095","0.570214687272478","0.623191026336477","0.592764957720632","0.578559931839726","0.556391260884791","0.520469241195104","0.501387044175783","0.506222289767563","0.532102174287315","0.545343037675691","0.673153896375499","0.67886477563931","0.653151211221591","0.647758015406905","0.708648145396825","",
"Maldives","MDV","Military expenditure (% of GDP)","MS.MIL.XPND.GD.ZS","","","","","","","","","","","","","","","","","","","","","","","","","","","","","","","","","","","","","","","","","","","","","","","","","","","","","","","","","","","","","","","","","","",
"Middle East, North Africa, Afghanistan & Pakistan","MEA","Military expenditure (% of GDP)","MS.MIL.XPND.GD.ZS","4.21604177957572","4.35060599289632","5.15956910353693","5.15578919032912","5.58076376443335","6.07970924673895","6.61175906814788","7.17607670093859","7.55153470986918","8.39829843047651","9.2628105852434","8.29180651680247","7.66559516299349","8.43457176046329","9.73752009240773","11.4501087815577","","10.7104128650951","10.8335624634658","8.84488601138586","8.0550964466883","9.52881382619594","10.6646639387611","10.02469442357","10.0669077709989","9.31515407929333","6.67586606949298","8.5730041303785","8.44927244219308","7.33478800764977","8.44856681691131","9.49611529317385","7.44855172285774","7.57785202928522","7.10943742942917","6.11698050973367","5.66142079749172","6.11216802036461","6.62951024114719","5.82258793667252","5.70000364657101","5.63234043629892","5.28453372028126","5.00423429234807","4.69497995700935","4.43404087065041","4.23890483541726","4.22397830448991","4.000964805314","4.73860282882128","4.50344072186659","4.28066469086617","4.43012858759869","4.9711760275587","5.43843695220085","6.04977816139937","5.14645095540547","5.269032403922","5.03485166112218","4.73492505828984","5.00343953516455","4.53968675234056","4.14504336640971","4.68452574080455","5.09503953371005","",
"Mexico","MEX","Military expenditure (% of GDP)","MS.MIL.XPND.GD.ZS","0.673508659397049","0.651780325890163","0.689655172413793","0.718685831622177","0.677506775067751","0.591269841269841","0.576379066478076","0.545217107411035","0.548510763786494","0.600160042678047","0.497411658789106","0.487655580493777","0.53656808925093","0.54421768707483","0.565744136934534","0.573584219616398","0.598103574033552","0.53425620505056","0.504834431419526","0.505297473512632","0.416107382550336","0.513301014380576","0.495419417575106","0.522866313988212","0.659819059927896","0.676313139343828","0.634622463096704","0.580341889191456","0.536145374184792","0.517255829376633","0.433081035474032","0.435402300782292","0.469454655731209","0.400441266975791","0.476011477226271","0.411044545371404","0.43569107787377","0.417243861215643","0.405987604918763","0.420263793911023","0.4085181378342","0.405679210443065","0.391316389699324","0.386714351968895","0.348326583014086","0.340404650226474","0.297483414235144","0.383092431979546","0.37317675556547","0.478488795822754","0.433229899207479","0.447386999972132","0.455502051174913","0.48764287589738","0.495321031372806","0.45074282393045","0.480046272445401","0.424849155540147","0.464611544931539","0.509337628297564","0.717690608258695","0.659404192954647","0.685819352028866","0.660371879752505","0.893257529320534","",
"Marshall Islands","MHL","Military expenditure (% of GDP)","MS.MIL.XPND.GD.ZS","","","","","","","","","","","","","","","","","","","","","","","","","","","","","","","","","","","","","","","","","","","","","","","","","","","","","","","","","","","","","","","","","","",
"Middle income","MIC","Military expenditure (% of GDP)","MS.MIL.XPND.GD.ZS","","2.07723188420997","2.52837761358794","2.80653637799081","2.73811862702234","2.93853775356797","2.8069389053747","2.92139136859397","2.96091560892147","3.06040546267699","3.20573467416758","3.20820679675083","3.04498754925089","2.74647870915996","3.15778369505502","3.80010517471733","3.94280027843467","3.86901009899785","3.70821834176144","3.0754688558337","2.72051607839834","2.91892816745192","2.96673427816364","3.12441561881903","2.89695449718669","2.94823882989173","3.04095255480995","3.07079256739702","2.93551958065791","2.73230347515566","2.44953306738075","2.20672757808059","2.11207275458145","1.99030737460093","1.95509685642921","1.98400281974583","1.90878715918819","1.86384973983557","1.8038471708849","1.90962408929359","1.82855748761719","1.87324968671447","1.90135919092175","1.85429572900284","1.80757664977725","1.77760010278477","1.72624891377622","1.69259272732269","1.70200039135581","1.88892174384767","1.74693720470947","1.65753823854733","1.69419781282132","1.71821876339414","1.7358643616365","1.74586192929041","1.74736902327201","1.72560765122347","1.6777792614913","1.68199479131125","1.77162821055022","1.61915759375572","1.67180191642906","1.78032978007847","1.81839851232266","",
"North Macedonia","MKD","Military expenditure (% of GDP)","MS.MIL.XPND.GD.ZS","","","","","","","","","","","","","","","","","","","","","","","","","","","","","","","","","","","","","2.81367674231936","2.12824694412777","2.09823976120451","1.71382060586219","1.850821459557","6.10039562766158","2.64559751876128","2.34170115867248","2.38010407130392","2.02926330577443","1.83653768735825","1.95006969471653","1.74234086894233","1.68816456224776","1.38215461102863","1.26218709982742","1.22531966171625","1.16943718855289","1.09296080025624","0.99342769175221","0.970115977909212","0.895041406541028","0.943108732670231","1.15911628553257","1.24058656980426","1.45370889108625","1.58059754666542","1.69322815512816","2.10352863426818","",
"Mali","MLI","Military expenditure (% of GDP)","MS.MIL.XPND.GD.ZS","","2.70224719101124","2.89130434782609","2.64691358024691","2.86877828054299","2.51991150442478","2.40803382663848","2.40384615384615","1.99081163859112","2.17551622418879","2.22804718217562","1.91616766467066","2.37556561085973","2.65580890336591","2.86591606960082","3.16602316602317","2.91153415453527","3.12958435207824","3.21395775941231","2.96610169491525","2.07929560652539","1.96076196121795","2.10679495672383","1.98366008623087","1.97260741380505","2.14241632585193","2.02676894054551","2.11678611388309","2.21346810206719","2.11201131003608","1.95649418287434","","","1.56379346508086","1.43802626563637","1.49701708229888","1.42841059416252","1.49685223773671","1.40463231082634","1.49228992788343","1.47864974445751","1.29517222790027","1.26885043144455","1.4193331132051","1.42199884362637","1.38431204093435","1.39141541039687","1.35503402826002","1.46571486807421","1.41866425479876","1.37456680820104","1.2410333300729","1.19640574526633","1.16137913160626","1.51593383195421","2.36017445199795","2.58613087357125","3.02860111373814","2.82359553728652","2.75271658139503","3.39955821425498","3.38177520702573","3.09091717190995","3.77364142226059","4.1981465701254","",
"Malta","MLT","Military expenditure (% of GDP)","MS.MIL.XPND.GD.ZS","","","","","","","","","","","","","","","","","","","","","","","","","","1.27625103445688","1.26918382590508","1.45625776866228","1.22106673142782","1.10818483744066","0.914918012232462","0.871119892244603","0.973183398963503","1.00196104784451","1.02405911504141","0.839629966950651","0.871057168117547","0.822349255968959","0.725207281017275","0.68064007256322","0.628078156689517","0.666190034371232","0.637560681968479","0.629824750823065","0.663925031267677","0.822526574900827","0.655773991501952","0.618983130615608","0.613354639613187","0.676723897394339","0.646212685652893","0.571705680644883","0.519475728040563","0.498340372182382","0.476026297334065","0.456932902032034","0.496660141239844","0.456702678272601","0.414176632611117","0.491258185670287","0.527674290511624","0.446085155562138","0.411834981751042","0.504866253628109","0.451123319487248","",
"Myanmar","MMR","Military expenditure (% of GDP)","MS.MIL.XPND.GD.ZS","","6.12346049864824","5.69071146245059","6.84714060484449","6.02234564711961","6.69562082076832","6.1255794096121","5.20179852264212","5.02319717599597","5.31042884990253","5.60194500335345","5.65122539918307","5.45164039198977","5.11394557823129","4.02108745089932","3.77497124845594","3.79370693112626","4.03977311094605","3.92138364779874","3.5575807318937","3.42212955528504","3.45682035495231","3.21826066522826","3.0703691066375","2.92367110099446","2.9782635874904","2.87914210205326","1.9724009432589","2.14085227496295","2.95910673319109","3.39589051013222","3.17100459309858","3.35451793339882","3.52310856153263","3.54112112764238","3.68483237946254","3.49342786434001","2.31372237705347","2.53962410781848","2.1389500494262","2.30851230754143","1.94785828446242","1.48187129901045","2.07081478779187","1.92006952835836","1.66965386990714","","","","","","","4.12480380212694","4.11633459177026","3.78953444074754","4.30136045141842","4.08929730356682","3.64194876170774","2.3597905591242","2.18974000019248","3.12332883859715","4.07092298980473","4.17058942838215","3.75371612518577","6.79452485229039","",
"Middle East, North Africa, Afghanistan & Pakistan (excluding high income)","MNA","Military expenditure (% of GDP)","MS.MIL.XPND.GD.ZS","3.57399259841422","3.58138510204849","4.56093480089236","4.37196053333327","5.03673821744793","5.58455525744193","5.77819623374249","5.67503124757211","6.14842788317227","6.74133371243775","7.54153609592792","6.87044463203625","5.82702141283568","5.40470335109041","7.82358360523193","9.13266785673586","8.80534594607444","8.09861831948174","7.99504108015403","5.46538315569964","5.20285500402968","6.67707015076896","6.44850962985496","6.59112865117848","6.28009433377058","6.26782443824026","5.77139593036954","5.28983952979894","5.09092377374989","4.26976301536133","","3.62318400558532","3.67093391229832","3.98294153539071","4.20658572602363","3.73554570853903","3.59162164394042","3.6471113841533","3.64482143984243","3.33160714875639","3.21835380162854","3.30502436022823","3.31714928416906","3.31990938276475","3.17569141546583","3.09781641024158","2.98133321624999","2.79943942822001","2.79622265031628","3.10945215190381","2.90450222921738","2.73161387510831","2.8107166496174","3.04682728168052","3.27441668719129","3.22282280353327","3.10969010678774","3.19196321068684","2.94158750567591","2.92947979458278","2.90282101628775","2.6469081942848","2.42337385151609","2.96172646981944","2.90835432509016","",
"Montenegro","MNE","Military expenditure (% of GDP)","MS.MIL.XPND.GD.ZS","","","","","","","","","","","","","","","","","","","","","","","","","","","","","","","","","","","","","","","","","","","","","","2.69436332580307","2.29071316307389","1.74405848731746","1.87218246206494","1.84376127299691","1.81434774678489","1.74896930267889","1.65646177250839","1.45226142609027","1.47227234869517","1.40371759825531","1.41128063506996","1.36277677368932","1.36929487275714","1.33441196432034","1.73802726045562","1.55528019503059","1.57303708395214","1.51875139564723","1.83253539270475","",
"Mongolia","MNG","Military expenditure (% of GDP)","MS.MIL.XPND.GD.ZS","","","","","","","","","","","","","","","","","","","","","","","","","","","","5.8338850879129","6.34124344738177","6.25119508141262","4.28138537530827","3.2315351247489","1.90943719983615","1.71236270542572","1.65435558131062","1.62050592646532","1.77694736936813","1.63873482170006","1.90653754569999","1.8350123058221","2.02248060815309","1.78165840784985","1.79556721143698","1.50969431652769","1.38273006263926","1.01728588491723","0.961656696108958","1.05327216611992","0.823306745414827","0.629698225139809","0.762997245666295","0.837270236688781","0.924305618490081","0.822311489894261","0.85972525833079","0.875507832442284","0.863910995114833","0.762153816975996","0.668952463384853","0.661538119118052","0.709909468541962","0.619505072530135","0.513936273012978","0.542565742478439","0.742307300960191","",
"Northern Mariana Islands","MNP","Military expenditure (% of GDP)","MS.MIL.XPND.GD.ZS","","","","","","","","","","","","","","","","","","","","","","","","","","","","","","","","","","","","","","","","","","","","","","","","","","","","","","","","","","","","","","","","","","",
"Mozambique","MOZ","Military expenditure (% of GDP)","MS.MIL.XPND.GD.ZS","","","","","","","","","","","","","","","","","","","","","1.85714285714286","2.78571428571429","2.81884057971015","3.54090909090909","4","3.28205128205128","3.2093023255814","3.50649350649351","3.01258992805755","3.37342497136312","2.38905775075988","1.86267955697504","2.12975279140707","2.05907716535961","2.46322012864367","1.09304195371498","0.894205564420208","0.862075979464516","0.887476838774871","0.899191140105439","0.933474909084702","0.895889123487939","0.89920614095398","0.90789369830672","0.978051637223721","0.701900109021606","0.603997650979439","0.634745730219107","0.647887786238704","0.687406495551449","0.869180245993684","0.813112431836901","0.833531162295525","0.918079927497185","0.96645825007793","0.826910016335521","0.919413170302599","0.984570977671917","1.30860718971448","1.38807982041907","2.02272611905463","1.91141353069573","2.20848120068367","1.92823085749343","1.99330115632931","",
"Mauritania","MRT","Military expenditure (% of GDP)","MS.MIL.XPND.GD.ZS","","","","","","","","","","","","","","","","","","","","","","","","","","5.94589517189555","5.03676294677746","4.66958696563589","4.48975060025259","3.96113694076082","3.82792649057496","3.60051244917284","2.68906639883241","2.41242301834316","2.24086190780735","2.26015463356202","2.62634120713694","2.96726008736906","1.86244096675618","2.27363788853198","2.92800544546355","4.00238442248896","2.73938350984677","3.99527571653134","3.83812011166649","3.05155577623304","2.69364721669718","","3.059333957503","3.13532417025639","","","2.11497466612287","1.99659728958967","2.19709519242621","2.15557240363879","2.14548780076745","2.12109845694596","2.13128230977177","1.99633301217738","2.38926918122421","2.29399489807024","2.05903871155909","2.26048047574852","2.15504682070845","",
"Mauritius","MUS","Military expenditure (% of GDP)","MS.MIL.XPND.GD.ZS","","","","0.141453831041257","0.170842824601367","0.163232104121475","0.165570175438596","0.155830753353973","0.155797101449275","0.180501930501931","0.219465648854962","0.223944875107666","0.202513966480447","0.188984881209503","0.139925373134328","0.191744730679157","0.187074829931973","0.172730613744947","0.172579098753595","0.204842931937173","0.489249166379211","0.466745028896072","0.26226012793177","0.269137350152785","0.252089136490251","0.21964135275003","0.197969543147208","0.194038477417224","0.219642296830875","0.29001622888742","0.346095334685598","0.367421785897981","0.35442407333599","0.330254201972496","0.333145557537633","0.332825601093285","0.293390184375287","0.2340788927524","0.202814817776534","0.208135283363803","0.200718816089576","0.194580389102996","0.196270033883066","0.187102773867202","0.166216849736244","0.160674051849869","0.153856508278369","0.142725039281222","0.15595207103506","0.167777183674029","0.148689589780391","0.152035252096647","0.14279440115901","0.188733237769964","0.151017482159405","0.142301917631184","0.174701755953711","0.16537629451361","0.156385299781821","0.148796738188038","0.161615351006251","0.171377098585721","0.138698687184487","0.14048907662346","0.149590857574221","",
"Malawi","MWI","Military expenditure (% of GDP)","MS.MIL.XPND.GD.ZS","","","","","","0.701997780244173","0.645792563600783","0.716937354988399","0.695430346051464","0.667962356792144","0.641145638337701","0.581516870707674","0.602199944305207","1.06043956043956","0.966955579631636","1.52680762695866","1.3733660130719","1.68990384615385","2.69451729736481","4.06593406593407","1.75835370823146","1.27449168207024","0.936369615258139","0.743801652892562","0.63870232669705","0.717150979153506","0.85818114051435","0.763658146964856","0.618993409227082","0.613137618258071","0.57581149106058","0.440591433496884","0.574406265790803","0.50889527831439","0.582363053840744","0.323789982357904","0.361847121057508","0.406114394732904","0.338641668549055","0.332170301359544","0.275495027044514","0.30354064447686","0.301011297279539","0.290335696389997","0.448770022775966","0.742373659905014","0.552309217409022","0.538318180673433","0.593494429088422","0.6745044979156","0.510085444003662","0.468557773532063","0.543771636934602","0.809790589117754","0.580771278154093","0.450825277879302","0.452047625154312","0.530100138963233","0.589501502223623","0.760781549256416","0.834281207531417","0.730315165462018","0.933234952541455","1.16535783959732","1.02496048269861","",
"Malaysia","MYS","Military expenditure (% of GDP)","MS.MIL.XPND.GD.ZS","2.6764405046028","2.23290965304019","2.18704096621511","2.42061426340448","3.16355197263955","4.01104972375691","4.72825522186428","4.49702929727515","4.45316331535066","3.9222677839187","5.16527178966946","5.37244307217291","4.9789029535865","3.87224269614912","4.18234316213142","4.72416263657532","3.98077265444187","4.85466914038343","3.7111334002006","3.67051525073238","4.23013431379905","5.78515265651849","5.36761533421755","4.42337175628868","3.75235700817096","3.4516587065961","3.22373383244406","4.14749953752235","2.42611237414745","2.62370169053434","2.55540346486845","3.19928362097037","2.98642173584104","2.87524536278848","2.84711528130931","2.7513451070467","2.40056437500985","2.08555865079224","1.60533534809333","2.10148156029312","1.63467554804841","2.0849228116252","2.21913139689937","2.61480673115727","2.26306196840826","2.17392904054248","2.00759740140051","1.95850253260823","1.82484376549945","1.87148694418887","1.49021010582112","1.55285313376988","1.41333070740643","1.49929579850642","1.45511301633341","1.50389842704146","1.3843347942822","1.10033460723613","0.960104126677078","0.893413280938052","0.999653920235799","0.982646998395369","0.902025405170821","0.981466758859051","0.987556748730683","",
"North America","NAC","Military expenditure (% of GDP)","MS.MIL.XPND.GD.ZS","8.65834738325621","8.81384929748463","8.98219225293468","8.48706919041073","7.73757037655252","7.26774406667112","8.03231393994202","8.94316815803667","8.78981413859763","8.17287481859989","7.58902698083015","6.56404127734405","6.15246002907994","5.55020830266899","5.56071700586048","5.27004131442915","4.84986866175198","4.84558621833492","4.67907265833167","4.67671205239304","4.8562139191036","5.30237050874031","6.39609218733731","5.95657430513232","5.90203020965212","6.1142196660431","6.28124693483421","6.06336339384408","5.70917641317461","5.51157372743071","5.27380675126088","4.61311239152573","4.7107488614053","4.38771188195337","4.02960237550949","3.69077092310573","3.39911999557174","3.25237281813755","3.07437279161682","2.96433554239027","2.9769189145347","2.99388130692314","3.2959566605853","3.63030234508548","3.79055946263128","3.84308002807499","3.78691200815288","3.80732187533488","4.14203779027051","4.572429373231","4.54402419213196","4.44825355777343","4.12365816808235","3.72578948580901","3.4288058315255","3.28323157165417","3.23438592070304","3.14678340552251","3.15088255978685","3.25009408269071","3.4833501354413","3.23562314464989","3.14262760179238","3.15428822899436","3.26775996661782","",
"Namibia","NAM","Military expenditure (% of GDP)","MS.MIL.XPND.GD.ZS","","","","","","","","","","","","","","","","","","","","","","","","","","","","","","","6.42100268859719","5.61525495153814","4.25041876046901","2.46452375833154","1.7512338730626","1.94789863056824","1.90360402371594","2.30135514297654","2.32183724519666","3.12403306903887","2.70673279864922","3.00874087986708","2.61784537918538","2.62491288264622","2.5275896811078","2.6452053014553","2.50124939843779","2.61042455712992","3.1372615742466","3.37436368373618","3.51474397546307","3.5745889549471","3.16654259121144","3.20641632429402","4.32586724007944","4.52800016778678","3.97104492479212","3.52238850010305","3.33269228396146","3.29742631401913","3.48015259214476","3.2264092268075","2.91089959085182","2.74670698895234","2.73490195432496","",
"New Caledonia","NCL","Military expenditure (% of GDP)","MS.MIL.XPND.GD.ZS","","","","","","","","","","","","","","","","","","","","","","","","","","","","","","","","","","","","","","","","","","","","","","","","","","","","","","","","","","","","","","","","","","",
"Niger","NER","Military expenditure (% of GDP)","MS.MIL.XPND.GD.ZS","","","","","","","","","","","","","","","","0.870842572062084","0.82177385456074","0.936634349030471","0.928173719376392","0.839124548736462","0.671391271913465","0.631753948462178","0.633484162895928","0.68519866103915","0.727756892230576","0.743835616438356","0.769503546099291","0.635210396039604","","","","","","","1.23237199847542","0.970976253298153","0.861401471157569","0.932594644506002","1.06122448979592","1.16690809592789","1.16461081638404","1.32015978285548","0.963347955260515","0.931763626554351","1.09118729739427","0.715211768830327","","","0.73944643123804","0.735262361389119","0.87650323651909","0.976041978774068","1.62398436872309","1.0452311825973","1.33859819740079","","1.59964624315915","1.80984292435405","1.79380881698289","1.91733600650351","1.73360752172491","1.35730093120168","1.5729764923811","1.97616000981122","2.24177586841643","",
"Nigeria","NGA","Military expenditure (% of GDP)","MS.MIL.XPND.GD.ZS","0.695833333333333","0.849453322119428","1.09697933227345","1.10319076714189","1.23370429252782","1.40145203522971","1.10115095174856","5.80820060996272","9.1591382904795","10.316957879632","5.27925012553702","4.39211982188639","5.39026887908144","5.47846811844983","4.34401142623954","8.12406844073322","5.79139783442963","6.02411790978115","5.32604776301556","4.32233407904549","3.29560373980505","2.77007205001291","2.26720169230048","2.21984130271864","1.55679483416495","1.43678626386977","1.31155364657903","0.769793676287504","0.88435129597009","0.579894648474617","0.833115305550364","0.773691292368809","0.564010709444363","0.933218301724012","0.781452287737133","0.483558767048935","0.406177811568832","0.435835755422039","0.548312392864221","0.855415630326234","0.543531645186578","0.780315876986167","0.95433804485135","0.570707544874932","0.490996769130759","0.397422937174069","0.348375434095589","0.370354831159892","0.489084134608938","0.505855627592204","0.539231118131693","0.579227031040921","0.504264930204985","0.469695304520636","0.414718776586509","0.417636537730714","0.432947784673169","0.430671218863917","0.506944517393582","0.459170524387093","0.632022913474166","1.01270192678284","0.650166691789414","0.842654277365197","0.555429367236392","",
"Nicaragua","NIC","Military expenditure (% of GDP)","MS.MIL.XPND.GD.ZS","","","","","","","","","1.45964542951095","1.37701531929543","1.58426055559649","1.50573737863237","1.86729019837893","1.42056716970161","1.45341316914625","1.74609414281405","2.0673642695843","2.46546314030727","3.2219457323258","3.10478654592497","3.3461804193077","4.33559111285625","","","","","","","","","","4.00221575959008","2.63275323516287","2.10232558139535","1.18950040982787","1.10282030687536","0.949704913116282","0.894669832421458","0.735362192331601","0.71949282543475","0.782751441383728","0.683524520762284","0.865165582304889","0.860737429085598","0.730793275300281","0.700404064217207","0.551255993486822","0.53172621458102","0.502058376769716","0.502751000926974","0.505472679188859","0.526411336509848","0.665903553721293","0.678614215031222","0.685091959091359","0.775537371941149","0.639876675817232","0.626510067010078","0.62717222145559","0.605020089397565","0.629971870953776","0.549759399022683","0.537113968209365","0.554656019996368","0.545131278321867","",
"Netherlands","NLD","Military expenditure (% of GDP)","MS.MIL.XPND.GD.ZS","3.70390179658833","4.08728387914001","4.12277525012795","4.01083448197299","3.93265268418307","3.57129033135163","3.37028428544947","3.52333580585187","3.25633492017265","3.22892860322925","2.86623555435659","2.83882953486528","2.8185399996365","2.70299724962028","2.65347166146325","2.84386012856602","2.68890944936651","2.95445752206894","2.74707053060561","2.84023282824093","2.78429856620748","2.86311944233433","3.1414705898142","2.84858474479936","2.86172441738649","2.76821812094818","2.72511978598847","2.71346717798331","2.6109094684565","2.51740390550589","2.36901988510143","2.24853153093843","2.21300259630903","2.02782940845455","1.91306097545144","1.76873757696223","1.73454966695627","1.63818103121788","1.55853398473808","1.56975125135966","1.43342083323197","1.43475082877619","1.42155215440017","1.43794632366222","1.42068916216587","1.39083240225484","1.38651514016655","1.34687487455341","1.29710010302488","1.38580992838475","1.31752879372712","1.27726127378573","1.22552534668627","1.1572088159419","1.14761127983414","1.11786033539529","1.14449960079147","1.13721447777951","1.1961416179648","1.29180842332848","1.40607718904592","1.36537490886658","1.30419995572639","1.44136515676766","1.91642541759119","",
"Norway","NOR","Military expenditure (% of GDP)","MS.MIL.XPND.GD.ZS","3.20043559803981","3.00420435724296","3.24151790991843","3.20842732309849","3.11916398458299","3.39793651930931","3.56795983067309","3.51256281407035","3.6078431372549","3.60425249935175","3.47283949071698","3.39150440491555","3.29146596752231","3.13360512105282","3.0355353426347","3.20843028338556","3.12402978167525","3.09817680596454","2.84131892913699","2.76654591368918","2.61901886888382","2.62397215285996","2.74459210641682","2.79497153165342","2.54443435066589","2.79600023170273","2.80841701830998","2.97832442559969","2.84075508520007","2.85732026033112","2.8339918998321","2.69755102919046","2.90717052046937","2.63361861863617","2.67698123806063","2.30745749830242","2.16304215907884","2.01605130811152","2.15582766096953","2.03788030128002","1.70442346991516","1.70223168580233","2.07531910404726","1.96940449912105","1.84243477657857","1.57588467314326","1.44466802794409","1.45917207799086","1.37033371660879","1.59690979918941","1.50762795492815","1.44252755140788","1.39318999611811","1.40525218139781","1.46227942776465","1.49812327266489","1.61734383599671","1.70515328594991","1.71529737478335","1.84373537818427","1.96598369239436","1.67632184694899","1.46436961628818","1.81314737150102","2.09124111193175","",
"Nepal","NPL","Military expenditure (% of GDP)","MS.MIL.XPND.GD.ZS","","","","","","","","","","","0.593019315486276","0.617910602372197","0.64755629855443","0.65768099398516","0.60723646141802","0.682172824966878","0.856261175520563","0.89214308872798","0.858464252509119","0.911205723565817","1.03207571410218","0.992053319661625","1.08945398218665","1.25292497260152","1.22061436912922","1.19582716208384","1.18285068360426","1.15918201177502","0.883106075309511","0.9016455507808","0.877698697720722","0.868794915188911","0.857172504281226","0.835090130011041","0.792864588289217","0.767151166826895","0.733931488597476","0.717627970083392","0.755393438669459","0.77194600709259","0.783989813425201","0.960767214148209","1.26633078093219","1.39282050756047","1.56868123796311","1.68753218051244","1.53003259651123","1.35358169302232","1.3995740545118","1.43935498107438","1.36781608986268","1.35067285523943","1.24370217046399","1.3407258743985","1.43375979820575","1.36813102427041","1.46937461345505","1.48497718496345","1.34998219265679","1.23581135255825","1.32338446484361","1.21581594858048","1.15743842490309","1.07154635588773","0.979452474186084","",
"Nauru","NRU","Military expenditure (% of GDP)","MS.MIL.XPND.GD.ZS","","","","","","","","","","","","","","","","","","","","","","","","","","","","","","","","","","","","","","","","","","","","","","","","","","","","","","","","","","","","","","","","","","",
"New Zealand","NZL","Military expenditure (% of GDP)","MS.MIL.XPND.GD.ZS","2.69073315965761","2.48562702120014","2.30993664554852","2.1982890314696","2.47283365840067","2.35555842145989","2.639267145333","2.62371503705475","2.72768259693418","2.56622516556291","2.63203017832647","2.31670061099796","2.18326794076699","1.97304054788564","2.06537890044577","2.08476174151526","1.9360329054677","2.11589846359385","2.20987144710461","2.1596362717858","3.02279053583855","2.72937506722599","2.58285841637747","2.43835930996871","2.37762415493316","2.36462612075438","2.36758702191663","2.40727668912179","2.11567282473989","2.18128925260325","2.31118179211096","2.27879899517525","2.09692028985507","1.93570187294845","1.85336848600438","1.8424965987112","1.79266217547491","1.71947356766697","1.71057230025219","1.64847514924836","1.59661664300683","1.50037212395687","1.40027526778768","1.32758202233317","1.17679545518528","1.13990601161353","1.24082789303303","1.18207112642705","1.15276441116352","1.21981164874631","1.20991906751486","1.16234930052697","1.11637221213693","1.04392336294516","0.998146779850979","0.987950412435414","1.03552843699621","1.05195301181686","1.10543396326223","1.29326329516102","1.3399501211388","1.16477544956865","1.17089864666233","1.22064828880902","1.19404695449297","",
"OECD members","OED","Military expenditure (% of GDP)","MS.MIL.XPND.GD.ZS","6.50833914413454","6.45337995045624","6.57954791218992","6.24579196055918","5.72176034637766","5.42484234012006","5.79092841999935","6.22610159851945","6.05520877138509","5.60343739815152","5.13662673894798","4.60001597147122","4.30465530889882","3.86908169669877","3.8835651981147","3.78477851625384","3.58533652644823","3.52993620166678","3.34027478209603","3.32788842611539","3.40564071519588","3.65335629220983","4.22719532509657","4.08284545229808","4.09490516545265","4.19668143778091","3.96516500665453","3.7393682608576","3.48364082415927","3.40535633000968","3.25184580325187","2.93272120543618","2.87420501718948","2.70548873513631","2.51551524527565","2.30422457822666","2.24773587964605","2.22854615184023","2.17497375391165","2.11831091719631","2.10999179342472","2.13735090510471","2.2688383018516","2.36740717883361","2.38572344955863","2.40389230138047","2.37594976307864","2.34856189753148","2.4474966337021","2.68445596992934","2.63858882727301","2.53996298527218","2.45628873095","2.31670524140629","2.2121710778842","2.20874273363582","2.1887944724665","2.1520102972008","2.1666285640751","2.25041071272345","2.43025268910289","2.30234323953996","2.30200775539481","2.36535478017138","2.55529732386112","",
"Oman","OMN","Military expenditure (% of GDP)","MS.MIL.XPND.GD.ZS","","","","","","","","","","","","9.65227817745803","14.8615056818182","18.595041322314","15.5277044854881","24.9585749792875","23.0097252063779","18.7816856780735","20.949941915725","15.6407473447554","14.9098813070874","15.7134256472005","16.6660292205309","17.1593698854337","16.8930416756907","15.5614660502423","15.8665775911433","13.2023149264529","13.6997984183594","12.5","12.3909414645003","11.0639102916896","12.1840929027946","11.5257307019735","11.766452600004","10.9676477238468","9.40707829017925","9.3579111585516","8.21609216715177","7.51678821932738","7.08570878292736","8.19564037118769","8.10066565457833","7.96203498651595","7.86037959717824","7.71403410853305","7.09909361868035","6.71756431693885","4.96024822382651","6.07257047519031","5.64885516492993","6.45275108066004","10.5832031528957","9.74727260107489","8.86041181394662","9.57116730321235","10.5631262289399","8.41324995212154","8.26760144238502","7.43921190765759","8.03024250539625","6.62317519939364","5.2647590817834","5.52596096461175","5.59419531945284","",
"Other small states","OSS","Military expenditure (% of GDP)","MS.MIL.XPND.GD.ZS","","","","","","","","","","","","","","","","","","","","","","","","","","2.16931517276427","2.60174227236436","","","4.07447593614973","4.70082742133723","4.6693010606185","5.18228783123863","2.97696586211077","3.06517580966628","2.67329841330154","3.20619659995736","3.71074858697532","3.23197080507776","2.4896225672276","2.12558889136307","2.13247788026588","1.83803597119171","1.76203119138439","1.63514689164773","1.6689265172701","1.58154290782497","1.54580695098739","1.54143035086899","1.67806643861075","1.65242130512367","1.51671542807635","1.51438329652223","1.49503904728955","1.59222348372021","1.59577607022542","1.55509014094816","1.46919754737195","1.48238203741835","1.5520975702599","1.76826781727318","1.61404392137489","1.56775746393357","1.82284017362483","1.97021842468467","",
"Pakistan","PAK","Military expenditure (% of GDP)","MS.MIL.XPND.GD.ZS","4.31266261925412","4.09789064099939","3.65587277256179","3.64841297523544","3.86589013064694","5.90466788887322","6.73052198508614","5.40460370194589","5.1039059949951","5.51204188481675","6.15838762214984","6.73553323768532","6.86595551145291","6.21064272703617","6.09099631368984","6.32152024509398","5.88947199314555","5.5474116781158","5.50329966329966","5.45327429503612","5.52324446699715","5.71087057573544","6.37571708663133","6.64379805914383","6.65949145701601","6.92213359819193","6.99165601052428","6.97188008366256","6.78581073127497","6.53272525576236","6.52232023523122","6.57095278815428","6.69818754925138","6.42731262310377","5.92354829296761","5.82022528285793","6.03716630506556","5.6212164889017","5.4150950442544","5.18989926490607","4.16872271381496","3.87893394479455","4.07377016787657","4.09142718735613","3.95603411669147","3.89701939256291","3.64525520437771","3.51198610011098","3.45937100362745","3.26522399322955","3.04189326480607","2.91924318438144","3.09577353673779","3.08802003540329","3.09657969704779","3.16298664508296","3.20377671550622","3.36444910317801","3.58696176378502","3.50584031595126","3.48667909020303","3.38923879613996","3.17683202352522","2.88079974069692","2.66760037007452","",
"Panama","PAN","Military expenditure (% of GDP)","MS.MIL.XPND.GD.ZS","","","","","","","","","","","","","","","","","","","","","","","","","","","","1.84098043736587","2.1109857421274","2.0849104859335","1.25635913653238","1.22854731313889","1.08347426748615","1.19864522871209","1.19255655788032","1.11575688974104","1.08559230216368","1.17017056723522","0.951292019208781","0.974136501313688","","","","","","","","","","","","","","","","","","","","","","","","","","",
"Peru","PER","Military expenditure (% of GDP)","MS.MIL.XPND.GD.ZS","2.50800127271706","2.64475743348983","2.42506811989101","3.31639135959339","3.34022750775595","3.09834638816362","2.84356725146199","4.70363288718929","2.35737351991389","2.38755980861244","3.50643955130868","3.61951588502269","3.63081099423142","3.92538975501114","3.93296089385475","5.21628498727735","5.67691301504251","8.21438699309954","6.19970193740686","3.35243553008596","4.55906821963394","3.98481973434535","5.11265164644714","4.84595635430039","3.35755813953488","3.87014909590779","3.34929554073131","3.41149604544948","2.18520096250158","2.19047619047619","2.68237879230488","2.01981593068921","2.50703504732668","2.74610246918215","2.47419793989292","2.63532409935627","2.50202659772583","1.99676996833552","2.01666134194933","1.93063071870992","1.78896684869544","1.75202012964839","1.54184022087652","1.5094994978724","1.38222353551043","1.58127268565483","1.45621492625964","1.30393825370825","1.24669488192926","1.52962572422539","1.47697203873093","1.37118305528699","1.48351279277452","1.64306905104789","1.60248762240244","1.74508054943009","1.32190839942957","1.2652396703256","1.18979117011669","1.20589146228792","1.31677830419866","1.1644987739258","1.135133506685","1.23585995220031","0.909288680359786","",
"Philippines","PHL","Military expenditure (% of GDP)","MS.MIL.XPND.GD.ZS","1.77845890655072","1.70290804296568","1.80881578177135","1.85586220789686","1.70494246983742","1.54919986380661","1.65172706900549","1.73993936052922","1.86747175448971","2.09088848594742","2.15675650207312","2.06999062269308","2.33615693267945","2.81380492796106","3.55803925904335","","3.93133834052871","3.62130898810836","2.58176721881701","2.96493107109859","2.70975470668598","2.75572096194548","2.59728794963065","2.40925335363623","1.63475893311674","1.98257335853662","1.98805361257508","1.96524714249726","2.45888921422154","2.24292339676955","2.14724666740931","2.01072106794016","2.03646157033354","2.15753564016657","2.17244658668699","2.29413153545476","2.2684076761575","1.9144613761672","1.69729337975318","1.61577584612539","1.60822662086796","1.4713788325538","1.47389018793368","1.55084482917909","1.36062650970663","1.27788393643261","1.2590953916093","1.29142591630931","1.25032908798354","1.2023233937147","1.17013220060251","1.15341455205701","1.10670418975985","1.18950172893764","1.04312706559466","1.08846303958172","1.04558514673889","1.16796083355235","1.18424717696738","1.13133132483668","1.29724003910725","1.40682254131819","1.31630135538263","1.17630268153778","1.32426895346612","",
"Palau","PLW","Military expenditure (% of GDP)","MS.MIL.XPND.GD.ZS","","","","","","","","","","","","","","","","","","","","","","","","","","","","","","","","","","","","","","","","","","","","","","","","","","","","","","","","","","","","","","","","","","",
"Papua New Guinea","PNG","Military expenditure (% of GDP)","MS.MIL.XPND.GD.ZS","","","","","","","","","","","","","","","","0.603585657370518","1.63125877398222","1.25008863362405","1.26644951140065","1.21030962720659","1.40308322552824","1.40963855421687","","","","1.55887833477253","1.56493310964856","1.61078320565951","1.26628600271302","1.49653610007552","1.4191337327407","0.924685894061952","0.890351343106268","0.917458233626881","1.01320529871609","0.775516093293818","1.01731136644028","1.0753537542736","0.87922032066839","0.691394522292367","0.639107654317662","0.547294852305232","0.371637931460894","0.345763181450338","0.389122470657362","0.416637769353025","0.376920047262702","0.411602600339175","0.337014470677837","0.447943023146847","0.32514450867052","0.356925097321889","0.519471738934463","0.494549266247379","0.484413309982487","0.459900166389351","0.381076923076923","0.355034482758621","0.330226700251889","0.362698688154268","0.393261831182209","0.329678128303653","0.420977241775767","0.336863761991679","0.307995782327758","",
"Poland","POL","Military expenditure (% of GDP)","MS.MIL.XPND.GD.ZS","","","","","","","","","","","","","","","","","","","","","2.65232974910394","2.91318561569197","3.24558240173098","2.90294627383016","3.05503731343284","3.01579703207276","2.94140353586042","2.76269185360094","2.59205508117047","1.81712151049282","2.61248574350627","2.25165022520211","2.23099944320713","2.46918731544486","2.27323210335054","1.90379957330223","1.91739242748542","1.99649463419658","1.9916575833585","1.89014224685951","1.81904535107873","1.89270410859475","1.89097402916196","1.89890364834865","1.86469356337462","1.92065181170108","1.9136927914289","1.99879774345695","1.74555706324845","1.79268764302392","1.83851836437415","1.79131485643585","1.80404649861118","1.7900581767381","1.90822735552002","2.12742384353358","1.93589358828699","1.88828727046187","2.02472821822818","1.95338318505019","2.26305371895405","2.21716328801834","2.20458906428882","3.26980459253118","4.15439387975356","",
"Pre-demographic dividend","PRE","Military expenditure (% of GDP)","MS.MIL.XPND.GD.ZS","","","","","1.99762127950797","","1.98421921987101","3.56583362423288","3.78414092732741","4.46999706634171","3.81571055788358","3.46165646345978","3.81714360230183","3.98041603225182","4.44574770363579","5.52149732680449","5.03368655237134","4.77804413507421","4.55636324103959","4.02208402658574","3.51484446424906","3.78210410570222","2.3863037918371","","","","2.12648555460756","2.86473798684668","","","","2.53052392321376","1.68848259574869","2.3801061467585","1.47347329397755","1.01965881260253","0.80982531688348","0.875196453451422","0.943958697085404","2.06851152920733","1.4913945263898","1.50891086189358","1.48720659560989","1.30664515625241","1.45127021609342","1.38878092109735","1.39646716886135","1.49799052460194","1.72750805186633","1.90587454394067","1.58194780605901","1.49967354676876","1.36759290552627","1.72862317586893","1.61201398323172","1.72790302923307","1.43719190936357","1.55579674335818","1.32373603356256","1.24383932601486","1.29385974035404","1.32813308383968","1.14043985388244","1.40572743783463","1.46458169923654","",
"Puerto Rico (US)","PRI","Military expenditure (% of GDP)","MS.MIL.XPND.GD.ZS","","","","","","","","","","","","","","","","","","","","","","","","","","","","","","","","","","","","","","","","","","","","","","","","","","","","","","","","","","","","","","","","","","",
"Korea, Dem. People's Rep.","PRK","Military expenditure (% of GDP)","MS.MIL.XPND.GD.ZS","","","","","","","","","","","","","","","","","","","","","","","","","","","","","","","","","","","","","","","","","","","","","","","","","","","","","","","","","","","","","","","","","","",
"Portugal","PRT","Military expenditure (% of GDP)","MS.MIL.XPND.GD.ZS","2.55567079028491","3.88750179030931","4.22667364735832","3.95578921858609","4.11149725818899","3.8136131460626","3.85289574058252","4.46379018514436","4.50281558008619","4.13901661630361","4.13788067758456","4.33176583858868","4.06104423642914","3.4795625646625","4.34227985854624","3.09510805560106","2.35834695323792","2.07020884669032","2.09388501450419","2.02862086839682","2.02672491054328","2.00267383908056","2.03513354054572","1.90927673971989","1.86132340712926","1.84354337576399","1.91582545286477","1.85930207777881","1.88542646646333","1.88750264446765","1.840828125429","1.82995478165992","1.80524410002279","1.78650706580181","1.68121275838708","1.70715787362033","1.60164031322082","1.54154760574092","1.42301869395635","1.42626993965458","1.4070359633161","1.44506185476172","1.4648125666589","1.43358027472409","1.50609147993081","1.59379180313443","1.51208523296058","1.37790810197484","1.41594674624287","1.53406376621365","1.48615299877848","1.48992161044294","1.40383146309083","1.43957267155316","1.30668261277534","1.32892803352448","1.54200474856982","1.23983975869036","1.34147881873726","1.37395750042211","1.42613611053982","1.51644104082545","1.38999857860246","1.46642848168082","1.53226822745255","",
"Paraguay","PRY","Military expenditure (% of GDP)","MS.MIL.XPND.GD.ZS","2.52896446576405","2.27914968110271","2.29739211371685","2.39885421989564","2.40376576147081","2.63308768009038","2.91684506016093","3.03155899468327","3.21104958736661","3.16148604879584","3.31587229143819","3.22522546972088","3.84646313307982","3.4174372291334","2.56457242017884","3.12500356436095","2.98995650695533","2.88864465534837","2.95853231831292","2.02639826239285","2.18144922143015","2.52786018286072","3.80329757549991","3.64524179869616","3.50818517688981","3.75763484289285","3.80406563785285","2.77319233257148","3.1954734453196","2.42576375579472","2.13187585625298","2.8293270046069","2.36888997739081","2.17854766482964","2.04676637090921","2.2834245690128","2.06378993670781","1.68568030658609","1.54315371528311","1.38876785203796","1.24493945384649","1.07463481723327","0.97123693298858","0.825755371784335","0.877630063887399","0.721480399782029","0.793455134933818","0.741436848396038","0.683124275184385","0.753483712105124","0.750544858772042","0.844603850849582","0.964506788033691","0.964167260244977","0.986605391734507","1.06744934908852","0.950953301628568","0.892663231219253","0.961156152749535","0.973840384070445","1.02757342677333","0.91821461942659","0.871127145265658","0.922071975751778","0.933106143624753","",
"West Bank and Gaza","PSE","Military expenditure (% of GDP)","MS.MIL.XPND.GD.ZS","","","","","","","","","","","","","","","","","","","","","","","","","","","","","","","","","","","","","","","","","","","","","","","","","","","","","","","","","","","","","","","","","","",
"Pacific island small states","PSS","Military expenditure (% of GDP)","MS.MIL.XPND.GD.ZS","","","","","","","","","0.205761316872428","0.188323917137476","","","","","","","","","","","","","","","","","","","","","","","","","","","","","","","","","","","","","","","","","","","","","","","","","","","","","","","","",
"Post-demographic dividend","PST","Military expenditure (% of GDP)","MS.MIL.XPND.GD.ZS","6.64500732349391","6.58584640804615","6.71388661801579","6.36950597116091","5.83818009000512","5.52855600582037","5.91173414828856","6.34825986201644","6.16702805971659","5.69682281710412","5.18344288668217","4.6240465492507","4.32256642361964","3.84542632563822","3.84670243128212","3.74468952057875","3.54843827951891","3.50240139400326","3.32773118867279","3.3328600827367","3.42944880457488","3.69772808364897","4.2672247248917","4.11052846746534","4.13352404570215","4.24652711925514","3.98272184557913","3.74369922371906","3.48824520539748","3.42851202384813","3.27330997226456","2.93387269186697","2.89318705499279","2.72715315778325","2.54169710231612","2.31164033737116","2.24737091881507","2.24349154679536","2.19778803772617","2.13621970316929","2.13517199269251","2.17071129193395","2.30924264797618","2.40834348290258","2.43227477436012","2.46009622394097","2.43633882765305","2.40518500888583","2.50795698088369","2.74382405170765","2.70423463797849","2.60705287513342","2.52099534052246","2.37329416617122","2.2625564644509","2.26167171338149","2.23178634743681","2.19212787898714","2.20127433148161","2.29081729341564","2.47112788406045","2.34737049591308","2.42096182761923","2.51372951711559","2.65783913759018","",
"French Polynesia","PYF","Military expenditure (% of GDP)","MS.MIL.XPND.GD.ZS","","","","","","","","","","","","","","","","","","","","","","","","","","","","","","","","","","","","","","","","","","","","","","","","","","","","","","","","","","","","","","","","","","",
"Qatar","QAT","Military expenditure (% of GDP)","MS.MIL.XPND.GD.ZS","","","","","","","","","","","","","","","","","","","","","7.86868087778669","12.2168018246325","19.2773867532936","13.9584833721669","12.7339251439539","24.8464148584695","","15.8895334174023","16.2723508803858","13.0775745257453","10.743878769782","13.011254789272","","","","","","","","","","","3.92996992225186","3.33399484024608","2.43385968557379","1.99301626863922","1.75050764857182","1.95984159971877","2.01050092711317","1.99221317692269","1.47390908321736","","","","","","","","","","","6.4523551123317","6.50020565272303","","","",
"Romania","ROU","Military expenditure (% of GDP)","MS.MIL.XPND.GD.ZS","","","","","","","","","","","","","","","","","","","","","2.20454265465839","2.20122357890417","2.04021589993593","1.98508713049541","1.90672721791833","4.29928084311907","4.44571116472147","3.9140286216301","4.20547061246542","4.79729611491512","4.54741504925103","4.77333466430117","4.24768251683067","2.74060801469377","3.11472840805896","2.61344768528808","2.36907292563377","3.01764996200519","3.00417486391887","2.64025926740376","2.49891418426016","2.4207451879196","2.28729607547664","2.08848713354877","2.00765756131918","2.00699360911993","1.84512546001227","1.49361825981328","1.39998436558161","1.27806961233722","1.22697660697606","1.23556866931776","1.17392522752233","1.29223076714816","1.3476637836228","1.45071824376782","1.42770454147789","1.73375510218939","1.79144423500295","1.83079024096076","2.00415209230412","1.84762902286434","1.75011695275109","1.60357956167259","2.29815245791591","",
"Russian Federation","RUS","Military expenditure (% of GDP)","MS.MIL.XPND.GD.ZS","","","","","","","","","","","","","","","","","","","","","","","","","","","","","","","","","4.42703232125367","4.18132464712269","4.5237006553879","3.78442996742671","3.75655882080282","4.03980929678188","2.73264908865687","3.07328792235108","3.30702983667541","3.54631922908818","3.75627739108018","3.67083808960104","3.30035364660483","3.33123723441659","3.24635723405838","3.1185420747754","3.14948602002222","3.92406340302834","3.58508572012112","3.43304383760131","3.68924043459907","3.85404258314373","4.11299297822323","4.87151474680202","5.42514770504505","4.24899605173948","3.71982243956434","3.86033750437073","4.14471713241985","3.57591678846302","4.60728884010235","5.40231844120686","7.05233864500366","",
"Rwanda","RWA","Military expenditure (% of GDP)","MS.MIL.XPND.GD.ZS","","","","","","","","","","","","","","1.88489208633094","1.47154471544715","1.62878787878788","1.61389337641357","2.15223463687151","1.58816276202219","1.74743326488706","1.87685185185185","2.03915171288744","2.00305576776165","1.89514426460239","1.60402262727844","1.58837075417386","1.79553466509988","1.67523364485981","1.59426066161817","1.75375880559352","3.72916598371212","5.50917220341816","4.29060212378114","4.53637540088899","3.437876960193","0.607802874743326","5.32855611635214","4.17352561260538","4.37764728159408","4.44810543657331","3.53550295857988","3.39622641509434","3.04893350062735","2.44712990936556","1.97346600331675","1.74305555555556","1.64391043145822","1.36567834681042","1.30649717514124","1.32690239867659","1.21679268178848","1.09493104282603","1.04224962789709","1.05488528481013","1.10273875155611","1.21369473342003","1.24050679129546","1.24889524304653","1.23514702337913","1.19793121977431","1.47371574450349","1.5121767339852","1.33346574344023","1.25231620743593","1.24772078121775","",
"South Asia","SAS","Military expenditure (% of GDP)","MS.MIL.XPND.GD.ZS","1.97390159169874","2.04271950284793","2.69070803476146","3.94717438709686","3.7519815926459","3.78771655894994","3.47248165896915","3.13885166146031","3.16512736315137","3.06489711813029","3.07152298024985","3.53767050886216","3.67456996408704","2.8586912829647","2.82380303633031","2.98985258523763","3.19197471327039","2.95282586070169","2.90262499086906","2.98086798276202","2.87285406391706","2.90375599915054","3.07536144427829","3.10217296417488","3.15361359612583","3.3234492265037","3.81162048160917","3.94658567149649","3.47278601615216","3.27779884388758","2.93875987525966","2.7222410783387","2.57727860017884","2.67887393839626","2.57581009569653","2.56985372226769","2.45338003009497","2.58270284980827","2.65139548204536","2.83568362037794","2.8344732860487","2.7842572751437","2.66098917993132","2.52584423377006","2.67315035895055","2.74667948171676","2.55799293731504","2.40041340225536","2.52303927382388","2.9722424122005","2.76511797271788","2.59584817725103","2.49442739373253","2.4194594459297","2.42340013242889","2.34379494218821","2.38400929701378","2.37018578553907","2.2628114785536","2.37297678091823","2.57554594632759","2.29231286230492","2.18230213455549","2.17425699112353","2.10151577489377","",
"Saudi Arabia","SAU","Military expenditure (% of GDP)","MS.MIL.XPND.GD.ZS","","","","5.90269771731612","5.96630539757485","7.69008939728924","11.3242315101767","11.511831393137","8.08745489280408","9.5705156784069","9.40352743064788","8.64019411745418","10.0815515709133","10.8404475911154","","","","15.6488183967596","16.7365737918065","15.7688118060346","12.6133592387894","13.2652388797364","17.720246395916","16.9729273217747","19.0043483638924","16.9952008673515","","16.896414193661","15.1518818830933","13.3903165819013","14.0242926458954","12.4698079910217","11.2841579833052","12.4653722820651","10.644781673538","9.27846839011516","8.46807775904447","11.0009354234167","14.3110374500593","11.3819360225849","10.5344033130193","11.4190048869926","9.75806380053797","8.68711846455737","8.08155565898243","7.73059887481948","7.84836521143522","8.52704997826892","7.35343646797829","9.61719999229391","8.56567729417753","7.17239914861776","7.61580760228465","8.89019141193183","10.5350604637453","13.022838193007","9.56048239449097","9.84622692397792","8.81333517624339","7.79458844216861","8.7921741101353","7.22921983667662","6.39742215278993","7.28424248969983","7.2981029390103","",
"Sudan","SDN","Military expenditure (% of GDP)","MS.MIL.XPND.GD.ZS","1.91740412979351","1.84496124031008","2.05952380952381","2.14912280701754","3.14224137931034","4.11530398322851","3.5251509054326","3.65461847389558","3.75","5.19725557461407","4.95400788436268","4.60336538461538","4.1917502787068","3.16211878009631","2.56783587028458","2.25108225108225","2.66666666666667","2.61560342734242","2.04069088450427","2.59315206445116","2.30270466802674","1.78180681462957","2.44047619047619","3.26868598823273","4.08451949429759","3.39969812405664","3.22724790228886","2.55271311452935","3.55196512149772","","4.81332473594827","4.99230134581934","4.38936351776834","4.92111842294319","3.89783506504326","2.07304526748971","1.26932620729147","0.954328561690525","2.37964989059081","4.00975645811006","4.47129193686891","2.46931798617772","2.67191557081833","1.86421215057236","4.65650965498174","3.31128145892401","3.64051219402659","4.0832306034626","4.97892177814511","5.45391875825013","","","","","","2.71294023315842","2.27850721551928","3.28580390103889","1.77892402693237","1.62906799271331","0.975842222955387","0.925377247984565","","","","",
"Senegal","SEN","Military expenditure (% of GDP)","MS.MIL.XPND.GD.ZS","","","","","","","","","","","","","","","","","","","","3.43113465481887","2.75527027027027","2.73441483198146","2.34951076320939","2.54588457899716","2.40795262267343","2.19286250939143","2.04004135079256","1.98118811881188","2.11178451178451","2.02769623484365","1.63346898573868","1.54705556651557","1.4439999325024","1.66830404428701","1.34761973804184","1.31009911066192","1.24391793737025","1.1969122297618","1.17914185452607","1.20212680514523","1.04836027705155","1.11566749250516","1.10124043617179","1.11544277826225","1.05782487014373","1.13046452910055","1.27105687032274","1.3795917338401","1.29196686871926","1.33587587609685","1.2153093310459","1.29386015954483","1.11347959476351","1.25170125603319","1.21336600293871","1.2090991706832","1.60209745363896","1.47106251742975","1.66692756826471","1.52473710605653","1.40872642077366","1.75617528439428","1.52411336065101","1.47655823980403","1.56647768181405","",
"Singapore","SGP","Military expenditure (% of GDP)","MS.MIL.XPND.GD.ZS","","","","","","","","","","","5.39908100748809","5.64170312296964","5.08580794446587","4.70463099329079","4.29417225052068","4.64925699300699","5.04436104760064","5.67716169437207","5.19523729007696","4.65201551854656","4.6368613562022","4.74135516251602","4.65119017480232","4.07146856786832","4.69881540453695","5.65661291547353","5.44251155937074","4.87061150486237","4.54786526287383","4.49289825625078","4.63214447298365","4.44835667304419","4.47136864604274","4.09176493399803","3.79143512807907","4.18255823202502","4.25807867594854","4.45180554322353","5.20979627795524","5.2072614143348","4.50757218998215","4.79890680085725","4.89323655491523","4.83752738541917","4.38428661801237","4.27504313120819","3.92291119365444","3.602552791077","3.85002679403201","3.88242334748021","3.38139843984389","3.19387456850782","3.10816619008299","3.03849114883637","3.04786038477706","3.04671265935693","3.09531096262441","2.97201085878766","2.80776039122786","2.75970653894344","2.80306272990798","2.53704638803611","2.40634363671921","2.83014132029943","2.8417655746547","",
"Solomon Islands","SLB","Military expenditure (% of GDP)","MS.MIL.XPND.GD.ZS","","","","","","","","","","","","","","","","","","","","","","","","","","","","","","","","","","","","","","","","","","","","","","","","","","","","","","","","","","","","","","","","","","",
"Sierra Leone","SLE","Military expenditure (% of GDP)","MS.MIL.XPND.GD.ZS","0.751072961373391","0.726554267650158","0.714213709677419","0.763131813676908","0.780771017185323","0.72264836495761","0.692630775105002","0.796946564885496","0.804869186046512","0.872657986662432","0.934984520123839","0.898737808376363","0.953063518830804","1.04246122552759","1.21389702804521","1.03020778767243","1.0920945395273","1.08841709217952","0.999882366780379","1.10765643218033","0.587407667956384","0.543833580980684","0.432846895869404","0.360747663551402","0.302184466019417","0.224829621302607","0.345390829175576","0.251559151048297","0.301586157915865","0.524456356216117","0.820769493275465","1.27920056504565","1.68778296601619","1.30662854515732","1.25075325983502","1.23701082989956","0.849855684883699","0.48048255613625","0.643666734495763","1.09319455027975","1.57801055285861","1.72271852453079","1.35970475391743","1.27788496760216","0.974909894000986","0.859492175206273","0.890937353042299","0.842695620186599","0.603658478631646","0.695771445150757","0.600434938929684","0.530893039714345","0.517911005474655","0.469957196664839","0.747309962312162","0.581670050305266","0.714168280060902","0.676969771194224","0.465679597167025","0.37632567182809","0.486095493916065","0.600261617809604","0.582258374348818","0.603276275520294","0.462539633893509","",
"El Salvador","SLV","Military expenditure (% of GDP)","MS.MIL.XPND.GD.ZS","","","","","","0.738683896695399","0.709079835684082","0.694253982686142","0.655571183199067","0.71546150132435","0.629834058383193","0.718020405177658","0.881572824648191","0.864970611800008","0.801397476690848","0.830737938354675","0.881847195617408","0.971842225565606","1.11852601258792","1.57765362430514","1.7363364875446","2.27954641554224","2.7763365312517","3.55144989362715","6.44328243706815","6.58971611464278","4.32995671803931","4.46916395124473","4.27132388506901","4.87234584982692","3.41366598744942","2.73257745456787","2.25357678228633","1.67872879014223","1.35222117942445","1.17505832785871","1.07440915279515","1.00776620629422","0.922942907935975","0.920549239593538","0.840331038102095","1.09067003863398","1.13023872990524","0.841381284888912","0.810214431044768","0.90420465369438","0.888131105901353","0.973444824900437","0.961811831487238","1.07887821146881","1.08955372746629","1.08806149544119","1.04880962679117","1.07998923193894","1.03525487674093","1.05682005889035","1.02350295230491","1.04446940079198","1.13220727885334","1.18000962074512","1.37995002386364","1.21053697201576","1.43329011743175","1.33693500391086","1.18611916982816","",
"San Marino","SMR","Military expenditure (% of GDP)","MS.MIL.XPND.GD.ZS","","","","","","","","","","","","","","","","","","","","","","","","","","","","","","","","","","","","","","","","","","","","","","","","","","","","","","","","","","","","","","","","","","",
"Somalia, Fed. Rep.","SOM","Military expenditure (% of GDP)","MS.MIL.XPND.GD.ZS","","0.230825420014609","0.254470426409904","0.290155440414508","0.330487804878049","0.296955772544515","0.353645266594124","0.387944358578053","0.4072265625","0.41958041958042","0.496014171833481","0.483050847457627","0.45360824742268","0.505494505494506","0.72714916751614","0.516201117318436","0.517512790240063","0.460755813953488","0.994988387727662","0.97466103578573","0.549735206078747","0.607709750566893","0.288266620855523","0.239324528624811","0.143127627483072","0.050709706959707","28.9482415394824","16.9562113279391","17.4357168016907","1.52999213555444","","","","","","","","","","","","","","","","","","","","","","","","0.443857556653604","0.935247555486575","0.681391609413828","0.6454606954404","0.749066892874455","0.972462847707354","0.828653957250144","1.1376518312471","1.17069801771404","1.16300107811428","1.28520375603975","1.58578050121769","",
"Serbia","SRB","Military expenditure (% of GDP)","MS.MIL.XPND.GD.ZS","","","","","","","","","","","","","","","","","","","","","","","","","","","","","","","","","","","","","3.16000596260261","3.36740339732567","3.05713147460424","3.53216202139944","4.60092009205706","3.6330301730712","3.7841026418813","3.09653595251624","2.75341642219387","2.22169563091897","2.11742898352372","2.16443130635595","2.05019989253683","2.07489736839956","2.00369125521031","1.92573079525961","1.91798161392813","1.84757469294627","1.8702430512257","1.69548003219134","1.85741974312422","1.75424084910469","2.01722347053086","2.18222737795041","2.29536613396667","2.72904089938996","2.17267406821898","2.20807318692135","2.59513983105714","",
"Sub-Saharan Africa (excluding high income)","SSA","Military expenditure (% of GDP)","MS.MIL.XPND.GD.ZS","","","","","1.86488808495035","2.13561067741175","1.86950888965559","2.73049885479628","2.84706994400205","3.08915375185673","2.67367234777689","2.43482652684499","2.65324946347537","2.74271163884191","2.89434846677789","4.01452013243746","3.91274143609919","4.09958161392959","4.02437620706747","3.65355012178646","3.15908336593272","3.04797130169554","2.89382932248551","3.08104690889782","2.94184597256916","2.68748994904185","2.88777646246321","3.50126115862397","3.84320260328619","3.82960429284738","3.65475749225952","2.93930592331249","2.320282730031","2.44923386603832","2.01280118184522","1.52823037752519","1.20534710489869","1.20564503538984","1.21405269880006","1.88365097392773","1.63364436160418","1.61180036547062","1.64229183119271","1.43760632619196","1.44565620455819","1.30512846402242","1.28725465027515","1.28325100941117","1.45132425681247","1.53354322245832","1.25955274132343","1.22680765460679","1.1958557876301","1.29019369360581","1.27782599207289","1.14688935550235","1.0670925617587","1.09035622724022","1.00116007957052","0.899967069591616","1.01850652356623","1.13762710868607","1.02460712189775","1.08441399129024","1.05024996913202","",
"South Sudan","SSD","Military expenditure (% of GDP)","MS.MIL.XPND.GD.ZS","","","","","","","","","","","","","","","","","","","","","","","","","","","","","","","","","","","","","","","","","","","","","","","","","5.76128903307145","4.96846263299849","4.14063254299941","6.09441532228387","8.77114861951039","6.56986369718549","8.57452320335879","8.60365296803653","4.84674935905441","3.9933777725745","4.7742494592124","3.80125272262975","1.86635872996114","1.51129459315632","1.57467379753671","2.09613379474333","1.9617070809135","",
"Sub-Saharan Africa","SSF","Military expenditure (% of GDP)","MS.MIL.XPND.GD.ZS","","","","","1.86488808495035","2.13561067741174","1.86950888965559","2.73049885479628","2.84706994400205","3.08915375185673","2.67367234777689","2.43482652684499","2.65324946347537","2.74271163884191","2.89434846677789","4.01452013243746","3.91274143609919","4.09958161392959","4.02437620706746","3.65355012178646","3.15908336593272","3.04797130169554","2.89382932248551","3.08104690889782","2.94184597256916","2.6886461723517","2.88936925984968","3.50225379040405","3.8436637508294","3.83014314331605","3.65518406767179","2.9409007648579","2.3235806686638","2.44967666431165","2.01342301837103","1.52915100857432","1.20628070247378","1.20654931777584","1.21470525555013","1.88346848822314","1.63372064983045","1.61209831965785","1.64235601877255","1.43801289959248","1.44624607472457","1.305487946898","1.28739886131061","1.28343594696207","1.45109100400071","1.53317548213815","1.25917714637307","1.22654978633399","1.19568077480266","1.29000114492907","1.27853860497956","1.14699008101199","1.0674329564761","1.09059479584699","1.00136340831484","0.900205980297967","1.01876112682435","1.13855050273552","1.02471000507852","1.08483676703892","1.05039915605406","",
"Small states","SST","Military expenditure (% of GDP)","MS.MIL.XPND.GD.ZS","","","","","","","","","","","","","","","","","","","","","","","","","","","","","","","","","","","","","","","","","","","","","","","1.371243269393","1.3589776844917","1.30841071909034","1.48823963610201","1.43239249663741","1.31961680495659","1.31293521529114","1.31826433163063","1.37499224768436","1.3689857460211","","","1.3461605069479","1.40784710257106","1.60407826649367","1.46710334079272","1.35605704170354","1.58610155153001","1.68520367331437","",
"Sao Tome and Principe","STP","Military expenditure (% of GDP)","MS.MIL.XPND.GD.ZS","","","","","","","","","","","","","","","","","","","","","","","","","","","","","","","","","","","","","","","","","","","","","","","","","","","","","","","","","","","","","","","","","","",
"Suriname","SUR","Military expenditure (% of GDP)","MS.MIL.XPND.GD.ZS","","","","","","","","","","","","","","","","","","","","","","","","","","","","","","","","","","","","","","","","","","","","","","","","","","","","","","","","","","","","","","","","","","",
"Slovak Republic","SVK","Military expenditure (% of GDP)","MS.MIL.XPND.GD.ZS","","","","","","","","","","","","","","","","","","","","","","","","","","","","","","","","","","1.99636032146556","1.93951901446386","3.10070289089865","2.93418881478054","2.26783995445767","1.7353509879857","1.56985344586326","1.65370432455852","1.84333774482959","1.77638869541757","1.84975289310525","1.65576883362586","1.68609625574848","1.594347802785","1.47798320217802","1.46010645649302","1.51744260464589","1.24987774042242","1.06939130819127","1.0769371641209","0.976653153261356","0.982206647396956","1.10604733307789","1.11122582751499","1.10051309804795","1.21627211246117","1.702848063096","1.9041442947824","1.71243604796751","1.80127696639016","1.83861085562872","2.01078152849676","",
"Slovenia","SVN","Military expenditure (% of GDP)","MS.MIL.XPND.GD.ZS","","","","","","","","","","","","","","","","","","","","","","","","","","","","","","","","","2.24723333231322","1.8173013500764","1.65407466226615","1.56609458436673","1.53702782548185","1.40287074092784","1.36530877958536","1.21560860247362","1.1030903407362","1.31347656232859","1.4084785163184","1.41990505481164","1.44379021070681","1.43040814614095","1.55085054600912","1.44855400639896","1.50018334060673","1.60495226217918","1.61704968465109","1.30187924610493","1.17717193840362","1.05894724003693","0.983232647144707","0.938787933833639","1.01508115640424","0.990668071759246","0.986759717956076","1.06257823971417","1.0654982010929","1.23984465824347","1.29505522763484","1.32131919558764","1.31001116486788","",
"Sweden","SWE","Military expenditure (% of GDP)","MS.MIL.XPND.GD.ZS","3.77697093998143","3.72061333129569","3.8634442931593","3.96727724240992","3.86619773810931","3.91263074939103","3.85801327117097","3.61145184983266","3.47654687767811","3.45928073254583","3.35866826147039","3.41003678543619","3.40796434986602","3.27858730550753","3.21539704912016","3.08160313845438","3.00311290223018","3.10108211536798","3.14777548793793","3.12335742266503","2.92345159602684","2.94823714687051","2.85375478407458","2.73782261810655","2.67196132262297","2.6730084000738","2.58656825639449","2.48279607141854","2.44551601057075","2.43275007538796","2.46222087771384","2.31988463219988","2.33879088257987","2.23500815954401","2.10703239487222","1.74250521093618","1.47343176529016","1.89568067997443","1.85898135400003","1.85215824084675","1.81219616487946","1.76644912426107","1.62865223371684","1.58816297928906","1.43407694057924","1.4088832755238","1.31996199535912","1.30317126242131","1.17073406588482","1.1657412674695","1.19449893581106","1.10855139297702","1.13574610579856","1.11768901606678","1.1347022453612","1.07374144708625","1.05595798245271","1.0325978685581","1.04000297143706","1.09692312001944","1.15009466283262","1.18992635880485","1.33147661923348","1.50126036606591","1.99771738810168","",
"Eswatini","SWZ","Military expenditure (% of GDP)","MS.MIL.XPND.GD.ZS","","","","","","","","","","","","","","","","","","1.78231939163498","2.43309620596206","2.45841697734442","2.42353888796759","2.1661010181673","2.1995610023779","2.25586611456177","2.03080175147214","1.8411214953271","1.63451232583065","1.42929208004036","1.26009025614949","1.25287230550388","1.27597457759347","1.38451659383859","1.63271154292264","1.74804676490152","1.818089820086","1.69333926177873","1.65257773101622","1.49483917047487","1.64720895062658","1.68450591336061","1.46023215821152","1.25574840528112","1.39355489870954","1.47739784683142","1.57952007330623","2.03322402021397","1.67289344815941","1.64441175361171","1.99882032667877","2.09112187510159","2.36677016665611","2.21867209215692","1.91455696202532","1.95189144736842","1.82286935337352","1.74960240174858","2.07382569653681","1.92445503522586","2.09604400864986","1.89047734248605","1.85505471294042","1.67850436407438","1.65499533493805","1.38354667632574","1.4440675502379","",
"Sint Maarten (Dutch part)","SXM","Military expenditure (% of GDP)","MS.MIL.XPND.GD.ZS","","","","","","","","","","","","","","","","","","","","","","","","","","","","","","","","","","","","","","","","","","","","","","","","","","","","","","","","","","","","","","","","","","",
"Seychelles","SYC","Military expenditure (% of GDP)","MS.MIL.XPND.GD.ZS","","","","","","","","","","","","","","","","","","","","","","","","","","4.29081251556146","4.67441860465116","4.54187262697901","4.28038484193992","4.27683189028996","4.02623150831173","4.42401898893995","4.72738733060195","2.75961340736171","2.4436854517362","2.28118026283164","2.09574851017878","2.02481003710903","1.73291558768129","1.78292544212037","1.67933282099451","1.77826552168784","1.67737547090833","1.73431637499016","1.89764022742369","1.60235235107661","1.41343002330889","1.46828358935559","1.15019319695979","1.02087833561425","0.737915363270446","0.855504063317464","0.936679584641367","1.03655893266994","2.22757343262158","1.26370471979916","1.39771684213413","1.32734497333997","1.20539204484215","1.1603964906236","1.36712279790406","2.46023265148376","1.1392449640985","1.4864216122769","1.17906851761683","",
"Syrian Arab Republic","SYR","Military expenditure (% of GDP)","MS.MIL.XPND.GD.ZS","10.517746662325","9.54491725768322","13.4699853587116","","8.64297253634895","8.87795275590551","7.74717654051912","8.21396192203083","12.1648793565684","10.8261693137112","11.2205882352941","8.43629102708099","10.7715648027742","15.0694655714431","12.6601451562007","15.94892460067","14.7259858442872","14.5041276422463","14.705609929297","15.9285677631241","17.2498537156232","14.5461179439622","15.5593998953306","14.6389051861757","17.6860184226593","16.5551216581556","14.4496812864619","11.2182097218742","7.85392938343537","7.97254083449821","6.8680868191169","10.4257873181754","8.99066275596696","7.23809984169376","7.36414273040362","6.94969131748325","6.04191605498678","5.88275531842123","5.80838111238747","5.81058049645217","5.45365642119423","5.48055046775797","5.41250122273305","6.24832427198928","5.54183867581242","5.02641990387935","4.39444682311126","4.10054365333056","3.5523398057458","4.02770775856936","4.05614173609585","","","","","","","","","","","","","","","",
"Turks and Caicos Islands","TCA","Military expenditure (% of GDP)","MS.MIL.XPND.GD.ZS","","","","","","","","","","","","","","","","","","","","","","","","","","","","","","","","","","","","","","","","","","","","","","","","","","","","","","","","","","","","","","","","","","",
"Chad","TCD","Military expenditure (% of GDP)","MS.MIL.XPND.GD.ZS","","","","","","","","","","","","","","","","","","","","","","","","3.1245638629608","2.95200711180685","2.82431904837062","2.95842450765864","1.83306638191849","3.56275204167191","2.73314069752787","1.38028771986802","","1.37465027279824","1.74558218311","1.21772291754531","0.89855575134087","1.00166734233204","0.697722260505036","0.598524353955962","0.885368766386186","0.999606076289673","0.99371784003006","1.11881329019114","0.97060058970103","0.742432609642281","0.610589376245507","2.17784149012173","3.24949802660511","4.27645851757143","5.70148439592454","4.31747390688638","3.75931302180558","","4.29488547231355","2.15784238896733","1.52397076587984","2.31170355001725","1.65961164003921","1.65270267984506","1.57360148213511","2.21192688117357","2.07913556881174","2.0442448086408","2.11758982875058","2.98484990097129","",
"East Asia & Pacific (IDA & IBRD countries)","TEA","Military expenditure (% of GDP)","MS.MIL.XPND.GD.ZS","","","","","","","","","","","","","","","","","","","","","","","","","","","","","","2.37471593939412","2.3454435137765","2.27779437678698","2.32826368126509","1.98985792929347","1.87922215036841","1.81868623546224","1.75622424701026","1.71834911557512","1.63273320958967","1.75199931414779","1.67684847375646","1.80108081580566","1.85532433488518","1.84616283163106","1.78243736180334","1.70039603635339","1.67683620668181","1.61195855452239","1.58778575451029","1.7496231226143","1.59176109380882","1.53360540539896","1.59189601950525","1.6300276673314","1.64581629045985","1.6945863952897","1.67490913680065","1.62513132242168","1.5811913594345","1.57952923878914","1.67458497705167","1.54215385652767","1.55187298289472","1.57748468565659","1.62752107256146","",
"Europe & Central Asia (IDA & IBRD countries)","TEC","Military expenditure (% of GDP)","MS.MIL.XPND.GD.ZS","3.53157121879589","3.76454293628809","3.71108343711083","3.38733905579399","3.42246520874751","3.55441860465116","3.14398111723053","3.25957446808511","3.27555555555556","3.07933789954338","3.25648854961832","3.49979381443299","3.4455205811138","3.34945054945055","3.19302137958854","5.11945392491468","4.94302721088435","4.71362302376219","4.18730640369176","3.35725855800727","3.94854524692944","3.87466811459803","4.33618486728391","3.98202756307823","3.67284847374975","3.58923040054929","3.69161048474196","","","","","","3.98574015711248","3.54466587617651","3.84574623568979","3.36990964518981","3.38746690107243","3.57723881639908","2.76245463548628","2.95784946695731","2.93373442009511","2.92792399935132","3.05966911422647","2.89760591231894","2.62272721795268","2.59434144459654","2.57646609481958","2.51944588430269","2.48592793686017","2.80386723045839","2.65296352861236","2.59223677506775","2.74966325503856","2.79977467856991","2.88175947591491","3.07062011125783","3.25376904089863","2.86939995102602","2.79037808369543","2.93776793007527","2.97745959131984","2.66058953306899","3.80320957727014","4.5244800646017","5.19083296958251","",
"Togo","TGO","Military expenditure (% of GDP)","MS.MIL.XPND.GD.ZS","","0.265562913907285","0.546875","0.839955282956159","2.15711274752153","1.89538574780328","1.33747763021569","1.3397397678252","1.35886349598518","1.28223536844524","1.36839535640664","1.40831295843521","1.47564388098909","1.69491525423729","1.49195462130839","1.85658612626656","2.49523110785033","3.07227488151659","2.71428571428571","2.24906015037594","2.19463087248322","2.37248062015504","2.25917686318131","2.09697986577181","2.18514977692798","2.50798344175044","2.84505885573501","3.50349087003222","3.12490869247626","3.09406858202039","3.12248587570621","2.85935085007728","2.93122886133033","4.0306556911723","2.58431085043988","1.85752563400778","","","","","","","","1.36569983895261","1.40604809612512","1.45744020230587","","","1.72218624355757","1.63801256321406","1.65885798813081","1.52606374846498","1.62464311756716","1.67620536115859","1.81828886251592","1.67442289494562","1.36106759176365","1.39797941282441","1.46839079223187","2.36248167773665","2.16399918335325","2.38551286600829","4.14153649480957","3.04669540490778","1.99877193389434","",
"Thailand","THA","Military expenditure (% of GDP)","MS.MIL.XPND.GD.ZS","2.46526491293072","2.09767678480583","2.62854679416837","2.61603995299647","2.43002544529262","2.32591933570581","2.16536792266719","2.42681688059839","2.75456024663869","2.99136657073967","3.06529850746269","3.56097640464086","3.47424741298213","2.88224303273153","2.65543855879087","2.79523275748385","3.13142098580169","3.48177335018462","3.9237142330459","4.38091940571985","4.24445494368149","4.0631625186097","4.1203692151208","3.95335883490465","4.06443875433927","4.1891150023663","3.79532821598729","3.36138655753091","2.93350108988332","2.68466712260163","2.59425018891255","2.64502481409377","2.65742287815579","2.52482449877102","2.50238335344718","2.2737823729037","2.15152508135528","2.17392250470724","1.85636828124458","1.62379763252113","1.48811161651995","1.42988520327266","1.32827955528117","1.23290567713875","1.12835658834693","0.986191840708362","0.950123246459469","1.01918920071311","1.25266188719419","1.54034760915174","1.5225558657538","1.39063450331731","1.38988888346862","1.34525091985427","1.37997604796617","1.33732679725458","1.32516695969445","1.33627619959584","1.32639351547521","1.32729814008386","1.46077928107965","1.41836848663438","1.24105269630565","1.1309417952786","1.07876078016919","",
"Tajikistan","TJK","Military expenditure (% of GDP)","MS.MIL.XPND.GD.ZS","","","","","","","","","","","","","","","","","","","","","","","","","","","","","","","","","0.000365714285714286","0.00347685714285714","0.00171980198019802","1.09861325115562","1.28914100486224","1.69509493670886","1.71303160358954","1.39204460966543","0.598174532502226","0.580783882496171","1.04883693330169","1.11879149508362","1.13133632771605","","","","1.02218713975002","0.954768508640922","0.95285512473335","1.09380663999495","0.999142722822931","","1.1283850454994","1.28197181934631","1.20806716554116","1.03718533693392","1.04856527674186","0.996966249525976","0.947973986993497","1.00261189599905","1.93089624067946","2.39642126155182","1.84774975839365","",
"Turkmenistan","TKM","Military expenditure (% of GDP)","MS.MIL.XPND.GD.ZS","","","","","","","","","","","","","","","","","","","","","","","","","","","","","","","","","","","1.79764705882353","2.31584615384615","2.04174435876061","3.96227021447804","3.11402734984911","2.90187475069805","","","","","","","","","","","","","","","","","","","","","","","","","","",
"Latin America & the Caribbean (IDA & IBRD countries)","TLA","Military expenditure (% of GDP)","MS.MIL.XPND.GD.ZS","2.03795882417178","1.94763506416593","2.19341087999503","2.00380010841743","1.71546887979316","1.96772254158198","1.92957267304462","2.07036842928039","1.86519756556045","1.87664897512281","2.10208639605151","2.22874727986975","2.16057537328716","2.09136817617199","1.94580819483063","1.95460349282781","2.14251791264433","2.22582616034247","2.26121481595329","1.98385442160946","1.62327841836447","1.67698416398307","1.79652932721108","1.93868662756359","1.72166566249491","1.64150750041888","1.65206382381215","1.83810587020454","1.81723068831195","2.0475936073851","1.68150981093536","1.44558019348024","1.30027400631735","1.34007751500839","1.42743167502816","1.57042113634008","1.49003810825292","1.34632274897382","1.37559731034247","1.2956757860338","1.25993132453559","1.28959161819011","1.21124188407773","1.14112040081043","1.1320858197509","1.20878482804026","1.19287278686642","1.23762184803311","1.28560076597935","1.37180943296105","1.34076107040954","1.26458283400688","1.27182758149682","1.28071609311323","1.24414455121301","1.20900497622704","1.18796981338747","1.2549858000244","1.2202154711178","1.22208742779478","1.29858192392545","1.13268450304288","1.06054712623602","1.05441672754447","1.12934190571924","",
"Timor-Leste","TLS","Military expenditure (% of GDP)","MS.MIL.XPND.GD.ZS","","","","","","","","","","","","","","","","","","","","","","","","","","","","","","","","","","","","","","","","","","","","","","1.7802292883409","3.76928162185985","4.37269712601326","3.64703161141095","5.01870958866419","2.9926287139941","1.96949347659248","2.87728369527749","2.27036904335364","2.04684585089477","2.32446540880503","1.59859756097561","1.60517350157729","1.3245501285347","1.69208066896212","1.77790106333796","1.08198620689655","1.38083515113743","2.64956730769231","2.66415662650602","",
"Middle East, North Africa, Afghanistan & Pakistan (IDA & IBRD)","TMN","Military expenditure (% of GDP)","MS.MIL.XPND.GD.ZS","3.57399259841422","3.58138510204849","4.56093480089236","4.37196053333327","5.03673821744793","5.58455525744193","5.77819623374249","5.67503124757211","6.14842788317227","6.74133371243775","7.54153609592792","6.87044463203625","5.82702141283568","5.40470335109041","7.82358360523193","9.13266785673586","8.80534594607444","8.09861831948174","7.99504108015404","5.46538315569964","5.20285500402968","6.67707015076896","6.44850962985496","6.59112865117848","6.28009433377058","6.26782443824026","5.77139593036954","5.28983952979894","5.09092377374989","4.26976301536133","","3.62318400558532","3.67093391229832","3.98294153539071","4.20658572602363","3.73554570853903","3.59162164394042","3.6471113841533","3.64482143984243","3.33160714875639","3.21835380162854","3.30502436022823","3.31714928416906","3.31990938276475","3.17569141546583","3.09781641024158","2.98133321624999","2.79943942822001","2.79622265031628","3.10945215190381","2.90450222921738","2.73161387510831","2.81071664961741","3.04682728168052","3.27441668719129","3.22282280353328","3.10969010678774","3.19196321068684","2.94158750567591","2.92947979458278","2.90282101628775","2.6469081942848","2.42337385151609","2.96172646981944","2.90835432509016","",
"Tonga","TON","Military expenditure (% of GDP)","MS.MIL.XPND.GD.ZS","","","","","","","","","","","","","","","","","","","","","","","","","","","","","","","","","","","","","","","","","","","","","","","","","","","","","","","","","","","","","","","","","","",
"South Asia (IDA & IBRD)","TSA","Military expenditure (% of GDP)","MS.MIL.XPND.GD.ZS","1.97390159169874","2.04271950284793","2.69070803476146","3.94717438709686","3.7519815926459","3.78771655894994","3.47248165896915","3.13885166146031","3.16512736315137","3.06489711813029","3.07152298024985","3.53767050886216","3.67456996408704","2.8586912829647","2.82380303633031","2.98985258523763","3.19197471327039","2.95282586070169","2.90262499086906","2.98086798276202","2.87285406391706","2.90375599915054","3.07536144427829","3.10217296417488","3.15361359612583","3.3234492265037","3.81162048160917","3.94658567149649","3.47278601615216","3.27779884388758","2.93875987525966","2.7222410783387","2.57727860017884","2.67887393839626","2.57581009569653","2.56985372226769","2.45338003009497","2.58270284980827","2.65139548204536","2.83568362037794","2.8344732860487","2.7842572751437","2.66098917993132","2.52584423377006","2.67315035895055","2.74667948171676","2.55799293731504","2.40041340225536","2.52303927382388","2.9722424122005","2.76511797271788","2.59584817725103","2.49442739373253","2.4194594459297","2.42340013242889","2.34379494218821","2.38400929701378","2.37018578553907","2.2628114785536","2.37297678091823","2.57554594632759","2.29231286230492","2.18230213455549","2.17425699112353","2.10151577489377","",
"Sub-Saharan Africa (IDA & IBRD countries)","TSS","Military expenditure (% of GDP)","MS.MIL.XPND.GD.ZS","","","","","1.86488808495035","2.13561067741175","1.86950888965559","2.73049885479628","2.84706994400205","3.08915375185673","2.67367234777689","2.43482652684499","2.65324946347537","2.74271163884191","2.89434846677789","4.01452013243746","3.91274143609919","4.09958161392959","4.02437620706747","3.65355012178646","3.15908336593272","3.04797130169554","2.89382932248551","3.08104690889782","2.94184597256916","2.6886461723517","2.88936925984968","3.50225379040405","3.8436637508294","3.83014314331605","3.65518406767179","2.9409007648579","2.3235806686638","2.44967666431164","2.01342301837103","1.52915100857432","1.20628070247378","1.20654931777584","1.21470525555013","1.88346848822314","1.63372064983045","1.61209831965785","1.64235601877255","1.43801289959248","1.44624607472457","1.305487946898","1.28739886131061","1.28343594696207","1.45109100400071","1.53317548213815","1.25917714637307","1.22654978633399","1.19568077480266","1.29000114492907","1.27853860497956","1.14699008101199","1.0674329564761","1.09059479584699","1.00136340831484","0.900205980297967","1.01876112682435","1.13855050273552","1.02471000507852","1.08483676703892","1.05039915605406","",
"Trinidad and Tobago","TTO","Military expenditure (% of GDP)","MS.MIL.XPND.GD.ZS","","","","","","","","","0.670378178943207","0.675372176591376","0.754395570967938","0.961321287408244","0.841940907999039","0.6834490289369","0.420373506332435","0.438199279258882","0.504474181101716","0.489525807136788","0.51405913726958","0.591401256586214","0.592171641242541","0.513444457963256","","","","","","","","","","","","0.494773590298477","0.489219432314411","","","","","","","0.155634799309892","0.213074265946209","0.294294112206887","0.56332687432576","0.604538000333575","0.621275873847403","0.568668581528334","0.493375226495272","0.709658644481144","0.635217366605715","0.566437190906244","0.641229257894688","0.76306904134769","0.656301051048555","0.752974392707466","0.914265892901233","0.845376415248969","0.694747131148301","0.733109759963043","0.812607258583509","0.859057055256023","0.765634931845469","0.959389724160016","0.921416388185832","",
"Tunisia","TUN","Military expenditure (% of GDP)","MS.MIL.XPND.GD.ZS","2.00478755236385","2.21590909090909","1.72960507350822","1.50801131008483","1.74418604651163","1.28771862387084","1.31747483989021","1.42105263157895","1.44268464795358","1.31423508564678","1.56167284277395","1.47526100771675","1.41451990632319","1.39841917832016","1.31153895852177","1.73997932697829","1.86239006725297","2.38149550618185","2.48802286726519","2.23819301848049","2.02871934365134","2.48107779270096","3.69190356881172","4.16725834904527","2.75534145974237","2.33557342734384","2.08667610288203","1.82318459308297","2.10347585171822","2.11455039063035","1.83945658886675","1.83370852776507","1.70612587759433","1.73211395510226","1.74212321164965","1.74470758582503","1.86753522903203","1.72638454432232","1.67797151546674","1.55607575730874","1.5479040325129","1.52111247336458","1.49264292624339","1.48388570363995","1.42590206296513","1.45160141621028","1.44636242435988","1.26099385636655","1.29062492574542","1.2949496088007","1.23617052057621","1.48625780102894","1.43987394498013","1.5597373837127","1.8068874807375","2.13959162946471","2.22498472970201","2.03182932622148","1.97644872011962","2.38327777746153","2.71275567542328","2.62965981069507","2.5712401122127","2.48712212584858","2.50636792573464","",
"Turkiye","TUR","Military expenditure (% of GDP)","MS.MIL.XPND.GD.ZS","3.53157121879589","3.76454293628809","3.71108343711083","3.38733905579399","3.42246520874751","3.55441860465116","3.14398111723053","3.25957446808511","3.27555555555556","3.07933789954338","3.25648854961832","3.49979381443299","3.4455205811138","3.34945054945055","3.19302137958854","5.11945392491468","4.94302721088435","4.71362302376219","4.18730640369176","3.35725855800727","3.90031329667967","3.82453186997909","4.29815131212686","3.93760520546007","3.59709381495019","3.53104315878258","3.63799248252089","3.32858525048377","2.93220863643399","3.14872652091673","3.52770569378721","3.75436424807973","3.87056650021036","3.9214172544983","4.05135933699201","3.90164973474904","4.13969694261893","4.10367223056831","3.18220800142332","3.88141296380978","3.64342934046749","3.57667970794229","3.76709151041563","3.26703119500148","2.67100029372768","2.38609105306995","2.34016133817719","2.19980660446648","2.18178699504167","2.47155127527395","2.27171515093383","2.0275060358965","2.00944811786941","1.92395966496054","1.87196639443904","1.81284855723729","2.05032437865497","2.05006599219326","2.52209022414858","2.68985897943633","2.19555218691023","1.85888321091456","1.65879843534611","1.71991880187465","1.92255231276371","",
"Tuvalu","TUV","Military expenditure (% of GDP)","MS.MIL.XPND.GD.ZS","","","","","","","","","","","","","","","","","","","","","","","","","","","","","","","","","","","","","","","","","","","","","","","","","","","","","","","","","","","","","","","","","","",
"Tanzania","TZA","Military expenditure (% of GDP)","MS.MIL.XPND.GD.ZS","","","","","","","","1.42312406373417","1.47320294640589","1.73497763269254","2.29997819925877","3.09761565111066","3.43268886501969","4.17461650003816","5.3551331749406","5.36005470517069","4.68897170236291","5.47665234862131","10.1091112561783","8.50260452553537","4.52063250866613","5.58429391878131","5.49760201527605","5.41431948863139","5.24756417462994","5.38707636370118","5.74462063063124","3.15187898727108","2.44754416242452","2.38263547886239","2.04648408015958","2.18177801099174","2.10603925919978","1.37927837082884","1.29411406473615","1.62721403741102","1.55535029886083","1.54354453955173","1.60197154683142","1.48766265966724","1.48726401206321","1.45160464399204","1.30259845652854","1.07430696847071","0.994614572583098","0.823941300163293","0.792124010730679","0.762064569335019","0.698278989715238","0.757193066304469","0.896024084275438","0.903150747306732","0.91379934806313","0.972362603264413","1.0157610032095","1.09136986722986","1.09369193376988","1.05581731620716","1.10090687427422","1.06113270582911","1.07713241782149","1.12240771800076","1.19134153738855","1.210113658261","1.154617473534","",
"Uganda","UGA","Military expenditure (% of GDP)","MS.MIL.XPND.GD.ZS","","0.0221238938053097","0.113289760348584","0.369318181818182","0.651162790697674","1.13293943870015","1.43723554301834","1.62348178137652","1.79408060453401","1.82458100558659","1.97302904564315","3.46866359447005","4.06217162872154","3.49577897160399","3.62484157160963","2.82293497363796","3.18528402592451","2.03606802466829","1.96664990782638","1.68720017444396","2.21722509557005","1.88803627485176","1.9759846301633","2.21853846153846","2.62669902912621","2.66172914147521","2.90591793751089","2.5860002949635","2.45988196514221","2.72997785771173","2.96852622114122","2.50799847648067","1.65917772135475","1.93136675611518","2.01578234788366","2.10151053274244","2.21091090169168","2.11670724007935","2.44235581316614","2.65573403225382","1.76460770822564","1.68324514574881","1.63467473652418","1.69168784576439","1.76615583020933","1.68432268847927","1.50342601664363","1.39447189004469","1.34734497189712","1.43231723283534","2.46009387698207","2.538786699798","1.17612274538488","0.937840989830747","0.924476429892299","0.986680287683281","1.00333547376504","1.03901851871998","1.15245192326926","1.71775245377408","2.46768517919382","2.33814515074458","1.84520857089792","1.80686571158733","1.88159798311992","",
"Ukraine","UKR","Military expenditure (% of GDP)","MS.MIL.XPND.GD.ZS","","","","","","","","","","","","","","","","","","","","","","","","","","","","","","","","","","0.434645819133778","2.41777179479269","2.73494760851588","3.17883449282933","3.98824090389786","3.24403179965191","2.88352763946873","3.51108284883721","2.76926719545401","2.67619950627408","2.74557877088929","2.50682433490703","2.79248933066336","2.77159181333191","2.87000281658483","2.67292227463357","2.8403538702613","2.74199654235065","2.25828771122262","2.35345197687142","2.3928953083474","2.96736825853937","3.84784847607093","3.66861786886462","3.24149291547879","3.63516607992805","4.06793765037597","4.40031470276707","3.42549199562857","25.6424104715416","36.5281725077224","34.4815297701892","",
"Upper middle income","UMC","Military expenditure (% of GDP)","MS.MIL.XPND.GD.ZS","","2.09261262878616","2.35688995544832","2.19500843210722","2.09414437230719","","2.3688147228738","2.53250490993777","2.46348170389389","2.4806609156076","","2.5079798090455","","2.27868163141557","2.94807961783159","3.58283880506799","3.86221288564824","3.79967206835438","3.64646148142755","2.88429831490123","2.52682010098212","2.81609031681868","2.82221203229245","2.95012360063015","2.67280172765762","2.76733066376682","2.78146049680743","2.70398862293104","2.67572816594551","2.47780028489178","2.22726290330764","2.01734929499493","1.9326701878203","1.76669068465308","1.79587315298185","1.87816271211237","1.83722474206251","1.76286856195273","1.68932398064716","1.72876158978275","1.6535732362877","1.6987928062408","1.74517357465471","1.71236777628772","1.65347226190909","1.61313102830804","1.59096121302349","1.57857762798145","1.59362241583978","1.76937217195368","1.63264311664332","1.55397491511816","1.60455296503722","1.63336538793357","1.65479073486109","1.67804683257294","1.66373973956707","1.62807570210254","1.59783629598429","1.60335773160678","1.67980130960686","1.52676491994046","1.62119968068123","1.75159922277941","1.79301415624847","",
"Uruguay","URY","Military expenditure (% of GDP)","MS.MIL.XPND.GD.ZS","","","","","","","","","","","","","2.19806763285024","3.76415462709879","4.53145622525297","4.28606416850355","3.48156353853458","3.7459201606829","3.62107985774329","3.80043383947939","4.6961086286929","6.25546127902134","6.44930689376515","5.38198403648803","4.57564575645756","4.30422064354367","4.12128017967434","3.03942220884743","3.15664690939881","3.52912674143328","3.52740166449266","2.39471219270806","2.84951481234276","2.79239845208779","2.57770556975008","2.71463667452926","2.80593839042227","2.39972074691363","2.2581336824168","2.3944609705068","2.43597728787045","2.50257766217716","2.53014006008996","2.23754532184395","2.0407280132366","2.00038586601038","2.00617807800672","1.77716708828507","1.86952468832085","1.82261337958887","1.87580785777619","1.71974893241654","1.60724459656554","1.68721815702608","1.74099456885648","1.76584061733326","1.8091708739885","1.91114379023487","2.07741613248953","2.0057166464094","2.05692189335606","2.26205420416101","2.04278364297671","2.11561237275002","2.31053827798919","",
"United States","USA","Military expenditure (% of GDP)","MS.MIL.XPND.GD.ZS","8.99312458715278","9.15603150017123","9.33167294545842","8.83189118618018","8.0512811057284","7.58724717722602","8.43530028594507","9.41779593255137","9.26845427468793","8.63326379509104","8.03274358404085","6.94306960936061","6.51975692434716","5.8938705911674","5.95411119676015","5.62267909613336","5.19107142902555","5.15561735127125","4.94308724791688","4.95199153527265","5.15353746651636","5.64654125624258","6.81405709441284","6.32114425976717","6.23641652963897","6.4532192046686","6.62652265789842","6.42027402288488","6.0712777020948","5.87120600804653","5.60517529438794","4.88342939776313","4.97046680768284","4.60435029507644","4.2152646751779","3.8602457917389","3.55498220635218","3.40556224418855","3.20155849896996","3.08567678324746","3.11224214697679","3.12380980266703","3.44761809928778","3.82716104473623","4.01631273640692","4.08923187524508","4.04134230166038","4.07335051467688","4.44659552156261","4.87576835879774","4.90402300595835","4.82244197600452","4.4617099699335","4.02370560438155","3.67891817387645","3.46449292564277","3.40260233575118","3.2977234873792","3.3040005391035","3.40921408383721","3.64518757294704","3.40451991574826","3.30947715843109","3.304441637598","3.41921653228044","",
"Uzbekistan","UZB","Military expenditure (% of GDP)","MS.MIL.XPND.GD.ZS","","","","","","","","","","","","","","","","","","","","","","","","","","","","","","","","","","","1.52748235149049","0.883906988706055","0.984546296961412","1.11881208629618","","1.30640163668501","0.91880954113644","0.665921193229433","0.476876688257673","0.429913341474552","","","","","","","","","","","","","","","2.86661981035524","","","","","","","",
"St. Vincent and the Grenadines","VCT","Military expenditure (% of GDP)","MS.MIL.XPND.GD.ZS","","","","","","","","","","","","","","","","","","","","","","","","","","","","","","","","","","","","","","","","","","","","","","","","","","","","","","","","","","","","","","","","","","",
"Venezuela, RB","VEN","Military expenditure (% of GDP)","MS.MIL.XPND.GD.ZS","3.05804440981691","1.42222222222222","2.31290213342364","2.55358807082945","2.44668911335578","2.63643553915107","2.65688259109312","2.8585154936344","2.67737617135208","2.4989228780698","2.29401644045116","2.69940787182167","2.82926829268293","2.47098976109215","2.30776084825804","2.59102455546147","1.88749074759437","2.06794682422452","2.10576126818881","1.91585635891018","1.6955153422502","1.52168577539357","2.24877261647269","2.97074010327022","2.29205175600739","1.36961895641717","1.64997053624042","1.63369833980925","1.81610508280982","2.79359694117964","1.51803655572423","1.84033527682396","1.64347885019412","2.14525385503951","1.59074692484412","1.54906215977261","1.03948338355238","1.79528505216579","1.58855520454273","1.43719900378467","1.52657012884905","1.55510791113255","1.15337359551171","1.18269062721142","1.28830181236512","1.83171374924625","1.9784922172232","1.88899310620025","1.79355285179574","1.23107041540807","1.01348862784929","1.13040534078431","1.34147173233053","1.66955178280415","1.16181680999136","0.941375968866619","0.454046014282467","2.23333219917076","0.150853892569221","1.79230375763991","1.57552271230291","0.313630729266034","0.649886788939365","0.500704497643446","","",
"British Virgin Islands","VGB","Military expenditure (% of GDP)","MS.MIL.XPND.GD.ZS","","","","","","","","","","","","","","","","","","","","","","","","","","","","","","","","","","","","","","","","","","","","","","","","","","","","","","","","","","","","","","","","","","",
"Virgin Islands (U.S.)","VIR","Military expenditure (% of GDP)","MS.MIL.XPND.GD.ZS","","","","","","","","","","","","","","","","","","","","","","","","","","","","","","","","","","","","","","","","","","","","","","","","","","","","","","","","","","","","","","","","","","",
"Viet Nam","VNM","Military expenditure (% of GDP)","MS.MIL.XPND.GD.ZS","","","","","","","","","","","","","","","","","","","","","","","","","","","","3.95376778715678","7.10161041569528","7.28651265439789","7.91085687045644","5.59531724614442","3.37458835450367","2.25869469121191","2.6493553048719","","","","","","","","","2.12864112884164","2.01437983970519","1.78096085234042","1.93836458436365","2.30475733676407","2.15637292727254","2.26520866993266","1.81539587772715","1.55654936250578","1.71831331991755","1.74407703676771","1.82295771785959","1.90702805588388","1.95056176952778","1.80387228671057","1.80650138874311","","","","","","","",
"Vanuatu","VUT","Military expenditure (% of GDP)","MS.MIL.XPND.GD.ZS","","","","","","","","","","","","","","","","","","","","","","","","","","","","","","","","","","","","","","","","","","","","","","","","","","","","","","","","","","","","","","","","","","",
"World","WLD","Military expenditure (% of GDP)","MS.MIL.XPND.GD.ZS","6.02830383229842","5.95761084439129","6.1438351544144","5.86203161263255","5.38240851518845","5.16126704492776","5.48725831773835","5.90583881500797","5.74523146658223","5.35930323989237","4.96220122618278","4.48446658298027","4.21886220645909","3.79674353468334","3.82883133648494","3.84457584115087","3.70244725787193","3.771435697621","3.58905110632937","3.51691959053492","3.54472485690806","3.81533736220774","4.33499081769846","4.19482368043472","4.18736841699954","4.24479998964557","3.91569366513035","3.7909797830174","3.54982558026164","3.44649367943014","3.32148195955439","3.02682106493074","2.94492627860512","2.77386580505906","2.59069346283394","2.3633948003724","2.28907220270957","2.29950446503762","2.24501536419107","2.19926966284069","2.18999769803642","2.22473973298058","2.32666466443486","2.38641347451472","2.38608795188733","2.38917881630725","2.34854459946783","2.30971453295961","2.37114959840504","2.60122870895825","2.50301936785317","2.39544956163749","2.35905515616562","2.29183781112608","2.24233102971248","2.23999802951576","2.19443495805395","2.14681644089747","2.12008294927132","2.16519067075308","2.31412817021261","2.16772839583425","2.2170734989681","2.31033868997909","2.47357557008391","",
"Samoa","WSM","Military expenditure (% of GDP)","MS.MIL.XPND.GD.ZS","","","","","","","","","","","","","","","","","","","","","","","","","","","","","","","","","","","","","","","","","","","","","","","","","","","","","","","","","","","","","","","","","","",
"Kosovo","XKX","Military expenditure (% of GDP)","MS.MIL.XPND.GD.ZS","","","","","","","","","","","","","","","","","","","","","","","","","","","","","","","","","","","","","","","","","","","","","","","","","0.0163027941392356","0.481597270513536","0.722607027057869","0.804774182927632","0.703950801287396","0.721739287326993","0.758327843608571","0.794280304031609","0.777866853947473","0.802900990332654","0.804420588442497","0.831725992996201","1.02303890223714","0.845929878221182","1.15004614573509","1.27351351798076","1.47659639574127","",
"Yemen, Rep.","YEM","Military expenditure (% of GDP)","MS.MIL.XPND.GD.ZS","","","","","","","","","","","","","","","","","","","","","","","","","","","","","","","6.55118344395031","7.01121885858333","7.27704319121711","7.06392041645758","8.3987590412286","6.35057848305458","5.28134594096812","5.80575259672107","6.08156870413826","5.17272243639362","4.91539236509943","5.4810146916463","6.8956079503431","6.85455205201499","5.301366496456","4.8683170115889","4.30846709527936","4.85072305945547","4.44582924481359","5.65364869262807","4.68555712379286","4.92646180284206","4.57388404478979","4.07952717554633","3.96689083277903","","","","","","","","","","","",
"South Africa","ZAF","Military expenditure (% of GDP)","MS.MIL.XPND.GD.ZS","0.950977129000048","1.46784913582076","2.25483730416399","2.06460848141164","2.695608797689","2.63082886060615","2.704872973096","2.78801852960007","2.76117526451189","2.60847927374445","2.33374509405345","2.45819303358705","2.37266886068014","2.64690982776089","3.0851992816305","3.87495470832159","4.72799061209406","5.2633345592313","4.56219888726238","3.86307372855086","3.30463366071471","3.63812916270383","3.61409329641932","3.60464820498906","3.69560695941547","3.69833382968385","3.82057632450885","4.19217049247912","4.62375902257971","4.35788474069836","3.89635147817926","3.22263389360805","2.81765061454765","2.49552369800039","2.56196590060566","2.11786404667743","1.75587879819291","1.58213355671958","1.38316672312245","1.27205293062738","1.38728913141799","1.48316101798605","1.52930955872386","1.4688112381823","1.35572857797827","1.23481125272958","1.15387200554978","1.05851963686616","1.03941759302272","1.08950470906387","1.00348106887351","1.00265340405471","1.03352274081458","1.02779402383821","1.02189399625968","1.00692862196088","0.971046764986093","0.943568494750462","0.894757064750116","0.882430271670915","0.956510732317856","0.805965112062888","0.798457056094626","0.754561053349382","0.700150834276412","",
"Zambia","ZMB","Military expenditure (% of GDP)","MS.MIL.XPND.GD.ZS","","","","","","","","","","","","","","","","","","","","","","","","","3.00141959034679","2.36145873103409","3.66412213740458","3.22068519192655","2.38834408143687","4.19526940334752","3.41082508884576","2.3374458851178","2.7050497634892","1.42939824259298","1.71924538560915","1.45168841419497","1.0518095531385","1.00766103765507","","1.64831846043945","","","","","1.58089960446516","1.84832294449392","1.7439454502704","2.06370699223085","2.08008787697224","1.73163534710359","1.38259276517524","1.3176391076812","1.3578688500397","1.35973638684875","1.6338689575111","1.75323445099498","1.42930472392762","1.30136750851783","1.43749939178333","1.25568409370479","1.16572196732911","0.982237890875063","1.1165478995702","1.33879038934617","1.33268361976463","",
"Zimbabwe","ZWE","Military expenditure (% of GDP)","MS.MIL.XPND.GD.ZS","","","","","1.03935584586312","1.18956840018301","1.32246235468518","1.36005726556908","2.06812652068127","2.42276887871854","2.43870077486466","2.28806168816267","2.18284348508048","2.62585362905663","2.97699763949576","3.39944638894608","4.62671359762875","6.53812666116763","7.99131353984741","8.52052148720425","6.62908562787285","4.86431834635644","5.12254528847618","5.56085058152265","5.67764991105304","5.48666915012506","5.5038198632891","5.82388892185368","5.20870655678968","4.93103073748235","4.10390378548896","3.97936507936508","3.80277171820865","3.30030387105298","3.11471290363111","3.18165315260801","2.88277157260057","2.99826689774697","","2.23808309966862","3.05379188712522","2.54980434009249","6.30647414997671","2.03467725088782","2.70575805599577","1.45257572407694","1.98624247635426","","","","0.816251453246969","1.407162104666","1.85949988315027","1.86822395642382","1.88778911739064","1.88630877860684","1.74198491851131","1.47256736668559","1.17941734860884","0.653123880490076","0.974989311324521","1.56777878168608","0.994988109351456","0.209793581326229","0.351195023855751","",
