"Data Source","World Development Indicators",

"Last Updated Date","2026-07-13",

"Country Name","Country Code","Indicator Name","Indicator Code","1960","1961","1962","1963","1964","1965","1966","1967","1968","1969","1970","1971","1972","1973","1974","1975","1976","1977","1978","1979","1980","1981","1982","1983","1984","1985","1986","1987","1988","1989","1990","1991","1992","1993","1994","1995","1996","1997","1998","1999","2000","2001","2002","2003","2004","2005","2006","2007","2008","2009","2010","2011","2012","2013","2014","2015","2016","2017","2018","2019","2020","2021","2022","2023","2024","2025",
"Aruba","ABW","GDP (current US$)","NY.GDP.MKTP.CD","","","","","","","","","","","","","","","","","","","","","","","","","","","405586592.178771","487709497.206704","596648044.692737","695530726.256983","764804469.273743","872067039.106145","958659217.877095","1083240223.46369","1245810055.86592","1320670391.06145","1379888268.15642","1531843575.41899","1665363128.49162","1722905027.93296","1873452513.96648","1896456983.24022","1961843575.41899","2044111731.84358","2254830726.25698","2360017318.43575","2469782681.56425","2677641340.78212","2843024581.00559","2553793296.08939","2453597206.70391","2637859217.87709","2615208379.88827","2727849162.01117","2790849720.67039","2962906703.91061","2983637430.1676","3092427932.96089","3276187709.49721","3347561738.94591","2461056053.22795","2889305033.55975","3326671314.7742","3746573413.07565","4167588070.29217","",
"Africa Eastern and Southern","AFE","GDP (current US$)","NY.GDP.MKTP.CD","24205729121.3343","24958927693.8095","27073279052.5749","31769188044.0148","30279603755.3047","33806233152.8526","36927311239.4786","38444227752.5739","41742071179.4675","47048601721.6198","47593987273.0208","52188772290.3067","56726152192.5136","73083720134.3844","89536125811.6756","95295913613.5341","96006577413.0117","109208426467.106","124083628147.889","142100196986.403","178472593462.541","185109278385.547","178355845274.148","185755813130.223","170038799701.363","149335403052.171","160553783155.674","190175547049.302","207369216353.86","220613759094.92","256383478165.175","276918965237.869","241188710607.463","239981577262.429","243477941444.502","273327490479.513","273428068927.083","288271180913.283","268728576302.725","265321450545.646","287042463739.689","260850392951.828","269746460052.503","358116678901.082","445975553009.759","521562847473.691","587454940473.207","674947497627.662","726711167541.424","726850536901.436","863749634744.9","959740239662.05","969171197494.148","981203198866.08","998727180531.477","909905339457.167","832661416653.091","979240640383.155","1021971569379.4","1019354194063.69","938546103425.609","1113059797223.9","1226461319482.05","1179121535535.41","1252564134751.16","1358694050872.54",
"Afghanistan","AFG","GDP (current US$)","NY.GDP.MKTP.CD","","","","","","","","","","","","","","","","","","","","","","","","","","","","","","","","","","","","","","","","","3521418059.92345","2813571753.87253","3825701438.99963","4520946818.54581","5224896718.67782","6203256538.70967","6971758282.29351","9747886187.39393","10109297047.5432","12416152732.0567","15856668555.8336","17805098206.3141","19907329777.5872","20146416757.5987","20497128555.6972","19134221644.7325","18116572395.0772","18753456497.8159","18053222687.4126","18799444490.1128","19955929052.1496","14259995441.0759","14497243872.1337","17152234636.8715","17778508875.7396","",
"Africa Western and Central","AFW","GDP (current US$)","NY.GDP.MKTP.CD","11904805741.6831","12707719290.6273","13630588814.3032","14468913698.0467","15803564796.4118","16920876929.6607","18033947666.935","16493541543.816","17022596883.7037","19301191937.1478","26696924213.8055","24496786001.8079","29489425515.7538","36890633234.1126","49687223643.2392","57280116275.6847","68385552348.1688","71789497552.1911","78778080489.5676","96681064864.1808","121445961252.94","217606540487.256","196264853551.918","151421439334.1","131373058519.308","138005066699.39","109517776160.1","112641148828.574","111770322169.923","104577372052.932","124277825786.697","130794315519.435","125449432677.509","130547124413.507","135350756019.472","207843864308.684","263563556144.267","276460023661.688","297126502718.93","140119071338.221","142700161610.021","150714426912.027","180129182230.86","208646527354.852","257939299771.648","316515667947.119","402077365740.543","470947616490.786","574259808704.062","515037106035.585","605794323433.602","691133400013.242","748030003656.774","844187976557.843","904094866776.536","778037497377.313","699979485002.844","694206358825.098","777805844264.864","1026527768676.04","963688197941.774","1026670180885.97","1063748247138.21","938480674635.085","737366967283.718","852526995230.254",
"Angola","AGO","GDP (current US$)","NY.GDP.MKTP.CD","","","","","","","","","","","","","","","","","","","","","5930503400.9626","5550483035.96494","5550483035.96494","5784341596.36339","6131475065.17815","7554065410.12097","7072536108.69707","8084412414.26566","8769836768.83478","10201780976.6695","11229515599.3048","10603784541.197","8307810973.58848","5768720421.61367","4438321017.39068","5538749259.94714","7526421519.16979","7648380195.59902","6506221615.78722","6152923310.44546","9129594970.15301","8936079117.73136","17311512433.1938","20342128111.9406","26997977896.2907","41396636383.8231","58653659979.5501","73037821926.4655","98790432989.3077","81705175408.8809","95546919754.2873","125551634704.941","143572907527.976","148845200696.335","153449860495.966","102543067840.819","60770049747.3832","85629598654.1906","90506061877.2765","81193813808.0382","58512033805.8981","78283923543.8237","128233959333.275","106042349567.303","103080538044.058","122174889423.635",
"Albania","ALB","GDP (current US$)","NY.GDP.MKTP.CD","","","","","","","","","","","","","","","","","","","","","1578102105.26316","1808177156.17716","1861163170.16317","1881412587.41259","1857337995.338","1897050116.55012","2097326250","2080796250","2051236250","2253090000","2028553750","1099559027.77778","652174990.837304","1185315468.46295","1880950864.41311","2905092798.61916","3234486232.04392","2293666029.99318","2600356999.20614","3283941510.49964","3584570164.85195","4059064033.13379","4515003116.68036","5801712040.48463","7406645793.44038","8256658249.8128","9150528132.17633","11116937869.8568","13258506375.4518","12335540656.1006","12086545641.299","12973755874.5365","12246499747.9714","12796985886.1478","13296322588.1684","11470171826.9575","11988668784.6628","13258268435.6048","15379508329.7568","15585111614.0376","15241458744.5927","18031989573.0294","19017247013.8821","23491242727.4082","27037474263.2977","30540188271.3421",
"Andorra","AND","GDP (current US$)","NY.GDP.MKTP.CD","","","","","","","","","","","78617711.0965325","89406608.1458151","113414397.365635","150841639.297444","186557081.998137","220112572.205331","227283850.831271","253997897.226968","308020261.164149","411548748.354729","446377776.798001","388983266.199886","375914743.581006","327850042.515872","330073080.637098","346742714.675152","481996012.869071","611299924.540506","721425939.15155","795489582.04491","1028989692.06787","1106891361.53948","1209992020.29543","1007090269.86956","1017544068.8408","1178745282.8678","1224024139.21295","1180645571.8643","1211953994.05714","1240295103.08568","1432606188.65883","1548265807.99606","1764279824.23138","2366941808.98431","2900245324.32047","3161084091.26848","3459337986.67058","3957625367.30589","4102319398.76562","3688976340.67187","3449925738.83334","3629133574.51363","3188652765.29297","3193512950.0157","3271685596.52156","2789881258.60547","2896610479.86771","3000162081.22353","3218419896.93333","3155149347.92156","2891001149.40079","3324647529.41855","3380612573.4825","3785067331.88242","4044249678.65625","4500982731.80784",
"Arab World","ARB","GDP (current US$)","NY.GDP.MKTP.CD","","19998438360.0899","20329047180.414","22364471921.9059","24813307199.2085","26771102220.4976","28351046006.7356","30600869443.7775","34973045132.814","38563619383.8874","43094139979.9118","49930151347.6477","59970718558.2201","79130725493.6487","152199034142.502","168169966765.176","210007621800.111","242286672182.623","265416162868.754","358135445489.827","486447797289.299","494945999084.645","463114958246.78","437494482946.75","440359064231.052","432863828743.159","405451915982.932","431233067109.026","429362575737.796","457356315289.488","641683975928.51","467929157934.646","467773400613.497","478901864353.457","499875741124.964","528474736899.022","570906140763.65","614595216835.673","598783460087.878","665404764120.193","763400074351.443","744564338442.53","746768175363.066","830076531568.175","987304821542.152","1210081941398.6","1439461123430.75","1674640786036.4","2121063708751.66","1832774180319.93","2165961502751.72","2576183850806.81","2816787067316.22","2887116130913.48","2940745822078.8","2584151265962.58","2540369856563.15","2615263227679.8","2924906594129.03","2969429771610.46","2608795934173.51","3090113052044.16","3752344988903","3617895070373.04","3745043769553","3797527236194.65",
"United Arab Emirates","ARE","GDP (current US$)","NY.GDP.MKTP.CD","","","","","","","","","","","685986701.316701","939893599.634201","1415086929.3006","4231243615.86089","11651505689.4244","14720729969.1197","19213212475.0768","24871660291.7912","23775718541.3171","31225557021.8735","43599134193.0959","49333471894.9853","46622715280.796","42803373389.6704","41807931452.8262","40603631079.4051","33943568480.9469","36384802310.3887","36275613876.8575","41464966301.7919","50701374187.331","51552058250.3806","54239188745.5001","55625269485.1866","59305111227.5034","65743604965.7557","73571217376.7336","78838886862.1575","75674384204.7668","84445399334.7235","104337463730.167","103311631797.329","109816091078.603","124346476180.46","147824249957.985","180617467954.23","222116532963.026","257916148767.436","315474615741.223","253547358746.804","307736348527.33","368881033962.57","392793559050.783","409632574702.715","424935834104.193","381973135513.065","381717208620.964","403365056078.846","440560003161.236","433926218686.108","357161776271.328","422441282436.237","511403404642.173","522622268401.125","552324919095.872","",
"Argentina","ARG","GDP (current US$)","NY.GDP.MKTP.CD","15865474315.4056","20132220374.9093","18337691145.3688","18272123664.4715","25605249381.7597","28344705966.6389","28630474727.9023","24256667553.2569","26436857247.4982","31256284543.6155","31584210365.5447","33293199095.4881","34733000536.2862","52544000116.9037","72436777342.4554","52438647921.9226","51169499892.1722","56781000101.0848","89049453088.3282","69252328951.6441","76961923741.0701","78676842366.5529","84307486836.724","103979106777.911","116915052107.031","88150891728.1064","105872372613.857","108810885301.253","126890235049.092","76629728760.123","141352654305.163","189719984268.485","228778917308.17","236741715015.015","257440000000","258031750000","272149750000","292859000000","298948250000","283523000000","284203750000","268696750000","97724004251.8602","127586973492.177","164657930452.787","198737095012.282","232557260817.308","287530508430.568","361558037110.419","332976484577.619","423627422092.49","530158122010.442","545982375701.128","552025140252.246","526319673731.638","594749285413.212","557532320662.955","643628393281.364","524819892360.176","447754683615.225","385740508436.965","486564085480.036","633993756301.08","649461687959.174","638365455340.04","683097891618.597",
"Armenia","ARM","GDP (current US$)","NY.GDP.MKTP.CD","","","","","","","","","","","","","","","","","","","","","","","","","","","","","","","2256863448.77086","2069870129.87013","1272835453.42634","1201312829.27524","1315158636.67553","1468317435.20148","1596968946.23708","1639492444.76152","1893726437.26462","1845482173.02732","1911563668.85006","2118467913.37873","2376335048.39976","2807061008.69084","3576615240.41616","4900469511.10191","6384452066.5146","9206301269.79164","11662040713.8753","8647937081.2562","9260285755.62424","10142111824.5835","10619320682.9474","11121464437.0415","11609513246.7958","10553337518.414","10546136235.5219","11527458709.0158","12457940694.7395","13619290539.2116","12641698583.2152","13878908628.9378","19513506553.1251","24185982215.6543","25955275380.0321","29243452882.3545",
"American Samoa","ASM","GDP (current US$)","NY.GDP.MKTP.CD","","","","","","","","","","","","","","","","","","","","","","","","","","","","","","","","","","","","","","","","","","","512000000","524000000","509000000","500000000","493000000","518000000","560000000","675000000","573000000","570000000","640000000","638000000","643000000","673000000","671000000","612000000","639000000","647000000","721000000","750000000","871000000","","","",
"Antigua and Barbuda","ATG","GDP (current US$)","NY.GDP.MKTP.CD","","","","","","","","","","","","","","","","","","77507407.4074074","88040740.7407407","109596296.296296","132451851.851852","149388888.888889","166444444.444444","184866666.666667","212214814.814815","246370370.37037","297562962.962963","346866666.666667","411396296.296296","455174074.074074","478718518.518519","504337037.037037","525133333.333333","565662962.962963","625081481.481481","616051851.851852","679140740.740741","734422222.222222","789788888.888889","835544444.444444","901003703.703704","877774074.074074","898092592.592592","948100000","1026329629.62963","1143896296.2963","1303674074.07407","1487381481.48148","1557640740.74074","1386518518.51852","1298348148.14815","1287359259.25926","1364729629.62963","1325496296.2963","1378707407.40741","1437485185.18519","1489603703.7037","1534855555.55556","1661529629.62963","1726448148.14815","1411637037.03704","1602125925.92593","1857114814.81481","2054096296.2963","2162366666.66667","2338196296.2963",
"Australia","AUS","GDP (current US$)","NY.GDP.MKTP.CD","18635682981.7093","19713123154.0997","19953923192.6277","21573443451.751","23835843813.735","26014244162.2791","27349284375.8855","30487524878.004","32763365242.1384","36738245878.1193","41395206623.2331","45283847245.4156","52117990654.2056","63923126201.1531","89086219602.0634","97440939505.6671","105209354855.787","110504702913.512","118660813779.849","135093718050.665","150200557103.064","177151979565.773","194323071830.52","177523719680.081","193749932078.26","180861108959.102","182707050923.335","189726707252.515","236461079970.431","300264309002.14","311840666465.053","326416407860.792","325982966981.415","312568858909.5","323269456935.317","368725126225.126","401962517479.122","436321902767.408","400361527504.578","390347787943.351","416901962163.479","380360222861.197","396436967262.563","468517181129.878","615643050220.515","696811489612.816","749708370332.989","856603595823.192","1058448244063.77","931761689770.843","1152566632022.13","1402939868653.4","1552728401401.58","1583737461925.39","1474677007565.64","1356805839935.9","1211588128417.61","1330890554614.09","1433144978761.67","1398349602956.35","1333336461648.09","1560617493202.69","1695627535475.8","1734451264655.6","1757022451652.83","1798518933689.21",
"Austria","AUT","GDP (current US$)","NY.GDP.MKTP.CD","6624086313.14334","7346566037.83392","7793042529.15992","8414050621.01716","9213648655.97511","10041659445.118","10939526218.6393","11634569521.9273","12499863917.1003","13647475854.0287","15312791743.8476","17788536733.1204","21973207929.0434","29399860144.7748","35051468639.576","39902300703.1682","42791707448.0325","51343861460.328","61809208755.804","73647694287.1848","81737498404.5948","70755997062.3812","70996111962.5716","71838528420.4075","67719055773.3306","69114996009.577","98648254168.5444","123682091858.946","132817124707.456","132584448257.93","165811372382.912","173113449616.971","194314032056.098","189634029338.696","202738023129.743","240094169510.031","235952581232.129","211724812267.448","217068085815.918","216421809125.916","196181599831.287","196477206829.33","212837224022.813","260779834340.097","299210411454.823","313952317330.776","333905979332.481","386760177589.497","429234399096.173","399290118782.429","389827789217.634","428954737064.057","406750487603.59","426580502769.417","438556021078.034","379546097300.633","393687359770.273","414926138132.691","452582294972.775","442983642371.842","434397601557.696","480466363176.806","473221298968.216","516670509628.876","534790720466.822","579470021095.418",
"Azerbaijan","AZE","GDP (current US$)","NY.GDP.MKTP.CD","","","","","","","","","","","","","","","","","","","","","","","","","","","","","","","8884848484.84848","5344000000","444658671.586716","1570392598.14954","1193141110.35043","2417331192.9526","3176507376.31836","3962362387.47922","4446368570.6901","4581248566.50158","5272615722.96892","5707616203.72011","6236087738.28284","7276413079.11451","8680405740.94125","13245421880.834","20981929497.6188","33049419431.2244","48851293785.4483","44292427184.9492","52909294791.9262","65952796427.9473","69679944504.1972","74160560123.6902","75239785452.1022","53076235354.746","37866996882.9157","40866627351.9817","47112470051.7701","48174235294.1176","42693000000","54825411764.7059","78807470588.2353","72428470588.2353","74426000000","75937647058.8235",
"Burundi","BDI","GDP (current US$)","NY.GDP.MKTP.CD","195999990","202999992","213500006","232749998","260750008","158994962.962963","165444571.428571","178297142.857143","183200000","190205714.285714","242732571.428571","252842285.714286","246804571.428571","304339523.902476","345263492.063492","420986666.666667","448412753.623188","547535555.555556","610225555.555556","782496666.666667","919726666.666667","969046666.666667","1013222222.22222","1082926304.46477","987143931.166987","1149979285.77347","1201725497.06578","1131466494.01101","1082403219.48787","1113924130.41149","1132101252.51817","1167398478.3459","1083037670.60484","938632612.026359","925030590.153683","1000428393.88528","869033856.317093","972896267.915425","893770740.207416","808077223.365746","870486065.883137","876794723.068586","825394519.423728","784654423.620476","915257323.3961","1117113079.73645","1273375078.44844","1356199387.42308","1611835857.04588","1775495032.424","2032135192.01248","2235812879.56709","2327402362.81574","2451624637.67157","2705826648.21019","2810532912.49975","2618093125.14687","2831362208.34039","2913411408.44783","2871555326.31029","3188355943.63513","3425127990.70519","4020736756.64256","3419558408.35408","3037579858.38142","3364713864.08488",
"Belgium","BEL","GDP (current US$)","NY.GDP.MKTP.CD","11810619368.3874","12561701694.3319","13436827166.5187","14445805381.3872","16168044450.2523","17597783297.4583","18894891312.2977","20252508995.4745","21654856965.4281","24019653474.9959","26706196046.7931","29821661869.912","37209418018.5134","47743801490.3747","56033077879.0389","65678189097.2908","71113882967.6071","82839905458.6382","101246526194.441","116315456796.918","126829314388.191","104730018470.23","92095926187.5331","87184239053.2544","83349530159.1734","86268264148.3796","120018787249.413","149394404105.889","162299103675.261","164221056511.057","205331747947.851","210510999409.333","234781652446.675","224721795708.955","244884129491.198","288025588396.278","279201433224.756","252708051420.839","258528339631.029","258245733221.468","236792460312.471","236746141604.37","258383599375.177","318082528506.588","369214712443.206","385714762230.039","408259840868.823","470922156309.453","517328087920.078","485014525992.461","481556503720.001","527196649048.639","498414364944.961","524097026598.55","537987419164.351","461044767544.531","474271566739.729","500908767351.53","542638913427.921","536726344405.489","529694473501.791","598522422241.851","591474463578.602","650779364363.737","670983130618.828","725466462859.646",
"Benin","BEN","GDP (current US$)","NY.GDP.MKTP.CD","226195578.434497","235668220.508202","236434954.038578","253927697.25805","269819005.87814","289908680.426395","302925235.151997","306221953.104911","326323105.26476","330748244.539574","333627713.494438","335073027.54117","410331856.991218","504376074.185709","554654860.702577","676870140.341529","698408261.922237","750049778.84069","928843469.431727","1186231019.82044","1405251846.54048","1291120188.43104","1267778670.35902","1095348199.43911","1051134008.78979","1045712789.14884","1336102025.27763","1562412227.90058","1620246083.79478","1502294416.17129","1959965330.14765","1986437796.53053","1695315305.70308","2274558082.76135","1598075943.86774","2169627137.9207","2361116449.39308","2268301646.46707","2455092686.34712","3677393998.74486","3519991440.47913","3666222635.13875","4194342686.2178","5349258094.48239","6190270380.49856","6567654954.38903","7034111314.88812","8169048382.83875","9787734526.23965","9738626517.00319","9535345015.78355","10693321363.6574","11141358115.8991","12517845123.9315","13284527846.9081","11388160996.7738","11821065853.3838","12701655836.9467","14262408089.9261","14391686313.4641","15686741883.934","17687623530.3355","17425405090.862","19673291004.1444","21482643706.4249","24566420903.5337",
"Burkina Faso","BFA","GDP (current US$)","NY.GDP.MKTP.CD","330442815.821186","350247234.260712","379567099.249422","394040667.106335","410321644.964911","422916789.7483","433889766.239436","450753923.548048","460442689.376378","478298645.39382","458404268.761971","482411179.121178","578595521.990135","674773569.877548","751133430.449301","939972703.463021","976547188.054778","1131224878.18865","1475583644.93614","1748480620.52397","1928719888.20688","1775842333.57042","1754450096.23721","1600278605.25465","1459880132.14107","1552493196.28424","2036303357.68113","2369834949.73234","2616040478.99309","2615587733.97303","3101300778.56414","3135045584.08387","3356692505.18266","3199536465.23328","1895290637.09504","2379517975.28056","2586550595.41013","2447669101.95178","2804902367.14687","3389566712.66037","2968370087.59759","3190371080.94768","3622350062.96053","4740768142.67494","5451688537.60959","6146353173.34929","6547419820.38113","7625722836.76847","9451435490.11467","9450696873.34326","10109619740.6994","12080295977.5632","12561015156.5683","13444300485.8412","13943016076.7436","11832159315.6298","12833363045.3367","14106955615.3442","15890066221.2882","16032813503.3707","17725010532.5268","19697516284.3787","18622421394.6133","20106062971.6533","23136514855.7646","27627297461.3181",
"Bangladesh","BGD","GDP (current US$)","NY.GDP.MKTP.CD","4274894083.33333","4817580375","5081413541.66667","5319458562.5","5386054833.33333","5906636791.66667","6439687854.16667","7253575687.5","7483685770.83333","8471006437.5","8992722166.66667","8751843187.5","6288245866.66667","8086725729.3407","12512460519.7088","19448348073.4565","10117113333.3333","9651149301.8746","13281767142.8571","15565480321.9448","18138049095.6072","20249694002.448","18525399201.5968","17609048821.5488","18920840000","22278423076.9231","21774033333.3333","24298032258.0645","26579005558.3652","28781715188.8919","31598340778.2164","30957483949.5798","31708874594.1645","33166519417.9894","33768660882.793","37939748768.6567","46438484107.5795","48244309133.4895","49984559471.3656","51270569883.5275","53369787318.6245","53991289844.3291","54724081490.5102","60158929188.2556","65108544250.0425","69476001239.419","71795736172.1561","79611644974.5571","91636997370.9772","102475158190.998","115275540051.262","128607482310.357","133310747603.483","149998957434.186","172886611653.786","195146608978.131","265224515675.034","293732446624.596","321362752441.78","351231654603.692","373979442362.193","416271647911.014","460131689083.083","437415333018.291","450119432068.852","456319229255.578",
"Bulgaria","BGR","GDP (current US$)","NY.GDP.MKTP.CD","","","","","","","","","","","","","","","","","","","","","20039544133.0458","20055685480.8231","19803624625.386","16959180921.5167","17410894970.7546","17562270446.9511","20261546635.2306","28428718531.0281","23003003707.7017","21746286446.7922","20726605648.7971","7628764750.15655","8602874120.17193","10832041595.4026","9709230161.35834","18992388645.3609","12295588923.8007","11316706412.4362","15031821788.158","13637793853.9432","13246669553.9701","14184170318.951","16403880782.9964","21146038619.2612","26159078743.1056","29870182424.913","34382295487.2238","44433521724.8301","54483464293.1671","52026461289.6618","50691645231.0083","57684243980.4624","54299825600.0647","55822115861.1854","57083817239.8145","50768512172.9373","53932152153.5457","59170671046.4798","66100606676.6544","68511235459.4907","70490478088.1395","84378926047.3002","90510784777.6397","102204457334.822","113349149166.793","130777235529.606",
"Bahrain","BHR","GDP (current US$)","NY.GDP.MKTP.CD","","","","","","","","","","","391577364.077364","422181562.186708","534081183.680728","761132545.104221","1042176883.51827","1099107600.50569","1581709518.98261","1989060283.04271","2272042965.21126","2710160739.18742","3493834468.02865","3943109531.91489","4145421079.78723","4247030468.08511","4440874566.48936","4152376484.04255","3470746843.08511","3856922694.14894","4209834172.87234","4393093962.76596","4809511005.31915","5248911170.21277","5402232446.80851","5913001063.82979","6330627925.53191","6651180851.06383","6938166755.31915","7219407712.76596","7031309042.55319","7528469148.93617","9062898936.17021","8976196808.51064","9593510638.29787","11074813829.7872","13150159574.4681","15968723404.2553","18504760638.2979","21730000000","25710904255.3191","22938218085.1064","26805984042.5532","29914680851.0638","31963404255.3191","33823324468.0851","34772526595.7447","32523297872.3404","33884680851.0638","37204813829.7872","39567978723.4043","40446808510.6383","35837632978.7234","40840212765.9574","46458191489.3617","46192260638.2979","47210732712.766","48965725531.9149",
"Bahamas, The","BHS","GDP (current US$)","NY.GDP.MKTP.CD","169736027.157764","190022030.403525","212170033.947205","237650038.024006","266560042.649607","300272048.043528","346800000","398000000","453800000","538700000","539500000","573400000","590900000","670900000","632400000","596200000","642100000","713000000","832400000","1139800100","1335300000","1426500000","1578300000","1732800000","2041100000","2320699900","2472500000","2713999900","2817900000","3062000000","3166000000","3111160000","3109000000","3092000000","3259000000","3429000000","3609000000","6332360000","6833220000","7683870000","8076470000","8317830000","8881160000","8870090000","9055290000","9836200000","10167250000","10618340000","10526000000","9981960000","10095760000","10070450000","10720400000","10475300000","11139100000","11837600000","11880900000","12446900000","12819200000","13277000000","10363200000","12037000000","13896800000","15271300000","15832800000","",
"Bosnia and Herzegovina","BIH","GDP (current US$)","NY.GDP.MKTP.CD","","","","","","","","","","","","","","","","","","","","","","","","","","","","","","","7753478260.86957","6122959183.67347","4735044707.23969","3630668949.83246","1255802469.1358","1866572953.73665","2786045321.63743","3671909673.04401","4116774300.60671","4686256363.04707","5567772768.81188","5800615374.76094","6728220982.88398","8498894359.38629","10156541220.9704","11222796336.5426","12864841905.9543","15778734264.3787","19112796623.1175","17613949091.2294","17176315803.7298","18644233537.1093","17226735995.6905","18179109209.3892","18558734107.1478","16404348361.0926","17116926553.8513","18326373135.6099","20484058033.1144","20482608984.3316","20226038369.9191","23672712121.2671","24534663636.1778","27592361498.4057","29737363103.0492","32599982936.3931",
"Belarus","BLR","GDP (current US$)","NY.GDP.MKTP.CD","","","","","","","","","","","","","","","","","","","","","","","","","","","","","","","17389558232.9317","18404907975.4601","16939790093.9054","16275073526.9819","14931435232.078","13972683273.5692","14500437519.8258","14128408565.7064","15222012660.4232","12138486532.0203","12736856827.9847","12354820143.8849","14594900944.7658","17825444724.4878","23141566292.9462","30210091836.8294","36961894281.3444","45275711995.825","60752106347.126","50873167326.0414","57231904542.8755","61762382327.9319","65685890438.8922","75527558966.4473","78813069120.9984","56454769844.7632","47723545321.259","54725405751.1559","60031026576.26","64410170653.4569","61371673344.7424","69673747131.87","73775179924.603","72478760370.4258","78591839299.7087","93397215864.198",
"Belize","BLZ","GDP (current US$)","NY.GDP.MKTP.CD","28072478.0724781","29964999.965","31857591.8575919","33750113.7501138","36194586.1945862","40110040.1100401","44450044.4500445","47431255.747674","44999910.00018","47399905.2001896","53339893.3202134","59074687.1961851","65998069.3847631","78214767.8301496","103160450.445869","118194026.251574","97094227.2292471","117650000","136300000","151800000","257400000","260750000","248550000","262150000","290350000","287300000","311500000","371100000","421450000","491100000","546750912.28848","596682100","695741150","752255150","771838000","818590250","850339100","872916050","929047000","999713050","1138138100","1172045150","1243912050","1308280250","1400202000","1474298400","1590463100","1706190450","1738453600","1688012750","1748988400","1831576700","1917083500","2035191450","2138242200","2193095150","2239604950","2266028250","2285915050","2381187850","2047284600","2428606250","2846604350","3052362650","3203631800","3326500000",
"Bermuda","BMU","GDP (current US$)","NY.GDP.MKTP.CD","72400000","76500000","80700000","82600000","92200000","98000000","115000000","134800000","150000000","164900000","186300000","211100000","235400000","269500000","312600000","345000000","386300000","447000000","475800000","517200000","613299968","739100032","785500032","889400000","985699968","1039500032","1173500032","1296499968","1415100032","1501500032","1592400000","1634900000","1679900000","1820359900","1867160100","2030750000","2695390000","2932827000","3130748000","3324433000","3480219000","3680483000","3937228000","4186525000","4484703000","4868136000","6144000000","6767000000","6980000000","6656000000","6634526000","6312691000","6378188000","6465756000","6413988000","6654541000","6899911000","7142316000","7225977000","7423465000","6887364000","7290037000","7767884000","8602360000","9194499000","",
"Bolivia","BOL","GDP (current US$)","NY.GDP.MKTP.CD","377020202.020202","410101010.10101","448400673.400673","482828282.828283","544023569.023569","604377104.377104","669191919.191919","755808080.808081","857912457.912458","929629629.62963","1017003367.00337","1095622895.6229","1257615644.97932","1262968515.74213","2100249875.06247","2404697651.17441","2731984007.996","3227436281.85907","3758220889.55522","4421336382.94397","4537479608.48287","5891598694.9429","5594126368.90981","5422656823.38212","6169483225.35915","5377276554.93016","3959382833.13461","4347956337.93221","4597612362.2748","4715973437.43673","4867582597.51312","5343262457.10226","5643868748.68126","5734699488.84934","5981222858.82727","6715161732.22658","7396949126.35685","7925736821.45034","8497494652.12546","8285064434.56826","8397855484.76908","8141516928.39489","7905485146.44351","8082399639.54305","8773451751.5121","9549122905.32852","11451844902.2214","13120108008.3477","16674276285.8956","17339992193.7322","19649723722.1034","23963164696.592","27084497481.9103","30659338885.6729","32996188017.3661","33000198248.9146","33941126193.9219","45927439594.7902","48414038842.2576","49056643589.0014","42313784081.042","47877892402.3155","50959081953.6903","52340206946.4544","54881327452.9667","64768947525.3256",
"Brazil","BRA","GDP (current US$)","NY.GDP.MKTP.CD","17030465539.3906","17275940449.3837","19231747851.5332","23287712878.2002","20963733694.9749","22465522884.0988","28283323733.1114","31086389194.961","33930457425.2613","37171640818.5863","42327664793.6934","48869830901.7878","58434858374.8696","83592275862.9982","109794519727.538","129203555238.827","153168949208.207","176344101401.941","200278646123.581","221338204480.222","237393489892.637","258015174748.648","271314113768.417","189656506321.431","188339974086.58","210879844638.877","256480852471.129","283056836893.838","307881930752.268","412990820287.42","384959818181.817","342534090909.091","328191909882.232","368292034380.96","525369467295.737","769333050986.905","850426432991.742","883206179730.462","863710759256.435","599642024319.531","655448231983.527","559983634798.981","509795273806.715","558233745651.874","669289424806.307","891633839894.183","1107626541434.92","1397114486368.67","1695855083497.52","1666996438581.43","2208837745100.55","2616156223917.69","2465227802806.76","2472819535557.21","2456043727198.85","1802212206814.5","1795693482853.01","2063514977365.65","1916933898010.99","1873288205059.69","1476107231310.49","1670647398904.9","1951923942083.32","2191131765684.63","2185821610689.31","2279920092492.13",
"Barbados","BRB","GDP (current US$)","NY.GDP.MKTP.CD","80021846.9453826","85363759.3406016","88782583.460208","99893761.2655968","99252731.4515047","105021996.861675","113195122.762193","125554008.718721","125733668.5","141393142","166210203","186826503.031076","213725216.665339","260767827.621284","311804629.873599","402178605.019554","435911268.58968","495097667.929041","552883707.055138","670362452.145379","1012280614.52792","1114204743.20091","1163923830.35847","1236016506.73694","1346890071.09829","1409536120.91682","1547755183.21484","1704370307.76115","1812757917.76463","2006165166.80754","2012131457.26644","2020583702.08323","1957000000","2063342117.03873","2151344901.30761","2216974096.35559","2363645403.47039","2498384129.66738","2817083478.34734","2951822204.54432","3059500000","3054500000","3106500000","3209500000","3444500000","3819500000","4217323400","4675767950","4790410400","4466809600","5428683250","5563162050","5486500500","5660059700","5684901000","5699619150","5679029450","5847381600","6001101550","6166710800","5403246950","5948900600","6886644900","7223248150","7597571450","8016550000",
"Brunei Darussalam","BRN","GDP (current US$)","NY.GDP.MKTP.CD","","","","","","114039500.591268","132757528.044374","139029537.243321","160818235.866746","161210236.44168","179078929.315763","197525767.791735","270822782.026674","433095526.686136","2319576214.21329","2496420257.54042","3054765590.29214","3681242528.32494","4100423673.58759","6044367628.28515","10795432293.6119","9367218664.31094","8932198185.72876","7927590750.39502","7632788075.1621","6967623884.42343","4190280002.67381","4918010080.03047","4535130304.71096","4983622880.99938","6039881086.68157","6284497293.85546","6327966435.17026","6203339912.15448","6467782517.72242","7700144069.1419","7663377306.04996","7793034376.20807","5550846019.54348","6309070377.5966","6570999087.56742","6096155767.38145","6333082875.56937","7167725261.92713","8619178773.51458","10547202620.5286","12644616418.691","13432029484.4012","15926456515.0049","11912904509.8582","13707121038.4383","18524791062.657","19048443340.7732","18094148098.6536","17097797386.0336","12930296870.1247","11400266044.6651","12128168045.1245","13566908391.0895","13469235364.7032","12005799653.9835","14006496617.4458","16681536466.7183","15095084656.1634","15340808592.48","15031980994.1121",
"Bhutan","BTN","GDP (current US$)","NY.GDP.MKTP.CD","","","","","","","","","","","61812113.0666667","66289450.3252986","70139866.8083136","78900289.3165483","92901784.4986973","86820762.4931172","88461262.7788474","97884433.8024868","94086227.6084972","105377995.200713","128669200.916451","139174178.090189","141439317.399271","156704289.913612","160423493.936194","163288815.361294","191218115.488485","242742766.346488","272298066.556045","264798626.174848","287765007.112863","240294286.015925","240233531.160464","225973692.8371","258954708.048533","290490983.815778","303408345.620078","352229076.707627","363458380.903342","399311199.50776","460733418.399276","496110225.710307","559345263.708309","651935430.314445","735348490.428435","860391000.221655","942879878.538879","1255767964.00491","1317517834.59916","1331343797.77308","1708880730.20989","1977728658.68259","1973387227.96519","1943696951.65411","2089079570.58285","2187815803.36833","2357504760.78592","2591358009.20276","2583335721.85904","2735683570.46155","2457604333.90927","2768802960.11204","2898227743.75576","3012896789.79753","3346603858.7495","3579320145.13077",
"Botswana","BWA","GDP (current US$)","NY.GDP.MKTP.CD","30411413.6552828","32902612.8664855","35644956.6430429","38091842.8546863","41616347.7906865","45788696.3343915","51465655.3921083","58642354.089673","66248441.4182466","77361546.5067537","96243233.6609837","127448613.505061","164460914.977201","244124164.042218","306044207.530203","355168571.536751","372025093.006273","451624780.274597","590407374.447116","819870258.783053","1060889703.75374","1073812830.30052","1014945695.71927","1172230396.58099","1240822167.43571","1114783342.71539","1392602163.53829","1965226890.04557","2644554158.72794","3083822112.02023","3790636324.44775","3942876703.45184","4146464586.61674","4160129174.70569","4259259604.15623","4730599121.92704","4847757217.75815","5020265626.66489","4790481509.17679","5484263346.88105","5788329609.15755","5489608299.66445","5438863982.88692","7511582173.37724","8957467706.5354","9918907108.09702","9919158482.41085","10567270655.5027","10730829116.4105","10118459242.3183","12637273429.1339","15110643612.1729","13907464500.1489","14271738933.2042","15470088500.7414","13530748844.505","15082637184.0496","16105155856.7708","17031943186.1353","16725908148.5481","14960251607.8135","18750182236.2211","20321150599.1523","19413614554.6944","19286251067.5078","19928479839.4476",
"Central African Republic","CAF","GDP (current US$)","NY.GDP.MKTP.CD","112155598.492157","123134583.463559","124482773.83306","129379123.76305","142025078.735754","150574795.409863","157930018.091087","163820513.562432","191767441.604577","188039210.130379","189106529.207011","201450799.82635","230317883.36443","271183082.043062","281398705.570596","378660016.265936","451152461.31276","507298147.526539","610578631.992983","700764747.756462","797048198.534875","694803622.898966","748312390.756606","658679332.681331","637820670.299604","864849836.286193","1122265013.42004","1200991977.80801","1264899287.51261","1233930280.91724","1440711459.16967","1377374986.58709","1411917553.12436","1278781261.55928","851174356.781737","1115389673.69197","1007791127.09913","937741513.015352","967338389.650578","999477510.686632","916777282.691659","932648604.751954","996068144.884889","1142315522.53864","1272360517.32373","1337894378.73743","1461859762.33459","1699811294.94935","1993407888.49838","2067381665.25454","2142591540.40068","2437982705.12093","2510126512.22831","1691544110.18543","1894813389.40325","1695825714.19282","1825018144.65595","2072349972.6818","2220979146.11241","2221301351.43918","2326720900.38047","2516498412.46384","2382618615.01694","2555492085.94725","2751494281.06887","3066109226.40165",
"Canada","CAN","GDP (current US$)","NY.GDP.MKTP.CD","40563768946.9503","41038192837.9035","42336211555.8268","45140337826.9869","49503663836.3665","54649410478.5226","61252415404.686","65856924423.9721","72048833006.1602","79405011124.8208","88192257632.3093","99606454743.5136","113463848873.624","131764343565.643","160949188139.059","174419757176.563","207271612576.065","212325176304.654","219369542386.254","243891124295.715","274776566028.053","307246642755.859","314647807408.608","341866277182.733","356718400123.543","366186012449.652","379006836991.724","433134238310.709","509380027626.554","567211993243.243","596075591360.987","612527712315.615","594387358318.855","579053561739.4","579944346807.264","605961090061.207","630607994132.747","654987722085.801","633999325918.436","678414215521.303","744773415931.587","738981792355.372","760650608551.583","895542074084.648","1026691006917.76","1173118501402.87","1319291255289.14","1468820407783.26","1552993439550.14","1374627766599.6","1617349192091.46","1793335727900.85","1828359477071.97","1846583831414.43","1805751688808.98","1556510380200.23","1527996250640.92","1649269496514.62","1725330736237.69","1743728952156.85","1655686966881.99","2022377950896.78","2200562785046.32","2196593836347.42","2270076189683.46","2319899772425.92",
"Central Europe and the Baltics","CEB","GDP (current US$)","NY.GDP.MKTP.CD","","","","","","","","","","","","","","","","","","","","","","","","","","","","","","","276777263070.302","244245640082.434","252364702967.012","267674623020.581","304448250407.602","388889205136.785","411186267612.59","405325268750.504","442779325890.267","426345402233.075","420823859911.381","460153265512.377","518049996936.665","621437270110.894","749236864681.291","871993037920.824","987675979323.667","1254691637899","1526123276964.15","1289261661160.8","1319446244881.88","1458158364344.55","1361901163411.55","1420225996416.23","1467454376587.2","1297144243677.59","1321564300745.06","1467504296996.79","1656387103225.12","1684322326510.05","1678297364952","1926387937049.61","1954028005289.23","2273564082260.43","2463134865871.42","2762562481345.2",
"Switzerland","CHE","GDP (current US$)","NY.GDP.MKTP.CD","10569129805.9937","11889851949.6661","13185384690.7481","14499109269.9708","16071715835.0474","17033079428.475","18290928226.8879","19689329510.274","21024203656.3496","22780211812.0824","25374750743.1969","30492832676.1654","37399508286.8588","50296651921.1325","57963469606.9547","66452559175.6092","69508364538.3261","74237819013.938","103821687919.463","116702524207.614","124404609416.96","113936168923.735","116776899472.984","116361728836.168","111104641869.175","112652623417.85","161487171048.974","202238567596.566","218788504066.152","211241694480.103","269768238554.564","272953645746.165","284139428246.338","276339744179.751","305916331797.909","358152520084.567","345373647249.191","298868250534.004","306907741067.733","301911268140.061","282327351965.893","290160142213.795","313930961760.554","366563952624.935","409012909529.554","424511048024.414","448364681767.427","498993845384.872","574703945157.419","563659557945.042","609999593541.9","727231637101.778","697882536676.898","718748402259.576","741168119616.628","706199008878.656","698607778794.566","706660443624.485","740766531453.991","736384764156.877","756096180222.082","840710023481.35","858479038993.75","928435275851.707","969919786394.884","1043529899250.92",
"Channel Islands","CHI","GDP (current US$)","NY.GDP.MKTP.CD","","","","","","","","","","","","","","","","","","","","","","","","","","","","","","","","","","","","","","","5945677376.61477","6262740656.85164","6439703434.71024","6232906290.4851","6663669064.7482","7332244897.95918","8553643354.08275","8827272727.27273","9676172953.08188","11514605842.3369","","9100755725.19084","8902359316.35606","9648680025.8275","9454638123.23572","9594745810.67159","10527973277.6068","10109273770.329","9168857222.32574","9170044517.20264","10026394043.6136","10031864649.0819","9439810769.23077","11157540109.8939","11308272505.183","12507320838.3932","","",
"Chile","CHL","GDP (current US$)","NY.GDP.MKTP.CD","4211103676.74027","4948564550.91046","5765971144.47142","5702520146.03167","6065708668.32735","6183988944.34606","7256882086.19585","7145068067.64138","7286820526.02462","8456519044.38223","9261006540.15907","10999807567.1235","12057501634.979","17237336172.7878","16584311220.1384","7812161793.11971","10523479088.8075","14272711436.7475","16373093553.7155","22249574627.6911","29586676576.0951","35180322211.2903","19710229067.2864","20629678694.0684","19974595028.1582","17933557359.8036","19197818084.6757","22605488850.8981","26174858613.8456","30101767991.1135","33428580448.2715","38232330917.2011","46538895685.8088","49934943320.8828","57438273591.0521","73820425701.6603","78584098983.6374","85741415285.165","81990010704.0602","75578685735.5219","78339750721.364","71574739561.4329","70264045939.2773","76492579644.0605","99075985773.6682","122294145163.192","153843518170.864","172491076033.863","179894594475.405","171777900623.892","217051209238.534","251382573893.87","267024782486.855","277395018842.417","259560978224.359","242450355830.884","249344863928.438","276154259981.097","295857562991.709","278308438545.118","254103710483.324","315507493783.262","301099244104.003","335802745366.38","329260633698.726","357371159574.862",
"China","CHN","GDP (current US$)","NY.GDP.MKTP.CD","59846235024.7318","50162299349.7871","47310737754.2287","50812227918.5753","59821862703.4023","70565994356.1828","76854053259.209","73011350596.2485","70980323818.7853","79847786729.1898","92752930873.1912","99959013879.6308","113871930713.841","138764340892","144418433058.472","163687619735.857","154196810058.643","175226595859.778","149788617886.179","178573913043.478","191487500000","196218253968.254","205480916030.534","231130268199.234","260442857142.857","310064625850.34","301310144927.536","273455156950.673","312888888888.889","348380566801.619","361560229445.507","384510452961.672","428502354788.069","446557291212.148","566929539493.172","738190896227.55","868523936530.083","967753570434.667","1037134141760.35","1103843203575.64","1223754919971.05","1355036590251.52","1489821682050.54","1683903309843.85","1984196551300.44","2317551298052.05","2791498472804.33","3604055822571.63","4667346414521.95","5189577094997.58","6192564874453.29","7671757207851.29","8673664713189.24","9743124247267.24","10674533168257.4","11280814787468.9","11456024084962","12537559062282.9","14147765772963.8","14560167101283.4","14996414166715.1","18201698719564","18316765021690.2","18270356654533.2","18729668435848","19498039388042.6",
"Cote d'Ivoire","CIV","GDP (current US$)","NY.GDP.MKTP.CD","546203559.344361","618245634.179831","645284473.733691","761047198.029653","921063326.589918","919771228.816095","1024102880.05862","1082922724.87189","1281281276.72357","1361360293.42665","1455482795.40691","1584128509.46873","1849400401.64724","2508421426.17572","3070152309.21903","3893839190.26806","4662053824.83955","6265068189.37782","7900526298.31993","9142933966.79465","10175617609.0962","8432589942.39434","7567110848.92228","6838184772.52063","6841639246.8996","6977650643.99488","9158302099.57957","10087654464.8168","10255169805.7996","9757410644.6679","10795850582.779","10492628580.7484","11152971273.9383","11045760288.1206","8313557510.14757","11000146266.5135","18071152830.6101","18047558037.7036","19619654755.679","18870992455.568","16577533891.8785","16810537043.8407","18054383320.8474","21251754340.4305","23510575681.3686","24036918703.1747","25281413263.3712","28760090953.3081","34078240293.2559","33886813250.2036","34936307980.063","36693710801.3976","36302302877.2977","42760235484.6093","48843005613.7091","45815005169.2651","48407761036.8238","52512343996.69","58522477786.6889","60382894697.3557","63027852805.4204","72794636653.7793","70922824813.9102","80780312569.1646","87113179149.284","99773555666.1988",
"Cameroon","CMR","GDP (current US$)","NY.GDP.MKTP.CD","614206068.497266","652777608.320492","694247864.3789","718320845.044338","776650176.904453","814083265.511426","851112534.552636","936175260.030919","1046191217.79942","1100551488.62689","1151216992.88095","1236941394.11447","1498251889.66287","1901393361.02282","2157415532.54796","2857037371.05886","2898090001.8562","3394664024.05503","4662852583.13256","5919002982.602","6674569046.6832","6610938616.6643","6611255963.83584","6870200009.90065","7311938026.36713","8544810497.9889","11857056199.0765","13049659981.1373","12236057362.4917","11012566195.0255","12314482627.8454","11840192296.3893","12071775335.0433","16181814712.5295","8902446252.18372","10864772470.9043","11093538846.4483","10789458432.6416","11298144990.4104","11565826464.8921","10566579294.9831","10953485349.1135","12417251350.4882","15970315034.9903","18826214135.6419","19509852206.9341","20910512974.933","23928250433.0378","27715142032.913","27932970317.129","27507501821.0296","30630910495.217","30155062329.2821","33728621180.3231","36386544706.0806","32210233020.4569","33814337044.3765","36098547033.1655","39955552189.795","39667757527.6578","40773241177.0505","45011937346.8384","44347206072.5513","48814501547.4313","53296694320.2057","58933453923.761",
"Congo, Dem. Rep.","COD","GDP (current US$)","NY.GDP.MKTP.CD","3359404117.64706","3086746857.14286","3779841428.57143","6213185742.57426","2881545272.72727","4043901818.18182","4532660181.81818","3384063371.75792","3909780538.92216","5032434970.05988","4877684910.17964","5594770359.28144","6173712814.37126","7870239461.07784","9596960179.64072","10237343173.6527","9648583224.99212","12344424763.5727","15372608002.3923","15068422236.3663","14394927494.8647","12537821038.2202","13651667371.1676","11006712650.4481","7857729193.20343","7195042616.0071","8095367168.21769","7661625472.57705","8861299976.74158","9021862775.18112","9349764580.41173","9625436872.51075","8227343907.26679","10706259936.7425","5820382248.28202","5643439376.10491","5771456952.1908","6090838693.27145","6217805820.77104","4711259427.27273","19088046305.7971","7438189100.33333","8728038525.14034","8937567059.87754","10297483481.223","12609728573.1032","15484044534.5783","18374807772.5429","22723488723.3641","18607259480.5447","24161641931.0331","26392379641.765","30029369928.7318","34891189160.3002","38352980552.8665","40179574490.3032","38600224214.4728","37537521565.5308","46659954092.4862","46845900350.0332","46691989748.9186","59067289573.5102","70422346142.2023","69843655425.2929","75716176105.0704","91030531316.9936",
"Congo, Rep.","COG","GDP (current US$)","NY.GDP.MKTP.CD","131731862.783017","151675738.926342","166521239.650243","172233430.657858","185693724.905233","198318064.028924","220613581.972601","237397428.13501","251247457.765525","265040036.417215","274960699.885255","322128018.955444","410669263.651798","541973362.610423","585364634.473977","767102680.239967","754549601.391492","765224029.286556","878771772.202149","1198749667.42923","1705796852.89473","1993512322.62391","2160640564.56041","2097274289.75066","2193581365.34299","2160872540.03175","1849268212.30284","2297753652.34929","2212536311.99319","2389593025.60339","2798746050.11354","2724853505.80336","2933222703.0334","2684323623.14372","1769365437.78801","2116003867.75536","2540697539.05773","2322719102.6909","1949481379.21951","2354772960.28296","3227927697.57921","2796704604.03812","3034250923.97726","3503723087.74483","4656974940.12721","6650001680.48544","8072305029.06514","8782703436.70188","11649857673.4436","9723299915.25312","13148396211.5955","15655383576.6515","17692911296.3044","17958720699.0868","17919321078.0284","12434793867.3568","10931328150.8478","11834473039.3645","14773900288.5135","13976637779.9763","11468687464.0046","14825690210.9157","15817030154.6941","15321055822.5167","15719986076.6464","16306633778.765",
"Colombia","COL","GDP (current US$)","NY.GDP.MKTP.CD","4031152976.63904","4540447761.19403","4955543963.36869","4836166666.66667","5973366666.66667","5760761904.7619","5428518518.51852","5825170438.48704","5960212869.12968","6450175213.74923","7198360460.19887","7820380970.53674","8671358732.68486","10315760000.3394","12370029583.6419","13098633901.8673","15341403660.4698","19470960619.1297","23263511958.0509","27940411250.2732","33400735644.0481","36388366869.0309","38968039721.748","38729822781.5997","38253120737.9671","34894411351.983","34942489683.9712","36373307085.0887","39212550050.4223","39540080200.3938","47844090709.9908","49175565911.0655","58418985443.3172","66446804802.5747","81703500846.0364","92507279383.0387","97160109277.8087","106659508271.255","98443739941.1664","86186158684.7685","99875074951.0278","98200641203.3892","97945812802.8882","94644969157.0987","117092416666.245","145600529605.803","161792958904.864","206229540926.312","242504150472.931","232468663109.595","286498534094.963","334966134804.887","370691143018.039","382093697077.685","381240864422.407","293492370193.166","282720100286.228","311866875156.879","334198218098.276","323031701192.84","270348342541.465","318524633225.395","345632492851.448","366901643683.302","420504033143.211","457410034202.523",
"Comoros","COM","GDP (current US$)","NY.GDP.MKTP.CD","","","","","","","","","","","","","","","","","","","","","243390495.918962","212958381.535437","202152461.76282","196193379.743828","189102734.154019","191944891.602832","258143902.889842","313292322.956214","336422522.407114","328665080.847046","401561021.549642","400592662.610246","436552922.121696","427750822.87347","314789556.044396","392774713.634182","392488148.725187","362816806.134452","363932160.233771","371921712.454518","339504306.290689","372746486.166796","427360070.324544","546830040.540273","622679660.37137","655375095.906176","688498641.512529","795673152.867077","915659107.965823","905341172.70583","907979446.419588","1023087475.68355","1015842906.66403","1116223107.03168","1149587562.06748","966029600.862227","1012835493.19325","1077439756.59451","1188797449.38584","1195019531.9011","1225039196.61091","1299039312.22277","1279542248.96288","1465977684.31307","1610082688.26617","1814920856.27026",
"Cabo Verde","CPV","GDP (current US$)","NY.GDP.MKTP.CD","","","","","","","","","","","","","","","","","","","","","142246815.345007","139468209.116206","140630678.983478","138476175.620363","132019038.591628","137728204.813735","190651167.559385","235253064.70982","264308140.285149","267448571.414611","306890962.649533","319827058.592875","357160985.327413","490417389.682569","406580652.330537","487148993.533109","501979269.843942","490608657.924976","521910560.524868","592416703.058878","539227277.626411","563090490.377368","620507387.466174","813260468.873834","924940011.836897","972241676.907662","1107571457.90614","1649621738.63689","1959620648.31578","1852334575.17521","1824751467.92957","2046817987.20109","1913081210.41411","2028910915.16446","2041930125.42979","1749857620.35329","1849789985.99572","1996741539.95088","2205099506.99994","2252177124.32402","1821565613.68613","2051842618.70539","2247003344.34242","2504525537.51069","2713721857.39153","3056630435.32463",
"Costa Rica","CRI","GDP (current US$)","NY.GDP.MKTP.CD","507513829.994855","490325181.614275","479180824.348506","511902136.809973","542578367.242598","592981162.264151","647305630.188679","699456618.867925","773841494.339623","853630203.773585","984830158.490566","1077147537.52472","1238251695.55388","1528925846.25467","1666544754.09836","1960863465.5776","2412555425.90432","3072427012.83547","3523208809.80163","4035519323.22054","4831447001.16686","2623803095.78501","2606623554.56582","3146772630.77263","3660477856.22977","3919203960.39604","4418983870.96774","4532952047.15628","4614629898.40348","5251025767.47627","5711687786.75989","7215725634.72564","8579754953.07612","9564816062.90368","10489903833.9065","11578594332.7952","11678424726.7825","12614602321.5821","13684255997.5116","14254866283.9541","15013629579.1557","15976174476.2368","16578820799.2885","17271760397.3311","18610594843.9248","20040642420.6914","22715540342.2983","26884700687.8286","30801745703.3018","30745714234.4959","37658616965.6866","42762613784.989","47231655492.7812","50949668762.8328","52016408816.1842","56441920888.425","58847019587.626","60516044660.7496","62567765946.2665","64753504730.018","62806591554.7345","65588938787.0243","71001226360.8008","87512637055.7736","96715644330.6612","102904921157.478",
"Caribbean small states","CSS","GDP (current US$)","NY.GDP.MKTP.CD","1165303060.28689","1272022469.10602","1356047349.50434","1447988752.00055","1546223257.5277","1658476310.98942","1763304085.16679","1929997389.27725","1980508885.71067","2152507805.36929","2268330542.34162","2457968135.09375","2734457344.69049","3173389131.65134","4201310614.82803","4819825581.33935","4937767512.99323","5937525886.22228","6776416498.50876","8405785521.3914","10876340879.3427","11977463255.1586","13292712867.0251","13189051711.1814","13689070378.9541","13794627075.9123","11773697053.1201","12334469174.3296","12745727415.7592","12606272526.7095","13573367099.5127","13946896742.2113","14242986936.367","13815833341.5092","14793002834.8762","15732201525.3694","16941993239.8086","20074931520.308","21643804665.0628","23393912390.0523","25625542926.4456","26504661126.1591","27742046925.4435","30589389405.8968","33597817092.3498","38224293958.7281","44325879983.2222","49739222993.1148","57296315261.9305","47913515379.1154","52803409572.0273","56728212756.0989","60152214325.0841","62057809452.4886","64139344973.1037","62546622822.0285","58077597799.5106","59854333034.3488","61251232769.8672","62185048912.3359","53339533047.3726","62692425791.373","78475897832.9531","79594075306.6477","90434300483.4678","95141207521.3621",
"Cuba","CUB","GDP (current US$)","NY.GDP.MKTP.CD","","","","","","","","","","","5693005200","6914658400","8135150891.92025","9987709650.18094","11405957317.0732","13027415243.9024","13789579902.5579","14206158674.6988","17844705324.6753","19584443287.6712","19912889861.1111","20150254096.3855","20953510235.2941","22204940512.2235","24039383608.4235","22920490774.102","24226574634.0293","25213935012.0819","27458999472.2955","27023468665.8977","28645436569.1489","24316556025.6585","22085858243.2432","22367254864.8649","28448326756.7568","30429803651.2192","25017368700","25365908100","25736331200","28364615200","30565400000","31682400000","33590500000","35901200000","38203000000","42643836100","48835925925.9259","54262870370.3704","56302129629.6296","57481481481.4815","59562962962.963","68990000000","73141000000","77148000000","80656100000","87132800000","91370407900","96850649700","100050036100","103427600000","107352000000","","","","","",
"Curacao","CUW","GDP (current US$)","NY.GDP.MKTP.CD","","","","","","","","","","","","","","","","","","","","","","","","","","","","","","","","","","","","","","","","","2120511229.05028","2143450726.25698","2160784692.73743","2202117374.30168","2237160502.7933","2344637262.56983","2457581731.84358","2593831508.37989","2833476145.2514","2869153184.35754","2951342793.29609","2930092234.63687","3012836256.98324","3033568603.35196","3059406983.24022","3058779217.87709","3024690167.59777","3033433240.22346","3046364804.46927","3026124134.07821","2534327597.76536","2739594357.5419","3075180837.98883","3281419329.60894","3561178212.2905","",
"Cayman Islands","CYM","GDP (current US$)","NY.GDP.MKTP.CD","","","","","","","","","","","","","","","","","","","","","","","","","","","","","","","","","","","","","","","","","","","","","","","4200288241.15296","4466278065.11226","4585949023.79609","4281714566.85827","4156841107.36443","4186073104.29242","4291004524.0181","4405796023.18409","4562853611.41445","4708167232.66893","4909322237.28895","5166281305.12522","5530178440.71376","5941896607.58643","5655357984.24218","6060813808.15072","6653516041.43929","7308564549.28678","7765336505.34319","",
"Cyprus","CYP","GDP (current US$)","NY.GDP.MKTP.CD","","","","","","","","","","","","","","","","489912574.305146","576090073.715036","734876021.128049","964024364.43274","1288699776.05059","2154311276.94859","2087496373.77964","2159242416.76942","2160364071.19021","2278248953.14058","2430411900.19194","3090734463.27684","3704813885.50548","4278792597.23965","4563482603.5503","5591130217.66965","5770197348.48485","6912150456.32334","6590291048.29211","7425703928.57143","9933137128.07244","10011914680.0502","9547816419.61231","10248618778.2805","10497907227.616","9985847313.85485","10397898907.1038","11420228846.1538","14547329558.3239","17320551250","18433412510.8817","20072754986.8272","23968727073.6381","27958384913.4219","26048190775.3879","25799940416.0167","27641553201.0506","25047433099.5891","23959708956.2926","23225912183.4991","19909269064.8473","21046452117.3759","22946583375.5506","25754011492.2204","26196660680.1176","25555082266.6429","30372637513.1352","31218047043.8386","35075440602.5202","37634551820.7367","41225787247.3309",
"Czechia","CZE","GDP (current US$)","NY.GDP.MKTP.CD","","","","","","","","","","","","","","","","","","","","","","","","","","","","","","","41016881802.4843","30071014282.3218","35051065440.3962","41155654032.1751","48188478339.4129","60572381311.2283","67804105329.8557","62539765163.1302","67187217327.7326","65586562604.8621","62175642238.0847","68135304463.9641","82607869609.574","100435924704.881","120147899983.657","137264185596.1","156236258386.589","190040702286.917","236506264753.95","206971882704.716","211168667286.27","231429378717.312","210363223087.728","213024360541.119","210911285077.683","189107698561.919","198160659303.939","221563575696.217","251992360762.236","256794209028.77","251109660602.536","290972714482.313","301831228325.556","345059295659.911","347082562221.377","391026962800.475",
"Germany","DEU","GDP (current US$)","NY.GDP.MKTP.CD","84619845881.2608","96558204043.1028","105895435234.343","112232503744.1","123330404665.086","134774688191.161","143304275683.979","145100667772.69","156527292653.157","177733486326.06","216629229947.096","250900942396.699","300899944795.436","399833571167.215","446934971657.471","492434094920.105","521658712132.981","602698323085.993","743182891918.208","884574218333.155","953772499462.019","803404797057.551","779421633755.138","773507930294.906","727767760978.627","735218723093.277","1050092624515.9","1302932318824.81","1406367016371.53","1404092925205.45","1778162195860.07","1875792575132.59","2141377582968.07","2078954217437.6","2215282632276.73","2593053091306.13","2506576553158.31","2218790886532.82","2247760364565.97","2213873468586.88","1966980701145.1","1966381496641.73","2102350798305.89","2534715518349.01","2852317768061.78","2893393187361.87","3046308753670.58","3484056680854.91","3808197720125","3478545516683.59","3467093769666.67","3823575803793.78","3596483233406.25","3807023797050.99","3964870735760.77","3425099578746.09","3536787895179","3765351626105.89","4055433215301.96","3959894794039.21","3941398957073.94","4355251953410.78","4201021706478.62","4562207532490.28","4685592577804.69","5050922925047.05",
"Djibouti","DJI","GDP (current US$)","NY.GDP.MKTP.CD","","","","","","","","","","","","","","","","","","","","","","","","","","340989527.967995","","373371738.286415","395794538.630775","409220087.102818","452328087.282876","462421998.525779","478058304.871118","466048469.22986","491689220.744875","497723960.589913","494004647.73437","502675542.001227","514267869.300758","536080148.097299","551230861.856505","572417440.820162","591122039.601398","622044665.515049","666072101.777505","708633194.726566","768873684.032838","847918929.107984","999105339.267729","1049110684.72493","1128611700.3618","1239144501.77525","1353632941.5207","2044440443.16654","2220637966.25047","2424391785.43897","2604955228.70117","2762581334.22612","2913464658.08768","3088851450.30694","3144136196.6228","3392796953.08939","3562814908.76149","3898447007.38798","4152145939.98458","4624533092.31886",
"Dominica","DMA","GDP (current US$)","NY.GDP.MKTP.CD","","","","","","","","","","","","","","","","","","45872947.4074074","57130215.5555556","55017758.8888889","72804653.3333333","82107391.1111111","89527576.6666667","98665191.4814815","109157070.740741","119491932.962963","135161958.518519","151868754.444444","171106184.074074","185137242.962963","201429629.62963","219762962.962963","234059259.259259","245525925.925926","264374074.074074","274522222.222222","292285185.185185","302988888.888889","322411111.111111","331759259.259259","333470370.37037","377462962.962963","375200000","373318518.518519","396711111.111111","391455555.555556","416674074.074074","444685185.185185","480003703.703704","515618518.518519","519859259.259259","532081481.481481","520355555.555556","545325925.925926","572255555.555555","583177777.777778","612711111.111111","563355555.555555","628244444.444444","644259259.259259","528944444.444444","562911111.111111","623062962.962963","659311111.111111","688881481.481481","723859259.259259",
"Denmark","DNK","GDP (current US$)","NY.GDP.MKTP.CD","6361166544.50349","7058361229.35415","7953274741.29303","8466044979.87996","9677401337.17309","10870670865.3211","11931740293.0378","13059064805.8774","13505574133.3333","15414902666.6667","17075457733.3333","19086192720.4664","23230667549.2496","30718181337.3006","34125712480.9267","40418967665.5877","44503607444.1687","49711709588.2196","60320089217.713","70393030602.547","70811287815.6106","61459941460.5385","60084214872.0657","60331158447.2389","58868891334.9941","62452421010.9094","87748695216.9077","109183446340.073","115540189705.118","112312200760.581","138217740684.484","139180507777.691","152966494259.538","143111306004.102","156017919221.457","184848481008.139","187481157845.724","173241365735.483","176877077513.133","177887720535.535","164043817223.59","164881594415.341","178788209558.311","218421193436.252","251986155630.852","265150087711.985","283386151543.687","320213157595.018","354979471960.142","322619152194.594","322345594075.47","344315595263.175","326792574244.963","344631016965.12","352832602064.452","301758922337.637","312181849372.233","331610593961.988","355293374912.393","345401473012.615","355631021931.621","406110162088.054","400114306337.077","404651706117.557","424524722037.047","462526660468.393",
"Dominican Republic","DOM","GDP (current US$)","NY.GDP.MKTP.CD","672399700","654100200","824100000","940799900","1025599900","888100000","983900000","1034800000","1079100000","1230500000","1485500000","1666500000","1987400000","2344800000","2925700000","3599200000","3951500000","4587100000","4734400000","5498800000","6761300000","7561300000","8267400000","9220600000","11594000000","5044579979.23285","6122128557.57243","5827050753.25937","5374299981.49698","6686593059.93691","7073675544.79021","9824483339.94518","11605382504","13081042400","14644734599.4778","16637370839.1608","18241622547.5908","20017450041.3075","21672215546.7642","22136579396.9218","24305780628.6677","25601823687.5742","27137440786.2562","21403167848.1444","22322387382.494","35777560683.9366","37879830084.2627","43965458508.5056","48091433554.186","48223781476.8909","53801053352.5005","57948261615.957","60561635555.6383","62555417414.582","67014329099.5549","70966782572.4386","75552902635.7075","79070274743.1658","84994732049.3461","89146130744.723","78546672406.8291","94850719516.7127","113478103598.499","120456239153.739","124282245638.568","127407463759.043",
"Algeria","DZA","GDP (current US$)","NY.GDP.MKTP.CD","2723615451.30098","2434747055.94018","2001444543.91885","2702982017.63803","2909316435.2874","3136284306.85469","3039859187.45164","3370870376.29682","3852147026.77302","4257253264.08834","4863526896.57407","5077183093.88968","6766743956.88889","8707858912.12481","13209871625.9044","15557902754.033","17728240932.3158","20972113684.9558","26364491313.4471","33243706859.6596","42345829079.2062","44348590460.9288","45207167470.3497","48801369800.3675","53698548293.0745","57937868670.1937","63692007897.3834","66745818375.493","59089396860.4342","55634721572.7343","62048507531.3357","45715676428.2766","48003133346.9957","49945584452.6506","42543176828.9237","41764291671.7711","46941554225.3581","48177612042.1507","48187781984.4881","48640671734.9711","54790398570.3282","59413400923.6364","61516103406.1688","73482264190.9245","91913680985.1708","107046618669.707","123084258693.01","142482739809.849","180383848331.135","150317292079.359","177785053939.531","218331946925.304","227143746075.934","229701430292.157","238942664192.59","187493855609.345","180763839522.151","189880896903.073","194554483655.528","193459662090.677","164873415325.201","186231205262.082","225581644702.568","247923887214.655","269322281664.773","287031225987.736",
"East Asia & Pacific (excluding high income)","EAP","GDP (current US$)","NY.GDP.MKTP.CD","80886065110.4852","71247395333.073","64989160572.5448","70288432260.5342","81184317665.9229","94594887799.9548","103483052014.092","100474855679.916","101580829248.914","114217981695.758","127182556289.611","136580265754.987","155518448869.276","195616567916.784","221665588687.632","248772601176.036","252942981187.157","291532735013.151","282919061354.682","327589016955.703","377947161288.534","403551450432.948","423850572150.819","443839881509.845","480915094642.189","526600751089.371","525182739596.105","519033465046.499","576126858481.928","622836056673.594","667410241508.278","724654932688.966","812994672964.462","892446273872.149","1074481772219.03","1325739943459.39","1523108085149.4","1576765689262.96","1441284604893.38","1587766769234.25","1748618348962.32","1862932027333.99","2063860728512.8","2337899791169.99","2712364424547.48","3140095880510.48","3783277937264.24","4787055911779.71","6062020651659.77","6581355241401.19","8008612939930.06","9774260422789.83","10905339110889","12047618706549.4","13004796624150.5","13549001701885.3","13844229287201","15115746338831.4","16902232225491.5","17503400404142.2","17805087162972.8","21231427856677.9","21564016559632.4","21645526054900.4","22248728139844.3","23247334500847.4",
"Early-demographic dividend","EAR","GDP (current US$)","NY.GDP.MKTP.CD","144719795637.653","157590921642.378","159434094510.767","175991850384.884","201819937881.147","218948881610.417","216874988054.339","228979570158.739","249632006937.28","278942194997.876","296897448737.123","319662223179.562","352703902764.195","451322676037.209","632667371728.021","677316256674.159","739989937616.362","827420497969.45","944714897497.551","1111822380172.63","1382486344412.13","1531893514764.8","1460522040539.09","1473986399727.79","1494693999686.45","1490465946638.07","1498012882153.23","1521885356881.62","1606542317977.04","1634222837827.41","1915395300809.75","2032060802129.33","2207917972523.96","2381903872502.73","2502051602237.2","2616760247005.8","2836276821587.56","3029896330909.83","2921202598159.09","3090767584477.85","3378193447814.03","3351551499259.02","3255788416655.75","3622383752487.14","4209610787468.93","4897661936723.59","5600150744578.7","6630769690203.11","7464456008410.04","7181684474649.47","8728192674219.64","9842609213387.36","10284904242407","10342396461018.3","10547017467024.3","10141599371579.2","10435095271533.5","11321429912094.9","11470147555427.1","11681340567084.1","10818113835119.8","12689608907980","13943279396110.6","14791485754640","15648921855175.6","16406032169247.4",
"East Asia & Pacific","EAS","GDP (current US$)","NY.GDP.MKTP.CD","158296420585.794","159741997377.877","163635039643.099","182666162813.465","209760290864.328","233479553214.308","261332128783.027","284213294173.736","314219806361.196","362399835992.436","417484579719.919","464027727165.348","577335031209.605","761298870250.087","878021252636.729","960826963671.602","1057205127539.79","1260370808740.16","1594313779407.05","1730669890496.92","1871494770533.76","2061492105750.74","2018221649482.94","2149034903267.78","2298766188393.25","2424870445070.7","3174176127549.03","3729058262723.41","4483574799155.79","4666580282373.62","4870448081100.07","5504103130127.46","6016741720049.82","6732486122257.93","7530779339791.84","8528716916020.78","8228628055250.14","7860107080825.3","7007987267442.95","7826875274857.83","8486535433030.27","7890593533286.75","8019320137887.65","8807340167908.37","9868085960844.77","10526916106059.6","11166176306011.2","12482468447983.2","14397041627177.2","14811619687570.6","17291859920837.7","20025003264159.5","21443742650233.5","21719346361874.9","22461065423931.7","22388696608294","23197528991928","24764692848732.2","26967805751611.4","27555988315218.6","27716337916114.1","31866900585287.8","31457553986143.5","31597454903562.8","32200466782431.1","33656980597208.2",
"Europe & Central Asia (excluding high income)","ECA","GDP (current US$)","NY.GDP.MKTP.CD","","","","","","","","","","","","","","","","","","","","","","","","","","","","235136779236.371","260718580043.155","296016947774.013","354162047861.415","341091427145.219","328456061561.192","339240955303.574","265720716949.43","373850853754.823","395418991591.802","420620916289.984","421392804209.247","384494001094.165","391265288460.481","335654261833.442","390539574547.918","498100392298.148","641354851059.115","798910158032.869","929653913665.92","1171564532812.61","1402469464526.39","1169850373591.65","1390857073642.43","1581470670923.71","1666784947849","1818186938934.41","1745687745481.27","1521842301869.27","1459048873589.79","1497595120805.31","1465381526737.36","1500446538705.77","1435629650684.1","1670530886782.34","1819829713206.56","2141252006536.72","2454291731125.3","2815874458069.5",
"Europe & Central Asia","ECS","GDP (current US$)","NY.GDP.MKTP.CD","427012867184.98","469910931287.839","513831394246.829","561840533010.213","620967198050.601","677158759486.558","732297506201.64","777959544340.295","819410564665.884","908714511697.08","1021640782647.78","1153027555074.93","1382497493276.59","1758690486416.66","1987558367680.67","2321569349630.87","2413508636524.91","2730344902930.24","3347402769269.21","4081215329294.55","4613183973236.76","4109346740273.79","3961154338754.85","3841689159894.35","3692480049545.32","3821268377073.22","5212131769252.59","6437822161188.42","7168510979472.64","7263606602350.32","8878726012343.54","9138089898100.33","9788468740273.42","8995636772541.42","9408153883833.36","10940729460750.2","11168606418195.9","10603796378822.8","10797712209603.4","10686389670550.3","10078047371487","10182615561468.2","11150184165050.7","13558532492379.2","15806093490340.9","16828963477327.4","18232780756499.3","21312176373245.5","23464214449944","20665617638433.4","21144686639874.4","23462080654159.3","22592146410958.5","23610195160751","23959718523184.4","20639397476661.5","20560352355734.8","21814876277943.7","23360537744962.4","23089828216899.5","22340802078287.1","25606138714522.2","25850174701132.2","27758730809930.4","29371366035247","32268612230366.9",
"Ecuador","ECU","GDP (current US$)","NY.GDP.MKTP.CD","2069464937.19791","1753850955.05808","1518207703.48997","1824343870.71407","2244146102.98333","2387047395.70254","2429308638.838","2553595172.08743","2582179864.15493","3112165727.38342","2862503139.00358","2754219271.03082","3185986087.33583","3891754150.23796","6599257044.12414","7731674472.07212","9091921030.17345","11026342618.1141","11922497876.4828","14175160902.0721","17881508242.4481","21810759353.7304","19929846396.4239","17152477036.5005","16912509091.855","17149088413.35","15314138472.3282","13945426859.4657","13051881851.4068","13890823704.5545","15239272611.5809","16988535267.6338","18094238119.0595","18938717358.6793","22708673336.6683","24432884442.2211","25226393196.5983","28162053026.5133","27981896948.4742","19645272636.3182","17539454727.3637","23127055000","27054197000","30965208000","35194947000","40278849000","45690762000","49848725000","61139438000","60094978000","68151329000","78986648000","87735048000","96570334000","102717794000","97209558000","97671433000","104467486000","107478961000","107595830000","95865473000","107179074000","116133121000","120792801000","123802374000","130320560400",
"Egypt, Arab Rep.","EGY","GDP (current US$)","NY.GDP.MKTP.CD","4206270352.22633","4494575611.21289","4035462027.39753","4187146231.56839","4709245761.67881","4948667540.41066","5278005611.91453","5605484298.98275","5932242990.65421","6524455205.81114","8042200452.1477","8609283346.08518","9299638055.84281","10098534613.4411","9228963224.60004","11632178868.9171","13315988083.4161","14400806875.9867","14811704063.0685","18020571428.5714","21669908176.3889","22136081081.0811","27655172413.7931","30966239813.7369","33971188991.6147","39053502251.0732","41253507951.3564","40455616653.5742","34980124929.0176","39756299049.9793","42978914311.3504","37387836490.5284","41855986519.4235","46578631452.581","51897983392.6453","60159245060.4541","67629716981.1321","78436578171.0914","84828807556.0803","90710704806.8416","99838543960.0763","96684636118.5984","85146067415.7303","80288461538.4615","78782467532.4675","89660339660.3397","107426086956.522","130437828371.278","162818181818.182","189147005444.646","218983666061.706","235989672977.625","279116666666.667","288434108527.132","305595408895.265","329366576819.407","332441717791.411","248362771739.13","262588632526.73","318678815489.749","383817841547.099","424671765455.704","476747720364.742","395926071447.591","389059910593.1","365254630179.737",
"Euro area","EMU","GDP (current US$)","NY.GDP.MKTP.CD","253502941189.489","282176307654.421","312014889822.015","343339367884.956","380427631668.91","415866726707.764","449862539143.705","477982513760.273","513809275690.633","574002667853.304","650336369995.602","737137989531.407","890246121562.843","1155521149331.86","1310383749159.08","1519064173720.62","1584986620972.09","1803531894862.57","2208297375004.2","2675304303845.26","2995971275466.91","2605797790070.84","2522699760354.73","2458897623863.07","2360301430447.23","2424375881543.55","3400064928901","4209104459051.05","4621258135477.36","4718253841956.65","5930533130402.98","6132817301223.23","6756330192255.26","6188568278738.88","6536616886781.35","7553162009471.07","7635464160643.11","6983168724241.48","7182324521394.46","7152815111745.68","6533285976076.88","6636734730022.05","7247791094758.98","8929519218443.93","10242911187425.1","10627971366602","11309041991993.2","13035176682196.7","14346208350010.2","13135138604358.3","12835436183865.7","13866247656132.3","12839246579840.9","13413105856914.7","13739142693292.4","11880603228444.5","12177215800581.1","12901130483442.4","13937879176171.9","13658286442179.9","13338044901392.1","15008955622791.4","14578675912327.5","15957338405375.8","16601464538082.4","18010000307247",
"Eritrea","ERI","GDP (current US$)","NY.GDP.MKTP.CD","","","","","","","","","","","","","","","","","","","","","","","","","","","","","","","","","477101651.648376","467872714.755603","531688311.688312","578015625","693535954.190067","686490090.140141","745523116.900052","688918537.115555","706370815.584416","752371688.743186","729321680.154324","870248267.550163","1109054005.43971","1098424685.66169","1211161879.6748","1317974491.05691","1380188800","1856695551.21951","1589515447.15447","2065001626.01626","","","","","","","","","","","","","","",
"Spain","ESP","GDP (current US$)","NY.GDP.MKTP.CD","12424514013.7604","14238126759.7335","16609632790.5843","19631714759.6491","21966876027.2517","25479619606.5284","29559436182.9186","32570905397.2885","32394326463.759","37090689287.8552","40963715236.5106","46586119760.479","59090176028.993","78583355225.5854","97204522642.0536","114695060869.565","118422534195.474","132354665936.473","160484969618.056","214448666336.143","232600556973.776","202663023968.283","195856752991.065","170829074245.94","171979977230.387","180664322896.282","251141555185.933","318520253335.13","375891716897.586","414460794096.978","536175326477.31","576753902321.857","630465353486.104","524700572623.872","530183651720.283","614170002668.802","642251412058.321","589739772727.273","618731484575.12","634394904386.874","598102854756.08","627798682378.741","708938227243.923","907963217057.645","1069829382514.67","1154667551775.88","1261846683275.29","1476746276854.51","1636115447612.5","1496587590847.66","1427989078916.67","1487568659241.25","1330994811670.31","1362186923157.65","1380244561361.96","1206164777553.12","1243015667917.12","1321754088818.83","1431642809327.06","1403496387686.27","1289783836971.21","1461244901852.69","1448850658406.62","1619481980719.64","1725671652742.19","1906453309985.88",
"Estonia","EST","GDP (current US$)","NY.GDP.MKTP.CD","","","","","","","","","","","","","","","","","","","","","","","","","","","","","","","","","","4013091682.2914","4123011419.74174","4502970889.06373","4786018988.16491","5154420649.23354","5674080542.88575","5756912265.75809","5686579747.53524","6250218422.70164","7370119619.4782","9876595528.45528","12148595031.0559","14109491356.7964","17025671810.3124","22450264166.4385","24342935403.5447","19633984440.1223","19524355419.038","23303915794.7569","23237406116.3988","25451032780.7573","27055689003.0038","23311847750.9394","24561027787.7896","27469461919.1189","31222632740.7247","31873748770.0313","31820771493.8974","37201101170.5847","38226641740.29","41470344395.1086","43130419829.35","47030833798.5866",
"Ethiopia","ETH","GDP (current US$)","NY.GDP.MKTP.CD","1610511693.84215","1680859514.1016","1747566307.0997","1825058827.83853","1984129185.6","2159998591.2","2324466416","2461762002.8","2619948864.8","2768987372","3045354454.8","3224280834.97092","3520252938.26087","4070570549.8642","4577209966.18358","4577047854.10628","4943806093.23672","5651840584.54106","6014961434.78261","6586048398.06763","7012585454.10628","7507663566.66667","7899988840.57971","8781664427.05314","8298309580.67633","9717392686.95652","10094328898.0676","10790001557.971","11181119717.8744","11762932007.2464","12478943895.1691","13799799323.6715","10754799036.5745","9051043870.12197","7100806753.92942","7855205206.93405","8761215548.48614","8803539988.33248","8013274131.69715","7892973531.80045","8242349617.8638","8231326016.47494","7850809498.16803","8623691300.04079","10131187261.4421","12401139453.9738","15280861834.6024","19707616772.7996","27066912635.2228","32437389116.038","29933790334.3418","31952763089.33","43310721414.0829","47648276605.0123","55612228233.5179","62103418181.8182","68475871209.607","76366081766.6667","83337901071.9697","91834517113.6386","98676811061.9985","109070960370.972","123140304665.399","135874093203.18","149740297952.375","126358758448.356",
"European Union","EUU","GDP (current US$)","NY.GDP.MKTP.CD","285352082350.638","317180166580.278","350488733659.737","385017342398.389","427074637457.763","467340971796.324","505884660005.592","538565381543.373","577943413517.359","644943176852.634","729448866507.282","824576913808.925","994506318098.609","1286664466276.8","1456588132159.46","1695883390617.53","1776294732761.4","2012435309648.92","2450951586250.89","2962167536360.9","3313726302275.61","2892093759009.4","2790132325363.01","2713009177266.64","2614138743953.14","2688873056487.41","3755682223993.79","4642924954619.25","5097809505881.36","5205969934446.26","6509962315038.71","6725128658501.09","7386533474604.1","6748064931035.35","7153669602083.88","8292479629104.28","8427282888819.22","7730067215825.26","7963038897258","7926425566614.07","7279892216791.94","7398267811404.69","8089955515956.84","9944006859363.36","11434848361291.9","11940626626680.2","12754718274523.8","14779905573599.5","16360464416206","14844850799682.2","14641776061063.4","15874716537128.7","14731878294328.4","15398511081475.3","15763599531004.8","13656255577702.6","13988150566298.6","14871316217995.7","16092407006604.4","15809077129406.2","15504058553907.7","17495257191725.6","17023620598906.4","18659279022583.3","19501078750999.4","21243212570163.3",
"Finland","FIN","GDP (current US$)","NY.GDP.MKTP.CD","5279481824.12983","5984433774.41601","6407796042.70357","6958916548.12933","7848987792.54261","8680393838.88018","9306142171.60056","9468272357.09549","8916565040.54632","10177524838.9004","11358529161.9479","12528522307.4737","14744499569.8308","19474098335.1486","24851036710.2568","29475251333.4411","31852352669.6415","33502784417.884","36259392057.7617","44469218439.9328","53649984061.205","52440066133.9212","52784013815.2214","50956447480.7857","52870993272.6553","55856676899.4628","73511611541.1682","91564993913.1611","109039090262.971","118991270611.057","141446120354.533","127794441993.824","112537828510.751","89112105756.2194","103182697780.307","134060457516.34","131991975148.848","126862902302.142","133990876724.522","135234241918.147","125967821110.589","129519672868.898","140360963811.765","171612867735.686","197458297639.769","204859368790.661","217044068234.117","256360251537.648","285698662071.094","253480783439.453","249429613683.334","275126915515.565","257443384492.969","270268036626.275","273478528954.901","233210733506.25","238777818792.608","253846138440","273869255596.078","267014821129.411","270000311606.226","294223210496.119","280253099309.34","295191741637.26","298729432711.719","317039368819.607",
"Fiji","FJI","GDP (current US$)","NY.GDP.MKTP.CD","112328422.113084","116987784.913739","122906434.957814","129454728.623599","140032741.468329","147084750.031482","150603925.515853","162625885.863484","166952937.135005","182182067.703568","219878482.173564","247749327.721267","316656648.698957","425950487.519894","558587097.382833","684282434.361095","694540806.380644","719501765.783049","829267889.429373","1019691460.17376","1202618816.20852","1235626770.50924","1194059943.22478","1123085190.06509","1178000677.99929","1141168943.97661","1290267339.65006","1177947965.12142","1110009522.75743","1182660265.76635","1337017559.49728","1383883249.591","1532411039.05479","1636101246.9394","1825732092.54674","1970301486.20561","2128696643.62574","2090221137.02876","1653146716.58235","1936459986.03795","1678219507.89829","1652462023.46215","1833279985.36741","2300492465.32276","2708078476.63012","2980403844.72096","3076305452.86506","3378314599.76402","3523185919.55826","2870624635.68032","3140166712.79624","3779411899.37483","3972028104.47328","4189967998.51424","4857104768.86844","4682479893.97558","4930213644.36653","5353469174.47838","5581425327.44397","5344907153.46698","4227719873.3865","4158873156.17978","4977861885.60316","5476673518.13788","5968125909.27126","6198013062.06553",
"France","FRA","GDP (current US$)","NY.GDP.MKTP.CD","61959085885.3427","67158050215.0488","75196980365.0325","84227606649.8725","93424179943.3453","100927668584.29","109306730313.216","118088635380.954","128710572572.436","140660914840.59","147312861698.358","164694210962.472","201738881664.499","261970536240.424","282739225313.693","357324307786.446","368363152144.223","406401711687.617","501724418604.651","608218624730.188","694529183483.39","609184791792.396","578152310609.841","553356312935.709","525033325827.516","547220981165.134","764946585850.933","926320855614.973","1010827662151.75","1016742237302.08","1257649439826.53","1258961748633.88","1389663073110.28","1314383368079.69","1385822778827.98","1595219345511.89","1598889216566.23","1449392222971.45","1496906382032.47","1486915879701.93","1360959069477.49","1370376677298.86","1492427756382.43","1835095983049.09","2109792297237.03","2192146403028.17","2317861544690.82","2655816911866.56","2926802941585.86","2700075882518.98","2646230027988.34","2870408553990.28","2683007095787.23","2816077607875.26","2861236112552.42","2442483452642.5","2470407619777.13","2588868323334.71","2781576320884.39","2722793515171.76","2647926055110.05","2966433692008.09","2794788137066.94","3056250648138.29","3160442622465.08","3366315927447.33",
"Faroe Islands","FRO","GDP (current US$)","NY.GDP.MKTP.CD","","","","","","57954522.4217259","64397131.0846457","66225403.5588069","65186666.6666667","70106666.6666667","84933333.3333333","99219082.8537991","119335897.815202","161236465.823622","196771070.895339","227404436.013679","270470345.449357","347798304.635267","397833034.884512","448568492.658561","493014300.005217","456244919.010912","444047495.320099","486605127.702681","426008864.692169","459307281.195335","688914288.878298","886508622.334316","968576956.930265","871935350.384909","960805408.949872","909253214.82608","912670413.325883","760957189.757646","758739178.612171","901404709.830684","989536914.659081","933763083.395627","1104744235.30111","1127684827.35686","1067109530.64798","1160268212.07291","1275093689.27107","1501941580.88903","1724770770.83393","1759739599.22694","2017680834.89917","2339015313.29513","2489873249.62815","2296065170.05552","2331796784.36009","2505740669.27039","2427200388.91831","2690110520.92548","2914012679.27277","2573905971.05459","2813278868.78208","2980057377.87967","3188600927.46688","3266432734.22819","3271813311.5831","3699551717.10561","3615241800.50058","3943131022.2291","4052937169.76536","",
"Micronesia, Fed. Sts.","FSM","GDP (current US$)","NY.GDP.MKTP.CD","","","","","","","","","","","19885926","21783158","25100928","34821467","46095175","46119184","46813193","47305560","53656834","60270778","64186644","76472529","80055706","84110353","84676118","101931941","112210000","116700000","124700000","135200000","147200000","166200000","178100000","198400000","202500000","219930000","216546000","204397200","216520600","217198900","229616800","236387700","237654300","240949900","235538100","247000000","250000000","253000000","261000000","277000000","292000000","308000000","324000000","314000000","316000000","312000000","327000000","361000000","394000000","395000000","372902700","391601900","415232900","442975600","481121300","501797600",
"Gabon","GAB","GDP (current US$)","NY.GDP.MKTP.CD","141468977.799846","167637907.122782","182796536.266025","154480244.055222","215679855.342091","226474285.779063","245849781.273234","271543680.048895","294468564.245272","318124701.478771","323802475.512425","381687072.622379","430508358.514204","722780701.295854","1544216001.66059","2157592940.04234","3009409974.26856","2809349069.22118","2389479271.66616","3030251120.09759","4279637942.25144","3862269120.53497","3618007841.13503","3391275731.53751","3561451560.50783","3339914757.22872","3403638189.20049","3281797043.04996","3834503376.02992","4186411463.85975","5952293764.84777","5402919784.57004","5592390827.39854","4378645081.01769","4190819344.22255","4958845648.04778","5694040002.89863","5326817114.53586","4483417309.83011","4662992036.2073","5080483628.53013","5023265413.2623","5335451099.88223","6511903365.47554","7770219008.21293","9582783990.85345","10327598306.4575","12455409587.3371","15571348344.3379","12113699068.2517","14372593020.2885","18210307743.5816","17170464016.0593","17595744798.3398","18203966895.8433","14383107762.6952","14023890265.3665","14929487485.1623","16867326401.9626","16874405465.391","15342236163.9943","19444935097.2333","20440655695.229","19388372070.9778","20895684425.6752","21427119323.2764",
"United Kingdom","GBR","GDP (current US$)","NY.GDP.MKTP.CD","73233967692.1028","77741965703.3544","81247564156.8246","86561961812.3249","94407558351.1616","101824755078.991","108572752102.045","113116888210.787","107759910067.889","116464702803.218","130671946244.3","148113896325.14","169965034965.035","192537971582.558","206131369798.971","241756637168.142","232614555256.065","263066457352.172","335883029721.956","438994070309.191","564947710899.373","540765675241.158","515048916841.37","489618008185.539","461487097632.349","489285164271.047","601452653180.885","745162608269.325","910122732123.799","926884816753.927","1093169389204.55","1142797178130.51","1179659529659.53","1061388722255.55","1140489745944.29","1349094208616.06","1425287051482.06","1569317288801.57","1660821464060.95","1693458987218.9","1671597821152.97","1656171009068.66","1790536570743.41","2061227755102.04","2429774807762.72","2551361818181.82","2719558417663.29","3104699879951.98","2945251838235.29","2429358155475.93","2496740681057.14","2675590034128.66","2719715961539.83","2796908333283.39","3085362169410.29","2945579890258.46","2706807606538.73","2699118387873.1","2897028009916.05","2875710080015.3","2724001478304.59","3194559188925.93","3181244350465.41","3420796653789.08","3695539513534.15","4002587541846.01",
"Georgia","GEO","GDP (current US$)","NY.GDP.MKTP.CD","","","","","","","","","","","","","","","","","","","","","","","","","","","","7321981333.6772","8833588173.40023","8902632715.25406","7735927263.59261","6324503311.25828","3690328963.64086","2701181331.30816","2513867645.13316","2693732611.81599","3094936177.1918","3510520231.21387","3613497316.55319","2800025882.71672","3057475335.18846","3219462262.0075","3395766677.67315","3991377904.13162","5125365191.98664","6410912049.87105","7745250733.95067","10172931088.5655","12795145130.9103","10766920065.8251","12426907967.1578","15475290469.2869","16894392033.2256","17517660143.6859","17966015109.3043","15223796148.8396","15444548901.9637","16473125375.0684","17902544880.6471","17638337116.9126","16010869215.68","18853115588.8106","24984568959.605","30777833600.6515","34189423333.141","38143612855.1367",
"Ghana","GHA","GDP (current US$)","NY.GDP.MKTP.CD","1217230094.97205","1302674324.88378","1382515654.47343","1540797588.57221","1731296199.52296","2053462968.0426","2126300672.22965","1747187644.9031","1666909517.65205","1962050555.7775","2215028588.45646","2417108577.52739","2112293279.98507","3006766758.43977","2894409937.8882","2810106382.97872","2765254237.28814","3189428571.42857","3662478184.99127","4020227920.22792","4445228215.76763","4222441860.46512","4035994397.7591","4057275132.27513","4412279843.44423","4504306722.68908","5735677433.82683","5074829931.97279","5197765031.64557","5251858439.874","5889106573.46088","6603185267.79643","6416103925.83267","5968922939.37198","5446383726.77047","6464382807.67884","6932991739.37767","6891443192.24985","7482069162.42008","7718109982.26093","4982850662.20851","5314872854.4405","6166197847.85031","7632723555.66221","8881417906.71432","10744568381.4456","20885037596.6963","24827339138.4906","28679383241.0729","26048720005.5233","32197655566.5347","39336668080.559","41271701060.954","62845721959.827","54678533805.9064","49436806230.4839","56144179397.8516","60385409434.8567","67259353965.6087","68352629246.1555","70008243859.8666","79514204730.3979","73919003212.1998","80547146875.9526","83288585604.0268","114209905278.717",
"Gibraltar","GIB","GDP (current US$)","NY.GDP.MKTP.CD","","","","","","","","","","","","","","","","","","","","","","","","","","","","","","","","","","","","","","","","","","","","","","","","","","","","","","","","","","","","","","","","","","",
"Guinea","GIN","GDP (current US$)","NY.GDP.MKTP.CD","","","","","","","","","","","3220224607.81851","3594302908.06164","4203069035.01427","5152080387.55572","5691417541.33871","6102769605.43001","6762781870.6211","6914381290.57116","8087305999.0597","8877094497.44971","9746524915.08071","9646440666.52864","11926032493.4301","15129893722.3449","18421497251.1767","22787644565.9059","2909130355.238","2976714019.06852","3476480303.12273","3546079262.94987","3888320665.52218","4396178694.1535","4789220416.70641","4781166116.51789","4932800406.92974","5385704166.43341","5641243099.76661","5516916163.0949","5232118046.3713","5046806782.54761","4367458866.71537","4125527603.22908","4301608752.51396","5025167975.26363","5300767960.51572","4282468636.90501","4220019845.26341","6281918226.34408","6964179983.17212","6716905339.73136","6853467145.53089","6785137203.33153","7638044556.84656","8376613539.28278","8778473372.82124","8794201742.84609","8595955222.49719","10324668271.1362","11857030366.7891","13442861496.4454","14088693742.9464","17069115737.8259","19910452541.9219","22407615556.0571","25008678293.4073","28346024753.2924",
"Gambia, The","GMB","GDP (current US$)","NY.GDP.MKTP.CD","","","","","","","44212081.3502297","46695006.9579374","41160065.8561054","45168072.2689156","52296083.6737339","55728663.222684","59160569.4804413","75187749.0961317","95796021.6888272","115179719.077633","112190829.470457","138093099.09774","171833086.019624","207112627.726094","241083090.303623","218767743.459101","216050552.301584","213448584.936945","177340880.086204","225726358.890914","185646986.824927","220626484.224811","266672211.934161","284120329.401023","317083695.477797","690311080.515018","714254256.122189","755040974.087322","746493951.900959","785999864.840299","848239446.21576","803633342.473706","840285264.631545","814724032.065735","782913871.80966","687410645.063943","578235309.327198","487038685.045496","961900651.423441","1027701067.55688","1054112487.74083","1279703047.0221","1561766955.73024","1450142508.57808","1543294926.87301","1409693596.93594","1415004738.26621","1375609453.43746","1229461721.40861","1378176608.93204","1484578885.97132","1504909462.69521","1670671327.81651","1813609692.49994","1812170891.19069","2014158842.14596","2204734527.88096","2382262185.38179","2404888737.54853","2593673987.53306",
"Guinea-Bissau","GNB","GDP (current US$)","NY.GDP.MKTP.CD","","","","","","","","","","","204670550.76064","204167296.856603","227986203.29754","232331281.355932","256769730.263158","283311996.82299","292152321.493146","298871674.860041","318876550.432277","308143183.311819","287648258.258297","402230865.151515","430284021.883771","425225176.812165","359980490.728569","373959151.148591","338524232.567315","451893374.95907","427514321.528126","554072302.828333","634187269.235013","668470890.785147","588309271.28603","615779518.807114","612502084.797565","660195402.013602","702965147.568054","698107222.422492","591034143.426384","579365780.135134","391345597.488269","412610871.509121","466773711.235579","553614800.145707","582169841.298304","639776040.688424","634781901.251494","753162998.015113","952667544.037289","890167833.369849","940112538.936436","1157074319.19388","1049412177.11413","1109682824.13594","1135250721.0374","1152384166.79638","1245074264.10396","1469978606.12143","1554133593.91699","1596214680.12925","1705062169.81422","1907611288.23036","1856239954.81555","2076748678.11987","2197777209.94218","2527930272.92988",
"Equatorial Guinea","GNQ","GDP (current US$)","NY.GDP.MKTP.CD","","","37253333.3333333","44266666.6666667","51915000","64748333.3333333","69110000","72317446.9327193","67514285.7142857","67225714.2857143","66331428.5714286","64946954.756798","65429198.238708","81203226.9138345","94159862.7073691","104295643.388437","103653049.93797","103987520.075827","","","50642880.7737503","36731422.8456914","44294647.733479","44442456.94764","50320914.4065688","62118569.9654481","76407395.8727542","93345859.52973","100534656.881732","88265974.861049","112119411.489965","110906028.536862","134707183.84662","136047906.245408","100807002.540195","141853360.867855","232463022.802961","442337870.69437","370687634.425712","621117885.668503","1045998496.43872","1461139022.02954","1806742742.27311","2484745935.09329","4410764338.66733","8217369092.65224","10086528698.8604","13071718758.7373","19749893536.3204","15027795173.2187","16314443436.2903","21357343668.9447","22388344143.9131","21948834283.7856","21765453081.9826","13185496881.0174","11240808847.8878","12200913878.9827","13097012133.6159","11364133549.7478","9893816007.7398","12215878032.7166","13687643435.6249","12541814272.8021","13254388261.1258","12823210425.9217",
"Greece","GRC","GDP (current US$)","NY.GDP.MKTP.CD","4274890306.82895","4892397431.33292","5140542929.42067","5813285626.64404","6576906345.11518","7582209670.27425","8472021466.86847","9146592855.683","9950331205.83108","11454106327.0756","12957113636.3636","14388806818.1818","16650659090.9091","22037019562.7158","24998715909.0909","28129128586.61","30719552238.806","35673080481.0361","43654480519.4805","53724121435.1426","56039256594.7242","51618456334.5633","53858346938.7755","48741397058.8235","47352146311.971","47155741426.1041","55595445472.2493","64739630095.6215","75200610136.9205","78067933277.3815","96529587274.2906","103680863712.844","114608178405.434","107295704518.43","114980063202.247","134974613913.811","142502984144.96","138766067640.085","139612812175.718","137131371955.307","125760166224.805","132050474720.03","150253800085.865","196930509813.384","234979615898.225","242315668619.405","269073415333.676","314226996944.108","351121399546.485","326829054686.306","296417644404.034","283228079776.041","238841140018.233","236556279640.705","233911581521.062","194567373678.099","193097239005.87","200381103984.298","213298873494.394","207305649887.019","191362985554.861","218303801895.326","217990189600.69","242946187738.269","256238371778.118","280635521324.441",
"Grenada","GRD","GDP (current US$)","NY.GDP.MKTP.CD","","","","","","","","","","","","","","","","","","71494495.1851852","88322386.2962963","102244362.222222","110900457.037037","115651918.888889","125435590","131803552.222222","145533310.740741","167728455.185185","187589522.592593","215009569.62963","236357523.703704","267327642.222222","278098762.962963","300757888.888889","310160444.444444","309812185.185185","325111814.814815","342172518.518519","366911444.444444","392190592.592593","445903592.592593","482009370.37037","520044370.37037","520444185.185185","540336925.925926","591018407.407407","599118592.592593","695555555.555555","698700666.666667","758683592.592593","825976037.037037","771275555.555555","771014814.814815","778655555.555555","799881481.481481","842618518.518518","911496296.296296","997007407.407407","1061640740.74074","1125685185.18519","1166514814.81481","1213485185.18519","1043411111.11111","1122222222.22222","1224007407.40741","1336418518.51852","1351270370.37037","1420173228.56948",
"Greenland","GRL","GDP (current US$)","NY.GDP.MKTP.CD","","","","","","","","","","","69520026.6666667","88466738.2497268","106101297.801272","140153748.243656","169918948.629182","211190630.329609","240779417.7857","282269749.160113","355987433.41569","420645821.540488","476051740.773769","435748993.418421","402403041.029269","416184071.019417","379371901.490374","412876382.829174","603016292.686978","787390408.953269","898607670.624413","929799902.191124","1018977280.32928","1016500069.25708","1037916162.54976","927214151.76793","1005887539.32049","1208953287.06598","1197515569.08202","1072154433.84538","1149858069.75766","1131555107.04907","1068025016.00862","1086170703.9816","1169136716.03557","1558759823.08169","1822499769.23938","1849802648.36391","2013106929.50031","2249811295.6608","2499092314.41875","2529963903.22685","2503167187.49305","2684461375.46585","2609678486.36749","2684946990.12448","2842065708.35962","2499113022.81675","2707139544.46695","2851613679.03433","3055782146.15957","2997309971.87623","3089625554.40473","3293578467.57327","3152334771.77992","3326543974.39193","","",
"Guatemala","GTM","GDP (current US$)","NY.GDP.MKTP.CD","1043599900","1076699900","1143600000","1262800000","1299099900","1331399900","1390700000","1453500000","1610500000","1715399900","1904000000","1984800000","2101300000","2569200100","3161499900","3645900000","4365300200","5480500200","6070600200","6902600200","7878700000","8607500300","8716999700","9050000400","9470000100","9721652086.95652","7231963515.98174","7084399840","7841602824.42748","8410724360.79545","7650196845.21546","9406135143.41165","10440781587.5435","11400017301.4587","12983233310.7467","14655404433.2771","15674835615.3139","17790026221.6139","19395491992.9939","18318412251.3642","19288929030.0508","18405220247.4412","20444205991.025","21576351798.9145","23577298094.6571","26783389293.922","29744246827.1839","33567850824.1039","38503720224.3166","37126148264.6383","40676578423.4871","46876006272.2387","49593929487.1263","52996420177.4409","57852159007.6243","62186066547.6566","66053408205.8838","71653780740.4226","73328356007.6152","77172331693.4093","77719468248.3666","86455522272.7383","95609727055.5754","104298081428.769","113215575150.885","123306008821.471",
"Guam","GUM","GDP (current US$)","NY.GDP.MKTP.CD","","","","","","","","","","","","","","","","","","","","","","","","","","","","","","","","","","","","","","","","","","","3394000000","3569000000","3869000000","4213000000","4238000000","4397000000","4658000000","4828000000","4949000000","4984000000","5265000000","5399000000","5610000000","5799000000","5901000000","6013000000","6051000000","6355000000","5916000000","6234000000","6910000000","","","",
"Guyana","GUY","GDP (current US$)","NY.GDP.MKTP.CD","170216241.126064","185849535.376162","194949512.626218","175757893.938598","194774513.063717","213235294.117647","228705882.352941","250176470.588235","229750000","249300000","267800000","282050000","285380952.380952","307047619.047619","433954545.454545","494791666.666667","454440000","449880000","507080000","530440000","603200000","570357107.142857","482000000","489333333.333333","437631605.263158","453488372.093023","504651139.534884","354591846.938775","413799990","379779389.705882","396582263.291139","348533094.812165","373573141.486811","454101382.488479","545278380.33261","621626785.915493","705406001.424501","749138009.56454","717530683.169567","694754988.258295","712667896.727512","712167450.162898","726131434.715338","743063950.317749","787814379.183843","824880550.343965","2379817990.6918","2730971595.39574","3025187433.33637","3165663152.73351","3432912516.92427","3691384317.52178","4063088535.76331","4167800928.83553","4127660151.8087","4279840193.7046","4482697336.56174","4748174334.14044","4787636997.85343","5173760191.84652","5471256594.72422","8041362110.31175","14718388489.2086","16918503597.1223","24662714628.2974","27097477218.2254",
"High income","HIC","GDP (current US$)","NY.GDP.MKTP.CD","1094657189585.16","1167695903712.69","1262799495766.56","1358361397794.34","1484796018242.56","1613932394242.79","1766183958493.14","1887025550823.16","2047127607755.23","2256623384223.31","2477578779797.02","2752726642785.6","3198348356618.41","3881002302275.01","4389268376897.92","4897055272006.95","5333825487161.74","6039607406670.44","7253869868401.42","8381490069234.17","9355362025070.76","9499244851320.41","9403911575322.91","9716550701230.16","10130161302689.1","10630484274610.9","12920589410728.9","14983743728467.7","16869194658968","17566085159647.2","19667490187457.3","20754390160176.7","22226176245107.4","22395792091846.1","23957531730599.6","26567418298132.5","26785161174425.9","26340216405261.3","26260273154078.2","27503045905190","28162974031506.3","27928896371817.3","29144343172968.7","32698820544966.3","36519104666599.4","38777915773379.3","41167629825978.1","45307766399565.3","48575377625136.2","45185733854675.9","47610738714068.3","51830653433932","52028174318125.2","52790662359056.5","53724417584285.8","50179969310921.3","51167643745037.1","53791631491481.3","57187415577395","57773149281723.6","56371361601599.7","63391298085502.9","65786278258965.5","69198099195981.1","72182761740089.2","76878050747686.8",
"Hong Kong SAR, China","HKG","GDP (current US$)","NY.GDP.MKTP.CD","1320796651.69457","1383681651.13776","1612346412.26475","1935298266.45384","2206466461.26434","2435078534.03141","2489845016.64894","2692474989.12571","2716964388.42418","3189740055.13982","3800766535.62088","4476001946.01486","5710090213.15035","8030117555.62033","9388695366.84578","10048089558.0636","12876366008.8077","15719433719.4337","18315136409.1427","22526184533.17","28861857810.6515","31055226088.6943","32291215843.6433","29907227184.179","33511383985.6741","35699772165.7093","41075396884.8952","50622896162.6006","59707404560.5944","68790219177.9733","76928784620.8158","88959997899.9293","104272507639.282","120354212475","135811771026.33","144652295363.667","159718183550.734","177353174849.714","168885443660.072","165768095391.557","171668891194.349","169404327616.605","166348866131.028","161385558801.811","169099768875.193","181569311742.213","193535442896.365","211596944503.8","219278749139.734","214047795659.045","228638668727.291","248513617677.287","262628865879.697","275696879834.966","291459995978.893","309385622601.348","320860317562.562","341273289534.466","361731070995.726","363074545072.389","344943149590.058","368954169748.818","358673532516.529","380762296025.216","408368682415.423","427310315921.993",
"Honduras","HND","GDP (current US$)","NY.GDP.MKTP.CD","475650000","503300000","532450000","553500000","591100000","651050000","692150000","750950000","815450000","844400000","904400000","958450000","1030645362.09587","1128299435.85028","1243000000","1330050000","1589300000","1900700000","2393650000","2778900000","3184400000","3501800000","3619500000","3840550000","4029900000","4328300000","4706100000","5024800000","4892660944.20601","4375896551.72414","3734460116.73152","3699381195.10223","4122846905.18198","4190773622.25871","4105686899.43868","4672346193.95203","4798834459.45946","5569178707.22433","6163707533.23486","6394090592.33449","7186638029.05875","7651162302.3456","7858255412.86038","8230391346.67228","8869299234.3377","9757012696.56212","10917477066.1429","12361257680.5627","13881731875.7466","14587496229.1811","15839344591.9842","17710275685.4074","18528554397.5695","18499729214.904","19756533971.8698","20979791685.416","21717604952.1835","23136247990.5977","24067750760.499","24882225741.8119","23352232483.755","28144331506.6149","31426041806.7985","34355805527.9795","36980171442.0603","39601409103.3005",
"Heavily indebted poor countries (HIPC)","HPC","GDP (current US$)","NY.GDP.MKTP.CD","21923722127.7439","22627709232.3985","24599541748.7051","28893534515.8898","26878565172.4856","30407034659.8254","32971073893.3373","32488675063.8744","34994461970.3202","38503260469.2079","37181536760.1335","40099504488.5206","44564788726.1793","54553562932.0634","64257354956.936","72350863415.6136","77585497906.3195","89885368489.0048","104622112017.94","114929806433.148","127259629230","127910339912.981","129278372851.571","128221978068.565","130635964994.758","137196640367.662","126219299823.057","134509036368.938","141558264239.402","144132297739.617","165447183504.841","180013449210.399","136844691209.976","142051421908.561","121518574647.308","141395905527.759","154688747451.139","161933433655.407","167620980707.493","168431404824.133","181929508086.652","175879852361.494","190891346466.397","216610034974.426","249571115303.131","288591119560.553","338947673939.485","404319749775.223","481564738213.917","475142721102.049","518681650290.886","573435618293.002","595060811936.517","667216081741.819","705379811037.148","674525283733.803","677053478623.394","735134788678.557","790361943446.387","811080887285.088","816212465074.075","924437668151.095","1002950189402.75","1060851525652.8","1147966586426.9","1285481386975.21",
"Croatia","HRV","GDP (current US$)","NY.GDP.MKTP.CD","","","","","","","","","","","","","","","","","","","","","","","","","","","","","","","25650213279.6781","18760386774.7973","10621169290.9986","11259647874.4986","15062911616.8222","22772224146.1503","24151469716.5173","24175272571.5846","25889813449.4579","23776940769.2095","22134069750.2586","23067071477.8294","26757633353.1909","35244797328.5582","41836096243.0481","45012776905.5255","49583643047.994","59290547254.1358","68473103476.6775","62315450610.8524","58975127200.9948","62889150894.151","57547495859.7306","59846869998.8711","59607109597.2123","50999271058.5849","52650804052.1394","56182225079.1072","61668280700.0968","61467261345.012","57959824238.1808","69002262504.9821","71196460236.6301","85621337533.3348","92981894167.9687","105060182186.274",
"Haiti","HTI","GDP (current US$)","NY.GDP.MKTP.CD","273187200","271066000","281896800","294883400","325281200","353251800","368948600","369124200","367968800","391820400","331200000","362800000","371998958.402916","466798973.042259","565399321.520814","681400000","879000000","947000000","974200000","1080600000","1383800000","1479400000","1474200000","1623600000","1816200000","2009400000","2318000000","2047200000","2613926800","2736243800","3096289800","3473562627.79423","2257129791.61575","1878253767.31305","2167569046.11837","2813313278.81082","2907517603.76719","3338949151.59927","3723903723.63772","4153725883.84082","6813566098.8675","6331970324.31022","6205847213.6351","5071947798.27263","6087360684.2969","7030149730.33692","7638739122.67242","9228637767.69009","10432962634.8748","11597002834.7786","11859312725.1448","13008746038.8867","13708925477.1304","14902488604.2421","15146883497.6331","14849629308.6025","14069277526.2278","15093357161.1498","16403864617.8458","15016090929.5125","14508222518.3018","20754978152.2134","20113007125.93","19572288894.1581","24255657481.2502","32077278409.2339",
"Hungary","HUN","GDP (current US$)","NY.GDP.MKTP.CD","","","","","","","","","4886222554.66355","5429812386.53195","5780929202.60333","6291568220.79393","7379313742.13684","9138292402.1882","10016338178.9993","11420392514.6172","13235612078.8396","14783674054.829","17286744153.707","19959731324.801","23116977148.0216","23705883891.9445","24141667188.0517","21910365258.2514","21242726264.4854","21510643750.177","24778163812.0131","27232016527.4237","29799838597.4079","30422508937.567","34478360678.756","34867307352.646","38857339124.9084","40256233360.3817","43307949890.4603","46577614588.9926","46833767123.6915","47398564799.2496","48784412623.5939","49160204397.4635","47275954428.9586","53800068065.7969","67636468625.0428","85190469121.074","104015363080.271","113098237570.929","115604111412.139","140123326896.329","158228265915.534","130807441076.16","131898737241.166","141712804953.868","128470269689.958","135646053778.582","141128696412.321","125244126623.289","128983560865.293","143335098991.862","161184691013.835","164936682033.992","158468487754.196","183282685440.486","177002580544.155","213029511028.874","222848211034.367","246490213513.054",
"IBRD only","IBD","GDP (current US$)","NY.GDP.MKTP.CD","306304722939.437","310052850535.408","313956213596.002","346415250192.464","392620041417.879","430370427231.15","444684785569.126","457288930071.809","484552506626.248","540952851961.208","588978514249.282","642086005523.1","723840759638.609","938531974147.836","1187636244186.88","1282489483612.03","1392135244289.28","1577598498252.45","1744163042026.43","2037690891547.37","2419257806557.85","2598909261860.41","2561222808854.54","2529883145200.97","2618831842082.71","2720503602842.67","2823956798256.48","2910397889423.94","3111420783529.12","3241136016134.9","3640234641965.91","3533522589116.7","3691704784868.32","3930669158918","4336867507416.28","4987839099170.13","5443875017792.29","5775060591518.17","5550058379297.93","5408484188258.02","5886134978692.93","5971611141415.03","6065785974350.62","6814154037538.79","8117393631129.81","9694742216243.09","11501211498155.5","14287517909878.2","17147397340377.1","16646670816085.3","20239797714297.1","23955878375012","25461967052262.8","26787319485055.1","27552867783541.2","25941217987927.1","26134891989406.5","28849480049390.9","30727224343894","31370912490347","30194051534423.9","35868904968937.8","37847494888632.6","39083500948084.9","40766443406773","43056359078690",
"IDA & IBRD total","IBT","GDP (current US$)","NY.GDP.MKTP.CD","351754430252.401","358300186957.071","366181207724.376","404157666724.099","448895528917.136","493543017386.648","513227988232.829","526682918890.873","558093115256.061","623551643235.089","680979776832.02","734205427705.055","821565082710.107","1049935396288.49","1334762482695.53","1458113701572.21","1574511998681.33","1774860004685.71","1968064883199.45","2293335388487.92","2724387559403.33","3048812529733.88","2988181611536.12","2891970085371.55","2954270911962.44","3066272038051.2","3129949353029.27","3226916564939.05","3444369182795.25","3575934231280.55","4017916711579.41","3940510265551.67","4055233877768.44","4312831087602.11","4732712405129.87","5468656850572.46","5998032496242.65","6355351844568.47","6153797551256.08","5860980124816.42","6405161916663.93","6484663039122.95","6618955701161.44","7438051094244.74","8846953925341.98","10543941001743.8","12515788445511.7","15478350774972.5","18566849399860","18030309686510","21843599755374.1","25767419601408.7","27373456462077.4","28868139569390","29793136753560.6","28118750119954.2","28299821225498.5","31121226985041.1","33140778408492.4","34074782748271.7","32817339931222.2","38735463663158.6","40927482641799.6","42011330091982.8","43660232631553.3","46251403468584.1",
"IDA total","IDA","GDP (current US$)","NY.GDP.MKTP.CD","43419734938.4544","45878530509.2347","49353751370.1949","54557787298.003","53950689375.4673","60416031372.6341","65248717901.6151","66155828664.5236","70108190934.7913","78702977100.9138","87494989288.8421","88540987535.2175","94692292369.1336","109976361930.723","144313490012.37","169846706826.696","177488300866.76","193297216955.027","218542936613.953","250380761744.26","298608621613.063","423184762394.701","403278511207.823","348325357088.798","327550557712.912","338020255834.818","306452302637.379","316806182845.327","334046886703.883","335577420976.103","378607545881.088","408942216794.755","364506102250.433","383123667526.839","396492340121.484","481971986420.762","555986446838.934","582084646127.729","606361225726.967","452400909421.395","519441856818.288","513296405076.011","553836284400.809","624678232124.012","730312504980.644","849808229882.356","1015393219998.18","1190938893682.2","1419452059482.97","1383638870424.66","1603802041077.06","1811541226396.77","1911489409814.53","2080820084334.84","2240268970019.42","2177532132027.09","2164929236091.98","2271746935650.27","2413554064598.36","2703870257924.72","2623288396798.27","2866558694220.81","3079987753167.07","2927829143897.98","2893789224780.35","3195044389894.02",
"IDA blend","IDB","GDP (current US$)","NY.GDP.MKTP.CD","12401501561.7854","13314688264.5775","14222416055.5102","15145197244.7816","16626632979.2211","17977186457.6129","19605545864.4967","19795254777.9829","21047483665.4866","23960732153.678","32356563895.3398","30392833455.942","34167082608.5478","37107988872.5557","52754115653.5642","61046682874.9974","73441255542.52","79020486261.1325","87129172584.7326","106209035625.903","134446628565.262","245479636362.868","224352153458.531","171851407628.724","148714761041.179","149360272178.405","138015634707.148","142226241236.742","148184197593.881","143853282362.366","159019516930.143","170036291239.493","165355540081.895","175244559141.651","190983317299.202","267309715975.135","328495025650.406","344040187982.76","360890034244.656","203538006166.57","244290144705.894","243968067390.483","267621509358.231","302939673628.933","365116376618.522","428328538127.197","526645636933.891","609839841031.772","714771797937.577","669157586077.064","786359231668.375","895839926018.559","990701519034.679","1081001766014.43","1175043316339.54","1116256560392.48","1047494187995.75","1067274924059.64","1127900531096.51","1357319294877.02","1262159381015.61","1373195862361.12","1461048245644.69","1277421993702.09","1123047633991.39","1270032242274.1",
"Indonesia","IDN","GDP (current US$)","NY.GDP.MKTP.CD","","","","","","","","5667756627.92093","7076465299.81141","8337423312.88344","9150684931.50685","9333536369.94567","10997590361.4458","16273253012.0482","25802409638.5542","30463855421.6867","37269156626.506","45808915662.6506","51455719075.8254","51400186342.8889","72482337397.4439","85518233419.0479","90158449294.9921","81052283383.7155","84853700027.651","85289488375.4435","79954072544.5279","75929617557.7521","84300174485.7973","94451427876.6628","106140727333.636","116621996217.133","128026966579.964","158006700301.533","176892143931.505","202132028723.115","227369679374.973","215748998609.635","95445547872.715","140001351215.462","165021012077.81","160446947784.909","195660611165.183","234772463823.808","256836875295.452","285868619196.085","364570515618.357","432216737774.861","510228634992.258","539580085612.401","755094157621.936","892969104563.171","917869913332.649","912524136718.018","890814755533.537","860854232686.214","931877364037.698","1015618744159.73","1042271532988.63","1119099871350.2","1059054842698.48","1186509691086.73","1319101183380.15","1371166925749.88","1396301788461.69","1445642584163.81",
"IDA only","IDX","GDP (current US$)","NY.GDP.MKTP.CD","32211130981.1438","33772065916.3813","36455263573.2185","41014470844.4321","38512402567.6604","43923557987.7173","47200993233.4833","47959795959.1387","50739597097.9735","56551004966.1925","55840044830.6389","59168906660.117","61398988614.3266","74220481292.8532","92801585576.0185","110398454351.707","104545708678.828","114936661857.407","132432436480.386","144551811286.739","163665268577.928","171049888832.42","173621886542.077","174267592105.831","178156917877.5","188351987512.805","167908559269.947","174077226956.28","185622300396.396","192297036644.957","220767518955.363","240288582087.844","199759409827.933","208457572284.422","205697718339.071","213394230364.239","225170917306.56","235609683373.032","242828324963.786","249690571092.399","275650920074.91","269747437393.254","286540275917.585","322074306128.265","365272291015.942","421468030604.478","488304362308.806","580806156918.826","704680261545.393","714481284347.599","817442809408.684","915701300378.209","920787890779.856","999818318320.414","1065225653679.88","1061275571634.61","1117435048096.23","1204472011590.63","1285653533501.84","1346550963047.7","1361129015782.66","1493362831859.7","1618939507522.38","1650407150195.89","1770741590788.96","1925012147619.92",
"Isle of Man","IMN","GDP (current US$)","NY.GDP.MKTP.CD","","","","","","","","","","","","","","","","","","","","","","","","","251195796.754456","256330852.156058","356287012.606274","459975486.190554","584702952.685877","617619437.172775","761514559.659091","821507936.507937","854849069.84907","765647870.425915","833255280.073462","922269212.561149","1007205928.23713","1178261296.66012","1385124213.31567","1573742112.92671","1601050083.21985","1668684324.16871","1891002697.84173","2252620408.16327","2802206151.59282","3032411026.94919","3422733202.4501","4466350655.89909","5928791505.35144","5486921247.07323","5920369789.50182","6565667052.79737","6690228371.66909","7001175622.71266","7708454412.32126","7084800892.22284","6846377563.00683","6979788333.50279","7491649455.92717","7314967866.28289","6684225641.02564","7931193222.06405","7431257410.92713","7576129932.79381","","",
"India","IND","GDP (current US$)","NY.GDP.MKTP.CD","37029883876.1839","39232435784.0358","42161481858.0819","48421923459.1235","56480289940.9899","59556105229.0052","45581230504.071","50134942204","53085455870.6667","58447995017.3333","62422483054.6667","67351404351.833","71464700666.9869","85517673172.5513","99526597933.6331","98473832017.3242","102716451979.68","121486641441.309","137302319828.995","152995442497.709","186328579302.068","193491368445.573","200715624830.902","218262146413.158","212157645177.652","232511554840.372","248985994040.59","279033584092.223","296589670895.932","296042052944.66","320979026420.035","270105341879.226","288208070278.013","279295648982.529","327274843459.429","360281909643.489","392896866204.516","415867563592.829","421351317224.941","458821052615.79","468395521654.458","485440139204.171","514939140318.756","607700687237.318","709152728830.775","820383763511.445","940259888787.721","1216736438834.96","1198895139005.92","1341888016994.9","1675615519484.96","1823051829894.55","1827637590410.41","1856721507621.58","2039126479154.52","2103588360044.94","2294796885663.16","2651474262755.45","2702929641648.74","2835606256558.19","2674851578587.27","3167270623260.47","3249938492013.47","3500906030644.76","3760813470500.86","3956067115771.63",
"Not classified","INX","GDP (current US$)","NY.GDP.MKTP.CD","","","","","","","","","","","","","","","","","","","","","","","","","","","","","","","","","","","","","","","","","","","","","","","","","","","","","","","","","","","","","","","","","","",
"Ireland","IRL","GDP (current US$)","NY.GDP.MKTP.CD","1998550221.80554","2151772979.96956","2329372971.89171","2505073357.88508","2851091646.43165","3035655793.5247","3198820903.82796","3445739914.73101","3378701146.84197","3902721631.54663","4395995085.99509","5098250287.46646","6318060582.21873","7481173065.79201","7896860614.98803","9483808362.36934","9453756014.71837","11248340431.3779","14647996073.6937","18319334300.4513","21747855640.0712","20670190138.1671","21474752962.2178","20766047763.5314","20106648454.8404","21270013325.5601","28714571852.4799","33920518492.5094","37772896220.7559","39238392677.7542","49305632408.4929","49787501584.4847","55918538121.3989","52417477613.676","57097656065.96","69139823232.3232","75790786290.3226","82856648758.3572","90199410115.5097","98893958262.6438","100207610429.909","109346669229.695","128596035288.401","164670771259.602","194372115041.065","211876989655.907","232180617162.279","270079279419.5","275447471451.063","236443115853.695","221732824603.484","240975871046.644","226921827888.137","242924245718.756","266490442124.309","302101388556.271","305431252708.748","348355212568.515","395780319816.603","407211793800.713","436009027818.948","530394123829.763","548341794599.09","567372737459.116","609157459747.205","721701359046.313",
"Iran, Islamic Rep.","IRN","GDP (current US$)","NY.GDP.MKTP.CD","4199134389.9037","4426949094.8403","4693566416.48346","4928628018.38759","5379845647.70139","6197319929.04038","6789938671.75094","7555383690.16","8623172959.89803","9743089607.49587","10976245153.5894","13731802833.0363","17153463263.1086","27081698249.5083","46209092072.1383","51776222349.8869","68055295080.7538","80600122701.9632","77994316621.4814","90391877325.9285","94362275580.0229","100499312749.923","125948756439.485","156365156618.241","162276728619.519","180183629599.684","209094561833.48","134009995923.169","123057861333.908","120496362916.271","124813263926.225","131637664958.014","119768691216.667","63743623232.012","71841461172.5964","96419225743.6737","120403931885.441","113919163421.155","110276913362.508","113848450088.351","109591707802.216","126878750295.944","128626917503.72","151911222119.488","187754571247.666","224970371324.67","265602187403.643","349736591832.418","406070949553.875","414059094949.063","487069570463.768","629082257472.368","644019315003.54","500399839839.877","462284793280.825","409191686496.677","478618064870.999","510239893417.645","411903303606.044","347988400957.999","280934329279.723","407350685583.335","422662261525.665","457510482317.483","475252089215.416","362682115433.364",
"Iraq","IRQ","GDP (current US$)","NY.GDP.MKTP.CD","1537252193.09912","1671960965.21561","1784174540.73018","1805901510.0394","2136408197.83672","2335785506.0858","2530306095.87756","2551522656.19094","2896598841.36046","3007758796.89648","3281318687.47253","3865346534.65347","4113848002.40312","5134367778.1446","11516762614.2906","13458516762.6143","17754825601.0836","19838130714.5276","23762275651.8794","37816457839.4853","52569000000","37823000000","42382333333.3333","40712903225.8064","46938387096.7742","48425161290.3226","47264516129.0323","56774193548.3871","62684516129.0323","65831935483.871","180408064516.129","407796349.663785","553671957.671958","1031944881.13189","3991349282.75729","12894029888.1122","10433698621.3427","20764857056.3795","20617405044.2425","36881601583.8194","48364250943.9051","36176430128.8057","32928454672.4246","21921569478.8163","36633669269.3981","50065104667.8159","65147051918.0219","88837057319.5179","131614434153.505","111657580326.315","138516722649.573","185749664444.444","218002476129.472","234637675128.645","228415656174.957","166774104959.102","166743557747.671","187217660050.676","227367469034.031","233636097800.338","180898797516.874","209691945713.103","287372232137.931","268881051643.549","279641257615.385","254367293538.462",
"Iceland","ISL","GDP (current US$)","NY.GDP.MKTP.CD","260984498.826389","266711460.241466","299309938.066264","357240895.712432","456206298.792753","550150987.996732","660663763.278256","652609075.682946","498365199.686946","435659609.943615","545115909.090909","693679545.454545","869002945.841831","1194794186.17552","1568154077.03852","1456052700.06506","1727845419.11401","2285707748.78061","2599627088.63561","2953176971.07204","3499616683.34167","3615094820.1877","3318714326.1952","2862634163.62085","2964568005.62888","3088359966.94589","4129080094.00499","5713281235.45655","6320093411.44744","5870854233.21143","6694851159.32729","7151260062.07169","7328497599.30768","6435952173.86159","6612804055.79289","7372640168.67697","7686566105.26316","7716781803.07823","8637732541.50677","9107644690.76647","9140168922.35677","8323401820.48477","9416199699.54736","11564687741.9859","13963943244.0018","17146410560.5279","17671649843.2602","21960110030.4426","18247921360.2599","13212543837.5133","13922711576.5124","15394005872.149","14943757823.3226","16244319958.6808","18052183514.8695","17700486957.1907","21083713310.457","25060086487.8901","26677652544.3499","24985687022.0452","22034665040.7901","26234872402.457","29176227825.4736","31701996433.7807","33186621855.0053","38582528789.0033",
"Israel","ISR","GDP (current US$)","NY.GDP.MKTP.CD","3068690949.10336","3706297903.07701","2964323617.93817","3533767055.03627","4021861429.6918","4326412951.00393","4700397691.99153","4759447914.25273","5455059532.48967","6293966356.7471","7402142194.51563","7048191875.8085","9216866299.13417","11895229181.3981","17162009923.7605","16131806290.2529","15946502888.1062","18245847440.8558","17690363444.4881","22595788590.6104","25379585067.0486","26865420933.4396","29237231967.3021","32655591256.2516","30626695891.4272","28887898639.3267","35812041619.7269","43022977765.3525","52618458014.4117","52411116587.5339","61978459022.3391","70954941681.4027","79408652426.2417","79806598119.6297","90684108118.4773","105432315611.198","115051957577.467","119389303067.2","120468659245.809","121329240041.549","136409902631.643","134889159474.047","125215963105.239","131278887815.375","139925423025.435","147346035831.272","158706516001.616","184448882451.742","220952472408.027","213112649594.385","239372857534.485","267739352609.375","263172104090.976","298045324735.571","314376760832.047","302841190257.708","321083954798.337","357360816856.642","375470422244.408","399207771081.611","410908899711.272","489735019666.026","525157951212.871","513393395491.904","542284494490.778","610777842873.595",
"Italy","ITA","GDP (current US$)","NY.GDP.MKTP.CD","42012422612.3955","46649487320.4225","52413872628.0045","60035924617.9277","65720771779.4768","70717012186.1774","76622444787.3696","84401995573.2456","91485448147.84","100996667239.335","113656669764.56","124959712858.926","145594833997.344","175896529392.229","200024444775.231","228220643534.994","225235205861.828","258190019749.835","315784469541.41","394584507107.9","478356755595.749","431695533980.583","428257421617.752","444063496940.337","438896930791.272","453259761687.456","641862313287.44","807570134448.76","893663934840.821","930801709003.669","1183945130898.51","1249092439519.28","1323204350353.5","1067412587670.73","1101750159702.21","1177369428265.78","1314776508972.27","1244988176443.84","1272729786996.77","1255004736463.98","1149661363439.38","1172041488805.87","1281746271196.04","1582930016538.82","1812808753294.75","1864982261286.85","1958563654385.64","2222524108127.65","2417508414187.19","2209484319012.65","2144936254535","2306974020278.21","2097929495121.68","2153225581941.46","2173255507985.84","1845428048839.1","1887111188176.93","1970720904584.71","2099435266458.67","2019606796583.53","1907481094079.23","2179207773596.09","2104067630319.46","2316882296366.32","2383435562458.12","2551556954100.35",
"Jamaica","JAM","GDP (current US$)","NY.GDP.MKTP.CD","699064380.374248","748043500.7826","777727688.908924","826706669.317332","897949000.8204","972159611.136156","1096759561.29618","1148014310.8255","1083839132.92869","1191239047.00876","1404720441.88818","1539861815.89381","1875146587.4443","1905917553.19149","2375122375.12238","2860442750.44275","2966042856.04286","3249733139.73314","2644527821.53011","2425064229.04184","2679379371.51261","2979027966.45373","3293496311.93093","3619262277.47712","2373564549.4932","2100239018.82467","2754549581.92409","3287007321.56699","3828342820.3494","4404937853.39452","4592208086.69235","4106207649.05547","3535460089.80719","5440075675.74067","5452558947.03045","6577520642.82297","7393891920.80358","8400041723.54861","8787195622.43502","8887057997.36228","9005064474.93003","9194727831.07318","9719009494.84779","9430234810.78586","10174664853.9476","11243865777.7131","11930179089.8855","12799600047.1845","13709401520.0326","12120458114.8318","13220549908.2494","14444661522.1463","14807086555.5283","14264205152.6126","13899217679.9219","14963589915.5912","14898999754.1229","15783583236.675","16855447986.2221","17026269262.5307","15000214216.2439","15963885376.3537","18813516805.214","21418797832.8216","22014429050.9995","22704903217.5631",
"Jordan","JOR","GDP (current US$)","NY.GDP.MKTP.CD","","","","","","599759760.096096","657999736.800105","631679747.328101","561119775.55209","698879720.448112","639519744.192102","678159728.736109","788479684.608126","943783839.718052","1197483948.68547","1363073497.77355","1708521219.46003","2096778602.16785","2602208588.95706","3271368780.65347","3910044474.28044","4383944702.85958","4681240992.70338","4920692190.95569","4967162160.40472","4993601520.43079","6402050484.90425","6756209762.48231","6277451829.05325","4221373673.80468","4160087507.83472","4344467193.25095","5310833193.59005","5606400221.69269","6236295978.24531","6727597031.96347","6927503526.09309","7245839210.15515","7912270803.94922","8149929478.13822","8460789844.8519","8975814652.8196","9582510578.27927","10195627644.5698","11411706629.055","12588998589.5628","15056981664.3159","17110437235.543","25651620830.6149","27462496197.1831","30202773521.1268","32640291549.2958","34854017887.3239","37873362957.7465","40535098591.5493","42394049295.7747","43688498732.3944","45535614366.1972","47435850422.5352","48640273802.8169","47931770985.9155","50702940985.9155","53516930140.8451","56123472112.6761","58618380563.3803","61610052535.2113",
"Japan","JPN","GDP (current US$)","NY.GDP.MKTP.CD","48417804544.9319","58472696006.0531","66356388224.3747","75945582324.0881","89332989729.3394","99387878007.5325","115427351851.278","135265319098.216","160201483788.149","188179852752.982","221798003144.444","250530994765.279","331776379991.589","450756970744.018","500355087138.052","544082569363.602","611495350303.909","752590681821.906","1057419758047","1100608979757.23","1153159955513.08","1271443597066.78","1183132285328.17","1297622008229.49","1374165212365.14","1457070301468.38","2164729071349.48","2635094473494.08","3191546727316.14","3174934735895.64","3252994239867.4","3724887648862.31","4064529567505.43","4632480515091.13","5104063486348.4","5639649753985.77","5021441618840.38","4579780793431.57","4150359076370.48","4688983449627.24","5042381838343.44","4438792748062.4","4245946980572.3","4573413206709.02","4941485123806.53","4875648486366.14","4648058930707.24","4624670179654.96","5160197175876.43","5336765697589.29","5811578109447.07","6279422550218.7","6333803928787.76","5272297037396.96","4985763289560.81","4534438580494.94","5110357383254.44","5038231631660.71","5154293721629.56","5245755000479.03","5189197543645.38","5225933520753.1","4447976207314.78","4384854269961.93","4190008188358.57","4435162999976.94",
"Kazakhstan","KAZ","GDP (current US$)","NY.GDP.MKTP.CD","","","","","","","","","","","","","","","","","","","","","","","","","","","","","","","26932016269.6107","24923076923.0769","24917355371.9008","23409260879.9427","21250792886.1054","20374302652.3819","21035357936.8796","22165932062.966","22135245507.3656","16870817181.7799","18291990662.0356","22152689179.8815","24636598527.4437","30833692900.1091","43151647002.6096","57123671733.8952","81003864630.018","104849915058.376","133441648851.982","115308686941.38","148047348240.643","192626464617.071","207998568865.789","236634603409.089","221415613595.469","184388404706.042","137278320084.171","166805788827.233","179339977690.485","181667184854.501","171082365861.423","197112255360.612","225496328925.494","261840101059.923","291480274648.826","306239209650.024",
"Kenya","KEN","GDP (current US$)","NY.GDP.MKTP.CD","791265459.493816","792959472.816211","868111400.75544","926589349.36426","998759334.496266","997919320.832272","1164519674.19213","1232559506.9762","1353295458.68182","1458379416.64823","1603447358.62106","1778391288.64348","2107279157.08834","2509001324.34591","2969958812.01648","3259345083.26283","3474542391.69992","4494378764.32011","5303735110.55151","6234391113.46434","7265315820.20777","6854491705.88377","6431579356.95926","5979198313.76093","6191437070.18411","6135034213.78998","7239126568.14092","7970820369.2949","8355380879.12955","8283114514.17081","8572359038.16958","8151488783.19064","8209120763.04955","5751786642.55871","7148148564.04239","9046320255.40507","12045865396.1323","13115764358.2846","14093998843.7334","12896010459.3711","12705350097.8044","12986007425.8781","13147736898.5176","14904517649.8476","16095337093.8366","18737895512.7378","25825512284.2891","31958195182.2406","35895153327.8497","42347217912.9176","45405615063.7551","46869473150.61","56396704671.5777","61671440407.8387","68285796514.2896","70120446896.8359","74815144163.8931","82036510877.2599","92202979985.2863","100378436207.371","100657505750.545","109703658904.994","114448978152.637","107500884685.013","120397537849.826","135941278878.815",
"Kyrgyz Republic","KGZ","GDP (current US$)","NY.GDP.MKTP.CD","","","","","","","","","","","","","","","","","","","","","","","","","","","","","","","2660202622.91006","2542256424.35069","2315346942.855","2026019252.61241","1681780847.41091","1661147035.24388","1827570586.16784","1767864035.71943","1645963749.83146","1249061487.01457","1369688498.06778","1525116370.27939","1605643104.73021","1919008090.49641","2211534585.0034","2460246766.41401","2834168889.42019","3802570552.56105","5139958909.17936","4690061380.60253","4794361863.01353","6197765984.28468","6605142884.36215","7335033800.59056","7468102412.68237","6678177511.66313","6813095379.1187","7702938379.42036","8271106235.41552","9371275264.36735","8270468614.24051","9249133946.26531","12134931017.9465","15180842369.4894","18161630698.9052","22623752095.4613",
"Cambodia","KHM","GDP (current US$)","NY.GDP.MKTP.CD","","","","","","","","","","","","","","","","749129748.150633","790357254.540309","716261764.498093","766642356.138135","723738502.67823","744384129.707563","815153652.415596","865516039.800558","939291262.100055","1021176058.63327","1102669184.43812","1167630317.8411","1036974910.45","1662877859.22297","1353137647.68304","1402541176.5121","2054974089.3643","2491486594.18917","2533727592.04165","2791435272.26653","3441205692.9166","3506695719.57259","3443413388.65696","3120425502.66241","3517242477.2548","3694168979.32019","4145665969.92864","4501227626.62752","5046693484.31767","5883297159.87352","7066296463.3598","8350531016.65753","10127916459.8983","12174303999.0812","12502901169.7377","13808673288.0696","16032622023.8265","17826536699.8016","19807135252.8649","22041463967.9009","24174170369.0738","26556545153.3573","29355665909.7905","33145892168.8958","36685356407.7206","34818073901.4851","36790163687.4421","39994532959.6074","42335646895.7984","46352647037.2406","51267065842.9641",
"Kiribati","KIR","GDP (current US$)","NY.GDP.MKTP.CD","","","","","","","","","","","11560877.2811451","12356134.3838676","15314346.4925323","25645040.4712955","69256488.5160763","44547453.6024265","33246816.5018414","31335458.7039851","36563964.5510014","34466197.0333233","33157723.1094117","35267489.2425442","32742712.6527597","31000545.7710517","34394167.0416706","26126615.2284866","25993008.7943576","29554412.5328693","38278810.3176488","37645319.1994276","36534294.7991591","41247791.6364169","61491369.281929","58953595.9090414","67055333.9021503","68596394.6026524","81456854.1385109","80205806.8250976","74905705.8928477","77323978.1928449","74910527.2586758","64935850.1573877","74743869.1313473","96105619.3795504","104085892.133271","113895437.324786","112338353.264712","138054945.643442","147017894.97877","140177384.145395","165458433.127645","195970140.170383","207001545.867109","201730860.757856","200287281.98074","191559398.688293","206467818.503227","223029864.54193","233859230.192198","216891541.021351","220909306.750809","285451584.406531","271214374.500577","291657337.839517","343153235.077124","349227254.158833",
"St. Kitts and Nevis","KNA","GDP (current US$)","NY.GDP.MKTP.CD","12366635.7500773","12483302.125078","12541635.3125784","12833301.2500802","13416633.1250839","13593932.3220537","14469078.1796966","16742338.2519864","14600000","15850000","16300000","19624746.4503043","22944849.1155047","24196018.3767228","31514856.3078422","33364055.2995392","30095602.2944551","44496296.2962963","49433333.3333333","58840740.7407407","68459259.2592593","80888888.8888889","86022222.2222222","86874074.0740741","98603703.7037037","111007407.407407","130685185.185185","147748148.148148","172692592.592593","192518518.518518","217259259.259259","220540740.740741","242137037.037037","263755555.555556","295159259.259259","313485185.185185","333944444.444444","374641307.974641","383257331.40548","406595484.373262","421695769.843918","458643829.014199","481077373.669966","469869869.86987","506900000","547203703.703704","644414814.814815","689285185.185185","777692592.592593","774274074.074074","778718518.518518","836092592.592593","824585185.185185","874548148.148148","952111111.111111","957222222.222222","1006818518.51852","1056977777.77778","1076548148.14815","1107855555.55556","883922222.222222","858622222.222222","981429629.62963","1055651851.85185","1122388888.88889","1183514814.81481",
"Korea, Rep.","KOR","GDP (current US$)","NY.GDP.MKTP.CD","3973069306.93069","2427244760.66918","2826923076.92308","4007692307.69231","3476789681.58031","3141131708.31319","3957064541.39218","4895076717.9993","6167109472.42856","7743940188.95006","9085001793.55852","10005257131.3347","10990490569.7259","14067523813.0386","19860929976.698","22126033057.8512","30371074380.1653","39064462809.9174","52824793388.4297","68083884297.5207","66547970350.6151","74287368087.3467","79921300446.6517","89621208322.3386","99749645088.5994","103764281280.89","119965960795.24","152240393645.506","205477530605.222","254236243100.439","292064221388.988","340851946803.812","366921291824.719","405705302846.447","479181794216.859","586286469400.665","631196863758.281","589202526424.141","397297216492.19","515697079289.011","597487173479.109","567564806235.441","650014391470.21","728516494684.269","823251107638.814","971740329983.878","1095175538508.19","1220911904593.06","1091580692542.34","983065242417.36","1192830015737.68","1307103477219.1","1335343586437.67","1434669686501.84","1556252422020.44","1539212301135.55","1579150518945.44","1710196756713.17","1824251454306.83","1751045752054.63","1744070276373.34","1942313560965.9","1799363116866.52","1844800934391.54","1875388209406.8","1872374961553.15",
"Kuwait","KWT","GDP (current US$)","NY.GDP.MKTP.CD","","","1828107502.79955","1900895856.66293","2071668533.03471","2097199161.12034","2391199043.52038","2441599023.36039","2662798934.88043","2769198892.32044","2873638850.54446","3880392195.40688","4450537925.33189","5408804607.3129","13006948296.2705","12022811620.7867","13132252801.9372","14137406740.5065","15503557496.1916","24749063922.4796","28638868355.9196","25058020338.2535","21577153356.4192","20871081080.1538","21700082752.9369","21445970613.7595","17903989745.178","22368704133.6668","20690322152.8945","24313855653.3993","18427777777.7778","11009993703.1474","19858555214.7239","23941391390.7285","24848483838.3838","27186980646.5448","31492373308.7516","30350190704.4361","25943705784.2996","30122365849.2518","37718743480.0751","34889559869.8326","38135788413.8276","47874582231.588","59439090600.6108","80798630136.9863","101557330723.423","114634043361.692","147379737229.753","105968691905.415","115416245241.742","154039231245.856","174047662680.041","174168116534.844","162650450684.725","114585555688.511","109406674124.652","120687539805.505","138646316350.727","140856394860.529","111045470605.715","148350671489.144","183502046693.878","165462656226.772","160903106639.233","157209026926.418",
"Latin America & Caribbean (excluding high income)","LAC","GDP (current US$)","NY.GDP.MKTP.CD","69659330494.4582","76721071548.2325","79795583735.7511","87614517139.0012","97500037514.4809","105223582216.401","115771461711.092","118068701139.351","127136839016.157","141454571920.634","154157160809.635","170882866526.954","193566993340.32","257429063684.916","342177745996.058","368198920232.442","402176138137.782","438181004614.34","526411703479.553","583946194018.747","706461175021.073","810015965603.352","753521317196.305","659196170712.092","694689378394.512","686505571879.397","693267714609.229","741529509857.43","814617749319.266","901175365388.432","999200488031.118","1075681682296.71","1170076247284.33","1397935427602.19","1640307476521.95","1762996031341.83","1911521633510.2","2094953882737.27","2116252056667.96","1893935164371.06","2103632373622.86","2058411677043.06","1833442255112.44","1860329009941.51","2137560387892.79","2596008248707.13","3041888570283.16","3605106967513.88","4216556735122.36","3942282553724.13","4911947255842.05","5594126981026.73","5622404703958.77","5644127674357.65","5620010717338.88","4703989762871.3","4551782151517.8","5076766505994.78","4918723143160.92","4821625109314.74","4034164122634.89","4694652116377.4","5425723261080.83","6114807611697.98","6266421572816.08","6523496128943.99",
"Lao PDR","LAO","GDP (current US$)","NY.GDP.MKTP.CD","","","","","","","","","","","","","","","","","","","","","","","","","1757142855.91837","2366666615.55556","1776842097.16343","1087273103.69639","598961269.297879","714046821.093797","865559879.400406","1028087972.31085","1127806944.61513","1327748689.88094","1543606345.11684","1763536304.53964","1873671550.34636","1747011857.33107","1280177838.71905","1454430642.44959","1731198022.46763","1768619058.34647","1758176653.07746","2023324407.28414","2366398119.86321","2735558734.7379","3455030060.9785","4223152739.04052","5446433157.40114","5836137329.63305","7131771014.70456","8750104617.17303","10192846339.4029","11983252626.5452","13279245886.3854","14426380125.6488","15912501722.6143","17071155481.4994","18141641089.7963","18740561512.5555","18981805250.2424","18827148530.9347","15468785203.7532","15843155731.2552","16502933121.3379","18302970218.5902",
"Lebanon","LBN","GDP (current US$)","NY.GDP.MKTP.CD","","","","","","","","","","","","","","","","","","","","","","","","","","","","","3313540067.93246","2717998687.71002","2838485353.96187","4690415092.53663","5843579160.90122","7941744492.23595","9599127050.17558","11718795528.5556","13690217333.5879","15751867489.4446","17247179005.5219","17391056369.2265","17260364842.4544","17649751243.7811","19152238805.9701","20082918739.6352","21159827992.0398","21497336498.8391","22022709851.4096","24827355014.9254","29118916105.4726","35399582928.6899","38443907042.1227","39927125961.5257","44016799515.7546","46880103080.597","48095213746.6003","49929337836.8159","51147308774.1294","53027680685.9038","54901519155.5556","51605959131.2741","31712128253.7961","23131941556.7843","20992421948.8081","20078620356.9931","25971643441.3408","",
"Liberia","LBR","GDP (current US$)","NY.GDP.MKTP.CD","190495600","183920900","191861800","200229600","218929100","229260800","244459500","261024300","276820700","306961800","323099700","341543100","368098000","386968300","486955000","577549300","596675700","673010600","717240400","814067900","854711500","846514500","863933200","823374900","848478300","851296100","840964400","972800000","1038300000","786300000","384400000","348000000","223500000","160400000","132200000","134800000","159400000","295900000","359600000","441800000","874000000","906000000","927000000","748000000","897000000","949000000","1119000000","1373000000","1726000000","1768000000","1998000000","2398000000","2791614000","3177198100","3225652000","3227075700","3398419600","3390703400","3422754800","3319596500","3176126300","3513049500","4001047000","4390000000","4779300900","5245938900",
"Libya","LBY","GDP (current US$)","NY.GDP.MKTP.CD","401644248.9423","443905612.037755","619725784.909686","892327910.668836","1341395421.44183","1804979680.40813","2312438535.82459","2726986912.80523","3850623094.95076","4380987481.20501","4601649451.34022","5260185125.41886","6299395543.96301","8625889429.58277","15112543717.1298","14710912457.6509","19096943016.5748","22428297107.5929","22136422643.3959","30536429496.9448","40953924948.7419","36374353880.3994","33760146990.5726","33200520139.9749","29476109152.7531","31530566324.273","24180400959.4288","26697659334.6911","24308959591.195","25156707899.1462","28904183602.4818","31991821264.7118","33887047909.2746","30660051910.5037","28610549763.4685","25541379186.6458","27884615384.6154","30700897874.8704","27251301398.2813","35975860857.1164","38270954138.1128","34112093927.254","20481889763.7795","26265625000","33122307692.3077","47334691241.4924","60094231606.642","68032978390.6007","86710767415.1371","60808562033.4191","75380825062.4216","48169263294.1007","92540938129.1315","75351107029.0605","57372355592.022","48717501321.3052","49912073701.298","67157452181.7738","76686029772.1483","69254496471.6938","46854285440.642","35217995647.2862","43246297921.8499","44027664915.187","48487151215.345","48098909613.6316",
"St. Lucia","LCA","GDP (current US$)","NY.GDP.MKTP.CD","","","","","","","","","","","","","","","","","","","","","170370370.37037","194444444.444444","183333333.333333","197037037.037037","251481481.481481","284444444.444444","340000000","375555555.555556","429629629.62963","486666666.666667","579629629.62963","613703703.703704","674074074.074074","684814814.814815","713703703.703704","762962962.962963","788888888.888889","805925925.925926","877407407.407407","921851851.851852","932592592.592592","892592592.592592","900000000","987407407.407407","1066666666.66667","1135555555.55556","1268319185.18519","1336088814.81481","1437731111.11111","1401507888.88889","1482385185.18519","1568370370.37037","1598207407.40741","1660392592.59259","1749185185.18518","1807640740.74074","1868544444.44444","1998503703.7037","2060955555.55556","2090074074.07407","1521740740.74074","1871111111.11111","2319888888.88889","2441259259.25926","2605148148.14815","2656444444.44444",
"Latin America & Caribbean","LCN","GDP (current US$)","NY.GDP.MKTP.CD","79218932292.5947","87692579535.3547","92148671260.3581","100158103933.604","111297635227.876","119597691330.107","131678790040.55","134312212434.109","144144176667.553","160995418448.827","175637926335.323","195901355212.336","220380602413.711","293150377144.284","379786193235.34","398144708367.398","436627882813.991","479581063088.523","574059344826.802","644166216801.267","783357458196.991","894809022830.952","823242876056.178","726364220247.191","764196787843.871","755578015279.848","765106452473.426","821070820662.61","900611854996.12","994556600083.401","1101649853839.62","1189339213608.07","1299092404987.06","1537127525768.22","1795771702366.86","1942345373687.39","2100954032184.01","2303665490980.34","2331974611876.79","2107674024426.62","2326960808219.85","2282616598586.76","2052785896654.39","2091901149499.75","2405470324871.32","2903225604297.7","3397326624081.07","3998763226331.27","4644092806762.82","4357538710237.47","5397655976518.39","6139314989246.27","6201531036318.3","6252125316234.8","6218059801942.29","5289417937086.3","5148783766945.08","5715231248363.46","5581213957025.26","5473792638347.11","4627829769474.15","5383564425117.23","6147092422711.93","6909980461601.21","7088767706234.51","7395989651242.09",
"Least developed countries: UN classification","LDC","GDP (current US$)","NY.GDP.MKTP.CD","28083873561.9525","29364694790.3122","31795046375.8476","36519393066.2942","33150257303.1107","37295234447.7762","40642298164.1359","41311672322.122","44098351904.4288","48788568412.8308","47218209025.4804","49607821959.9659","51305933517.5062","62437379215.3669","77769977149.2718","93635267386.9572","86258084960.5092","94942056027.9396","111734126466.782","122428644458.032","135711625859.634","138755810897.292","140165160485.927","138441594013.223","140661957450.913","153685292546.979","133832870921.373","142313742945.101","156208936078.368","167639250652.653","192676976334.589","208818016297.993","165223219907.404","171011303885.524","167739564145.742","172091208742.033","181565021318.739","189340363935.107","192210596421.967","197805574800.587","224564439988.97","216586451093.645","238997145476.315","270939943315.867","311792443178.112","370634107574.804","430668720015.575","517201448591.583","635498688012.848","628091006955.253","711177667873.134","810040727729.598","849501067175.473","924587754781.973","993293176451.796","945963113669.267","953366743642.222","1045823616290.85","1117321176649.3","1169533458405.7","1179620504897.32","1302642870995.53","1471699265269.38","1459140154701.04","1542009429614.64","1653686211542.1",
"Low income","LIC","GDP (current US$)","NY.GDP.MKTP.CD","14407076547.2558","14595467187.0062","16317229325.2865","20314910373.6266","16456097725.0365","19152804343.9319","20218065389.1465","19525828860.5025","21148759286.6996","24246384915.9127","25087916571.7719","27728336323.5726","30880149841.5744","36728366733.084","45154811196.918","52349458545.6936","55259377100.4645","63778018918.7512","73727466089.1197","78281408563.3894","86990409069.1172","89266217877.2769","90153900122.9542","87728151745.4415","85915081721.5475","83020313568.926","86790541012.2957","91241793555.1007","98170293618.6305","106072089225.183","130008414338.766","145715712930.095","100945256139.661","109272170084.919","102325546112.154","94452790502.8518","91310974727.4626","97274657552.7563","98416782769.2642","98986835503.7137","122203639629.587","115323086245.482","127077820421.815","141515501992.004","165698854252.873","201372545813.498","235083355833.613","286238241795.772","345469916683.01","340799376713.82","378234341638.98","408858086328.04","387925022036.357","399956089212.417","427247749546.785","417830631224.268","380272235825.794","397551358031.57","419119394353.818","437739709828.987","432817676605.734","478460336870.115","551297424575.574","556751023235.15","604073322373.381","642666054939.502",
"Liechtenstein","LIE","GDP (current US$)","NY.GDP.MKTP.CD","","","","","","","","","","","90099360.8433666","104889795.333846","124940289.32382","165928881.55552","193980464.882101","246389101.853613","272489300.467827","303493119.480763","436912067.784287","503173104.391887","534699362.896161","511647750.124475","522096760.291094","524023624.89055","502620991.852944","529073612.453579","779357802.50006","1052848995.97101","1161757671.01756","1119983801.21338","1421509216.37424","1484160302.14952","1631177029.45063","1673085244.6879","1948129622.75132","2428525060.69927","2504012993.42238","2298389802.88883","2479699106.02264","2664105901.18863","2483889858.32312","2491800558.77674","2688618747.38148","3070803051.42164","3454373797.74442","3659319116.88057","4000102086.14635","4601429897.21468","5081479840.08716","4504375348.07038","5082337238.44718","5739706004.89616","5456102482.28614","6391708310.67727","6657526979.72277","6268515276.17441","6237302033.50132","6474308717.85289","6692620691.84146","6436467007.11932","6405870210.32293","7912602342.18895","7426856242.7736","8239379403.22096","8905764270.4054","",
"Sri Lanka","LKA","GDP (current US$)","NY.GDP.MKTP.CD","1409873949.57983","1444327731.09244","1434156378.60082","1240672268.90756","1309747899.15966","1698319327.73109","1751470588.23529","1859465020.57613","1801344537.81513","1965546218.48739","2296470588.23529","2369308600.33727","2553936348.40871","2875625000","3574586466.16541","3791298145.50642","3591319857.31272","4104509582.86359","2733183856.50224","3364611432.24149","4024621899.57653","4415844155.84416","4768765016.81884","5167913302.16745","6043474842.76729","5978460972.01767","6405210563.88294","6682167119.56522","6978371581.26375","6987267683.77254","8032551173.24014","9000362581.58086","9703011635.86585","10338679635.7616","11717604208.8223","13029697560.9756","13897738375.2488","15091913883.7091","15760736956.1852","15711933513.2831","16595882818.6857","15749753804.8344","16536535647.0834","18881765437.2151","20662525941.2985","24405791044.7761","28267410542.5164","32350238760.4239","40713826215.0093","42066224093.0065","58636049581.1712","67753285882.299","70447216891.3366","76976204074.978","82531125461.843","85090300895.6546","88000210878.1236","94369350439.4732","94450015982.806","88998706177.9986","84335574372.2997","88556699052.2008","74143020303.663","84080307355.5983","99616111265.7633","108825231671.196",
"Lower middle income","LMC","GDP (current US$)","NY.GDP.MKTP.CD","82091036334.3309","87281923943.3615","92962309678.8785","103033336844.778","113305829161.303","120563082140.76","109616403958.734","116883427975.162","124103898394.686","136431979805.931","151133564601.212","157946586918.027","168481174863.682","198132006756.732","248792481325.521","271655779959.892","288262291911.149","324145158120.788","364973791824.791","424034157392.372","518922713994.173","642655083275.544","637202485077.886","608663311202.935","577996198952.372","618889256655.429","607225816089.805","635235669016.726","675495156590.817","660255069033.829","721910019834.08","689678234468.644","717599213403.021","719285658478.117","794411575675.101","953925113710.086","1071405880808.56","1139706610045.24","1188551537539.27","1087669057162.89","1168026472636.36","1189234070721.23","1218227151795.64","1371240293091.28","1601536204477.44","1857675291024.68","2188218204062.24","2690340761555.45","3006800915389.12","3146680477433.43","3765319017000.1","4069210235189.76","4311221048677.68","4407901770081.6","4703810033139.31","4583309433434.87","4746990113057.58","5150492310089.6","5340385058603.99","5765837056238.6","5514802410559.2","6296557254947.16","6650563380806.73","6657563548498.26","6844419877130.65","7308505375623.13",
"Low & middle income","LMY","GDP (current US$)","NY.GDP.MKTP.CD","275665121888.335","279630505583.799","284777640396.736","315523066619.024","350573998976.761","386378424083.339","400984771947.318","411947863637.343","436993884411.543","487771957384.303","532671427135.482","573388737739.662","643291231934.85","818869246635.72","1046587235415.77","1155657258424","1245470476929.79","1399395532730.22","1552563815826.87","1802470051829.4","2131073559224.57","2386286975932.31","2355578947615.56","2285518085288.55","2337208338309.35","2427929398268.36","2476732622742.32","2541527062168.52","2720912074684.17","2895004151541.65","3318762167936.1","3236623796985.26","3396912933459.96","3668066247500.34","4101804124809.34","4763797923692.99","5273504290076.19","5609087530584.24","5514938515915.04","5319459832732.67","5796667553560.29","5812896698083.06","5897424611643.27","6582329229105.78","7738117921917.97","9153616469906.55","10792069669288.7","13261896828487","15800077993602.7","15860983059370.4","19281238913053.9","22556775919423.3","24026419350635.8","25380075062402.9","26519136607008.2","25659752659960.1","25917599955464.9","28319199325293","30124203119691.2","31024374981412.2","30018039872473.6","35394243111591.4","37082867531465.4","38155314219988","39490940514619.9","41478597585191.8",
"Lesotho","LSO","GDP (current US$)","NY.GDP.MKTP.CD","34579986.1680055","35699985.7200057","41859983.2560067","47039981.1840075","51939979.2240083","54879978.0480088","56699977.3200091","59261976.2952095","61445975.4216098","65967973.6128106","68739972.504011","76480285.0044113","80913200.4292822","121188715.759865","150851316.52727","149558895.914581","147660036.915009","193315048.328762","266570066.642517","290134592.523007","431542536.663782","434188034.188034","348741683.673845","386699308.859169","333163670.280225","268629925.852805","318858422.989262","402768324.481971","470395800.600668","495409232.627579","596410263.743849","704325366.718393","831029861.704746","835582062.476169","878250945.280469","1001894000.27846","946112492.844847","998004258.715675","928460893.108965","912773681.050642","887291687.920796","825706961.238689","775777238.55814","1157825434.78971","1511236655.52047","1682343527.49221","1800092563.75462","1682131784.51365","1766902709.19935","1740894964.80511","2234754241.91918","2579409619.96722","2477702216.26888","2367112931.642","2441063054.05792","2359686724.53829","2114426452.2019","2306741672.29006","2556247291.99785","2390702295.82777","2053699863.99625","2412130056.55851","2354980960.02697","2129871529.52517","2391282547.80028","2573572920.05159",
"Late-demographic dividend","LTE","GDP (current US$)","NY.GDP.MKTP.CD","184294886448.607","171286579087.88","174507835771.836","190382415793.469","208790894358.561","234000915408.238","260611283477.102","261880031221.684","266423905717.068","296986727176.422","337704358864.221","375663885260.31","432365705131.463","561672452845.827","674819278348.728","745000834232.711","803381423551.995","932142562981.783","970199594302.103","1155091583497.44","1324653906602.48","1388436785996.87","1400566692080.56","1296602824765.3","1353552937487.65","1462860849916.1","1554685600496.76","1641649701709.01","1791259970340.58","1909761780618.13","1969512751971.04","1979786087178.22","2019093016960.17","2102175787620.46","2440367682872.9","3023905067447.71","3335133915921.74","3493738971286.24","3367800746254.92","3112522628017.8","3418913200754.6","3536187082458.8","3750348820903.15","4273780094502.46","5137669562692.03","6197282356458.66","7482372535432.29","9435731160311.88","11746008266260.5","11368249341334.8","13681203944217.6","16665376053801.4","17836299691343.4","19233517996185.8","19998109363135.1","18797219516598.6","18841938118214.3","20889290528064.1","22907807978183.2","23366922633045.5","22869846935930.6","27284909409699.1","28553586772075.8","28909440099233","29983452735875","31873985161936.8",
"Lithuania","LTU","GDP (current US$)","NY.GDP.MKTP.CD","","","","","","","","","","","","","","","","","","","","","","","","","","","","","","","","","","","","7921210339.58439","8430207164.43677","10168271903.3233","11289161847.2162","11022095813.552","11550695727.2335","12260761329.3051","14282292664.6004","18809197969.5431","22743164431.1972","26105207115.3129","30116192746.8942","39729151614.6689","47831254207.5223","37494380038.9213","36638128534.0643","43186501862.7907","42709372066.8627","46303660422.0434","48306546656.9281","41540954817.2039","42970749245.0336","47756764508.446","54261795148.5372","55122066225.796","57412038533.2718","67072165721.2431","70639687325.6326","80356613554.5602","85503938573.5664","95210150818.3512",
"Luxembourg","LUX","GDP (current US$)","NY.GDP.MKTP.CD","709941874.044355","710163719.406917","747846862.209673","797902154.238122","910877686.268584","929477284.788002","976717015.461454","983052314.930267","1075561622.81321","1245432991.34271","1457768455.02219","1518773421.37846","1901697369.62698","2609875802.11136","3183637116.81856","3123333333.33333","3423586206.89655","3789321328.08104","4718539771.99949","5516982663.73143","6019805490.41247","5053665797.47936","4602316793.21914","4524217751.47929","4438435492.87908","4577211767.10374","6685595087.59256","8320902215.01891","9418167855.18376","10037674037.674","12778792853.6939","13834219728.293","15518702634.8808","15925521222.0149","17701798890.7644","20853093869.7318","20895314657.9805","19563836265.2233","20150055567.904","21899317598.8414","21230200537.942","21387550720.1937","23649832386.5918","29667268248.1305","35064843792.8993","37672311222.7362","42910153829.6576","51587401415.7872","58844277701.5258","54467289897.5582","56213985987.4168","61696281326.2453","59776383527.3602","65203276466.9763","68804814554.646","60071584216.1375","62216885435.9488","65712180342.9836","71085623495.1145","69872035113.6469","73670782100.3909","86386759695.1653","80801680397.0139","88788881539.3937","93279851863.4062","101157829491.107",
"Latvia","LVA","GDP (current US$)","NY.GDP.MKTP.CD","","","","","","","","","","","","","","","","","","","","","","","","","","","","","","","","","","","","5608208784.9401","5799465288.41246","6349481006.53278","6974112951.26891","7324192889.74297","7761252607.18424","8190888739.6463","9249030241.01864","11244337719.8377","13827070378.5612","16306935905.4138","20434922247.3037","29420499247.7089","34135200994.0067","25691530442.035","23468324572.3343","26575547900.8247","27116149948.6683","29152128167.8438","30277203767.4058","26344565876.8902","27117105059.5075","29391059767.4259","33247935477.3576","33099503950.847","33379927434.6149","38183326784.9335","38003198508.9107","42779550936.838","44001275012.6141","48618869160.3254",
"Macao SAR, China","MAC","GDP (current US$)","NY.GDP.MKTP.CD","","","","","","","","","","","","","","","","","","","","","","","1142497718.77916","1133013235.10045","1304361353.27024","1362072159.94515","1532105070.18581","1957724829.35921","2288761822.51257","2705665492.01675","3246481233.24397","3765249711.09098","4914365189.04984","5665606114.80317","6311207779.92441","7046147736.91671","7176892950.39164","7267570892.70211","6796914861.6572","6547169929.36554","6773944355.1502","6860272608.45211","7371692774.43404","8246479565.94248","10643253553.184","12160056122.3757","14874098691.9082","18439981612.4086","21027018332.6663","21589540350.7115","28244172833.6035","36848881944.6939","43193350975.6862","51559125350.236","54930501310.2956","44940613353.1038","44964868323.7558","50297028370.6668","55076322634.344","55025172016.004","25280064167.7333","30633941629.3633","24929307447.3237","45626467279.891","49467258923.3244","52061007670.169",
"St. Martin (French part)","MAF","GDP (current US$)","NY.GDP.MKTP.CD","","","","","","","","","","","","","","","","","","","","","","","","","","","","","","","","","","","","","","","","","","","","","","","","","","","","775875748.523832","","","772921958.529509","","","","","652206037.103874","","649206262.847519","","","","",
"Morocco","MAR","GDP (current US$)","NY.GDP.MKTP.CD","2037154741.93211","2025693539.55842","2379611124.61442","2657252578.30763","2798345298.57781","2948331090.46752","2876401297.10759","3046345314.38655","3271422332.61996","3651622668.95103","3956336244.11865","4356669034.34266","5074117544.77482","6242145880.08876","7675466449.35531","8984853005.08058","9584297284.28316","11049783871.8144","13236946233.5759","15911994817.3107","21728516153.0907","17788185478.944","17692276734.171","16251408127.5735","14824667954.3674","14991283215.7408","19462085540.2231","21765195948.189","25705296183.5037","26314313191.1826","30179954774.9899","32285573573.9185","33711069430.78","31655473663.8348","35604137422.5796","39030285468.3841","43161571527.6353","39147844526.0838","46497608724.9865","46266428648.1433","43017455401.8445","43831480207.6444","47077192187.6418","58029363354.2757","66114145451.0067","68852658068.6673","75883823300.8545","86947913286.728","101822906949.063","101154952240.881","100865329473.44","110080631332.375","106937392311.129","115739287305.08","119130841411.664","110413823841.592","111572947004.917","118540573367.844","127341147581.818","128920266409.458","121353645057.144","142022058447.231","131245312804.483","146036093666.762","160610994054.734","182374250612.28",
"Monaco","MCO","GDP (current US$)","NY.GDP.MKTP.CD","","","","","","","","","","","293127333.238065","327706210.435217","402451900.821288","523554039.203208","563949254.114034","711978961.893674","735324244.667397","811191392.224277","1000555218.03209","1209870147.49099","1378175524.11186","1205188647.93163","1143216456.56796","1092560364.51959","1037329604.35108","1082867507.33142","1515234743.47367","1839081463.27676","2000704744.91538","2010083833.1726","2481307077.10989","2480540845.33242","2737049230.70442","2574494355.73357","2720332134.53623","3130309995.30848","3137886994.52207","2840195190.36905","2934593467.68589","2907118416.87259","2654462465.88236","2673722828.62205","2919647992.19608","3597090047.05882","4043553260.57916","4204651893.54085","4586828062.23529","5875787545.33335","6502945305.07812","5474381527.61718","5367561640.00001","6088690667.31519","5742748405.54688","6555590641.56865","7070015473.96076","6264753585.625","6471287668.59924","6430258224.58825","7184336760.39215","7383494129.41175","6730733230.81714","8623241326.74405","8800432773.73544","10003897341.1766","11125788838.2812","",
"Moldova","MDA","GDP (current US$)","NY.GDP.MKTP.CD","","","","","","","","","","","","","","","","","","","","","","","","","","","","","","","3592857043.05057","3094565870.64237","2319243435.96096","2371813323.57343","1702314267.59123","1752999370.46158","1695122173.91304","1930081168.83117","1698717504.65549","1170782957.37443","1288429391.79951","1480673594.05602","1661818168.4226","1980907434.76826","2598249555.89984","2988342907.03096","3408255450.5509","4401173151.93767","6054824248.24221","5439434271.78807","6974982369.60155","8414352020.49442","8709138634.82921","9496717875.51932","9402090137.7423","7797667196.73087","7980917075.7748","9514404016.20949","11252353420.8798","11736797054.6965","11530746234.4492","13691869264.0794","14525337523.7271","16711906746.2133","18206842140.7615","20351796275.2943",
"Madagascar","MDG","GDP (current US$)","NY.GDP.MKTP.CD","673081724.751168","699161944.558097","739286907.592778","759345863.732667","802482183.728778","833563472.9981","900264584.590829","956436932.101291","1031669637.39553","1056391055.59617","1111859570.88252","1199507631.07603","1341590690.41365","1653062335.00286","1917508190.04689","2283049215.35339","2181844178.5534","2358930406.0689","2669755115.10935","3463565853.81023","5201818347.79882","4759333998.36746","4784977325.95803","4686457031.2269","3905938480.86119","3802557894.8719","4347989788.09257","3212900555.8091","3189456965.0482","3175638332.64471","3931334875.01376","3254713056.02171","3714966678.33381","4063298919.2868","3522227092.22839","3838100903.74974","4931861038.70763","4262965419.74998","4401967632.73718","4277903780.29131","4629247203.84524","5438332601.90798","5351701663.40807","6372498889.66585","5064732626.29389","5859269752.61332","6395712490.94304","8524620889.57747","10725137723.6549","9616879409.43789","9982711338.07029","11551819617.874","11578975061.9479","12423555455.3853","12522957399.2281","11323020701.3017","11848613858.442","13176313593.5509","13760033282.2925","14104664678.5063","13051441204.053","14354731964.3258","15342178598.2475","16036707975.7567","17592832696.1336","19620352035.7899",
"Maldives","MDV","GDP (current US$)","NY.GDP.MKTP.CD","","","","","","","","","","","19328038.3157895","21566404.0169133","25177137.5286041","30862041.60401","39120171.2468193","24540877.6041667","22399467.1052632","20853788.7115165","24369109.1415831","38523364.4859813","42463576.1589404","44781456.9536424","47911340.1834794","57829787.2340426","109503546.099291","127190757.959989","141882254.230178","141223029.383064","168514513.375071","189514434.244","215043969.849246","244396761.92334","284875809.039634","322417837.161971","356014932.136461","398988954.970263","450382327.952421","508223602.378929","540096397.621071","589239753.610875","624337145.284622","870031676.798793","897031250","1052121054.6875","1226829562.5","1163362437.5","1575200390.625","1868383460.9375","2271646187.5","2345294875","2588176054.6875","2774350240.04918","2886163997.20531","3295009237.50107","3697353039.20043","4129505319.12921","4409942623.85538","4816426256.52914","5404344162.69888","5726094799.37709","3712604583.36665","5252457369.55218","6177123352.26211","6621008703.95743","7061608267.25451","7741066860.6337",
"Middle East, North Africa, Afghanistan & Pakistan","MEA","GDP (current US$)","NY.GDP.MKTP.CD","29022489624.3066","30984689554.759","30830709046.0552","33978839255.8192","37874017592.1215","41649895980.8621","44824829966.4035","48699744028.4309","55351685253.6118","61445240897.548","69465924170.1677","79180667168.722","93291225242.6846","121479333503.911","220675381942.554","242539983090.512","301300355965.755","349590827933.242","371532462767.179","483126925590.515","621236189345.531","640114230370.351","641803462745.011","649493309797.781","656567090573.901","668176913263.875","676537575908.849","631758723120.986","631572528869.458","651128046467.057","836867640836.182","673694780582.99","711007498209.201","666662575625.484","703413205095.729","779320006736.883","862935523841.37","900703249116.7","881949381134.232","954642370741.488","1098655593166.16","1090274286299.12","1084280957543.71","1208787816829.47","1425039121626.98","1696746049955.37","1984464158642.67","2340610689867.66","2892703776066","2608280183520.45","3045879622174.25","3665474220711.56","3953860671042.37","3918727955940.41","3958172789906.38","3561595503548.09","3627179370571.64","3798189271504.22","4053744446046.43","4022588786208.41","3592277157538.87","4315472921456.39","5035779695254.83","4902253052059.01","5103019931842.71","5135569539885.64",
"Mexico","MEX","GDP (current US$)","NY.GDP.MKTP.CD","13040000000","14160000000","15200000000","16960000000","20080000000","21840000000","24320000000","26560000000","29360000000","32480000000","35520000000","39200000000","45200000000","55280000000","72000000000","88000000000","88875923765.072","81912018783.5024","102648570299.117","134531900898.926","205577055465.993","263797827860.494","184602611609.517","156167000432.994","184230754105.394","195241069482.077","134556034672.991","147542558208.888","181611150496.787","221403098266.77","261253675692.838","313139656145.745","363157832923.734","530160763662.543","553618247900.74","380157469866.849","432157945024.428","523449530464.257","557461102630.658","631249359702.389","742061329749.127","796064590549.136","810666116401.915","765549967888.647","819459227375.022","917571853437.344","1020265057882.01","1102355554880.44","1161553459984.65","943437414950.633","1105424238651.95","1229013703416.76","1255110424741.85","1327436290439.27","1364507717689.36","1213294467653.78","1112233497452.7","1190721475853.16","1256300182983.65","1304106204006.27","1121064767168.8","1316569466833.94","1466934724243.38","1794410347718.25","1830489311088.89","1832641364775.52",
"Marshall Islands","MHL","GDP (current US$)","NY.GDP.MKTP.CD","","","","","","","","","","","8408486","9116810","9973652","11607366","15217532","16691301","18153647","20210069","22209370","25545346","26710653","31020000","34918000","41749000","45144000","43879000","55989000","62983000","70688000","72798000","78476000","82507000","91063000","99461000","108071000","120230000","110858000","109884700","112070100","113352100","114838500","122406100","131960000","131128500","132900000","138000000","143200000","150500000","146600000","151200000","161100000","172300000","180700000","186400000","186000000","183700000","201800000","213700000","220000000","232900000","241800000","261245500","258723500","264000000","285000000","308000000",
"Middle income","MIC","GDP (current US$)","NY.GDP.MKTP.CD","262514311188.472","266305753495.306","270038790342.482","297394660875.013","335350133321.719","368782596543.763","382450574739.667","393906772488.395","417504741522.658","465502325134.697","509472358150.351","547838819762.71","614809135197.179","784674913014.6","1004311944052.55","1106987601565.27","1193943348910.76","1340151552432.11","1484465133908.83","1729249099201.8","2048944510715.85","2300960722344.57","2269690373786.68","2201975610298.56","2254872375299.23","2347472444952.96","2392957461474.54","2453795131278.81","2626606208682.46","2793399798325.36","3195723188081.61","3100370410005.62","3299959069131.64","3563133544190.01","4002155644697.72","4669768346889.9","5181157477394.43","5510728497286.53","5415771029696.37","5220210300683.09","5675807560243.59","5698308087221.4","5771947167690.29","6442572753678.03","7574430502189.41","8955078429959.13","10560130122160.6","12979297389135.4","15459320842699.2","15524656827265.1","18906893796333","22151023341680.6","23639759043791.5","24981032983624.9","26093245096359.9","25243424508586.8","25537051889993.7","27920575307382.3","29703780736503.7","30585555169458","29584575558650.2","34913762453380.2","36531426959364.9","37598001937865","38887384674053.3","40836798203180.8",
"North Macedonia","MKD","GDP (current US$)","NY.GDP.MKTP.CD","","","","","","","","","","","","","","","","","","","","","","","","","","","","","","","4699646643.10954","4938775510.20408","2436849341.97604","2682456896.55172","3559608639.98379","4707041315.24202","4642021256.30689","3912986090.97363","3765745023.2074","3863619284.77939","3772859034.20508","3709636030.66578","4018365747.00972","4946296599.08467","5682784471.69722","6258602872.67898","6861226971.55617","8336474973.72949","9909552434.51136","9401736825.42688","9407170321.37752","10494626767.6445","9745261300.57788","10817702346.0674","11362265252.778","10064519962.5655","10672467073.2873","11307067069.6658","12683068114.2388","12606338448.547","12361036913.8409","14000283827.0154","13932436550.0883","15855131188.9092","16951682221.3962","19101199817.0174",
"Mali","MLI","GDP (current US$)","NY.GDP.MKTP.CD","","","","","","","","275494477.586098","343771972.993855","339913867.092785","359772315.102198","395218628.920694","486617280.255549","563683703.304705","538747339.956033","830710615.179954","939228017.24779","1049838548.10919","1222702572.84699","1595422955.64433","2704362788.89611","2234583940.38676","1680304773.44143","1496616126.58634","1387809614.74905","1594347021.37347","2132938007.1056","2437004679.62818","2712207900.69838","2824822489.24628","3248417790.51435","3576562681.77395","3680775036.92681","3632801877.04464","2655768635.64569","3373322735.47027","3743103419.72181","3414879485.57287","3894433432.46149","4091446054.14913","3521570875.85064","4124281593.68874","4647238256.56563","5605613011.29141","6485774930.41503","7429066951.56583","8212007553.99393","9699047442.57905","11462490840.2195","12155217832.8039","12710739159.5014","15452791788.9356","14795114602.6122","15747192680.9971","17081681993.2577","15583181170.4105","16743796799.8329","18308362040.0521","20368015381.2413","20477421884.5414","20698560938.7775","22999245262.6719","22539987718.7642","24777941860.767","26761281076.7658","30069148580.7688",
"Malta","MLT","GDP (current US$)","NY.GDP.MKTP.CD","","","","","","","","","","","250728796.288378","264578484.770195","295106628.339343","345616105.882558","376081124.273469","474618321.462361","527936988.791275","625563170.67121","793673401.641079","1001288846.84016","1250198601.09268","1243509393.61947","1234474404.03152","1165729706.8704","1101807023.04918","1117797439.14234","1435038441.11922","1751293460.68921","2019503068.03393","2118655676.67649","2547328747.50761","2750216746.88426","3021942758.83978","2709193538.42526","2998505428.14593","3709396089.03632","3822547151.38465","3787023654.73234","4010111651.76761","4111857836.40036","4036809766.6603","4070867153.47963","4455127397.86786","5418315225.49353","6104141501.07928","6393234964.93061","6749838861.63176","7908412373.84313","9172399572.85742","8769897418.38144","9097044301.48168","9789363086.07492","9609530618.89688","10796780874.0524","11888029751.5962","11340789705.8045","12025777078.0922","14161374599.3379","16153785816.8181","16337788880.578","16404655807.6687","19730119030.6198","18938869147.0818","22625329775.6867","25042712191.3281","27771821560.9411",
"Myanmar","MMR","GDP (current US$)","NY.GDP.MKTP.CD","545098447.640862","605581577.287066","634528872.02036","598998418.724583","411419905.846621","367053117.224523","293103478.548483","420359035.897436","559956130.283622","571854214.589142","563555630.769545","587448405.488773","662213082.741535","719754655.358964","1225589878.06809","1061107353.67232","1204699849.12592","873579931.929901","935408774.951918","952265043.438383","1038225167.05882","1111000765.28987","1481165467.83214","1381573615.2513","1304063253.04136","1478908173.26796","1582873750.32068","1562448076.65689","1541088312.25453","2013448228.72975","2115193513.29556","2069832686.98061","2411552288.76212","3163020034.63637","4432257173.6492","5289174942.53404","6123556716.81329","4722288495.66085","6459461639.30243","8486832800.88498","8905066163.58643","6477790688.22844","6777632512.0781","10467109977.6717","10567354056.4049","11986972418.5103","14502553709.8303","20182477480.5512","31862554101.9378","36906181380.8127","49540813342.4834","59977326085.9908","59937796648.2158","60269732854.827","65531374199.6663","59607290407.6191","63298361996.2153","66053040483.0016","67860515989.517","75065106227.6892","79006113643.1906","66345291160.1683","62253049891.6449","66757619000","74068349523.8095","81665773809.5238",
"Middle East, North Africa, Afghanistan & Pakistan (excluding high income)","MNA","GDP (current US$)","NY.GDP.MKTP.CD","21951472910.6492","22897686866.9566","23311084909.88","25680699755.95","28686249650.6894","31805270082.2972","33969222906.6319","37310104882.0406","41897056409.8794","46594338124.3513","52340685839.1803","59203404926.4754","67256893601.3201","82948300176.475","127536402558.075","146512034407.919","180747741004.255","208782139713.407","224123730505.341","278630477095.675","338338373925.484","330377717335.989","369223568282.779","404172364874.716","422201894143.407","453639097860.538","487666576966.677","426964720268.24","414053622198.115","415824495443.931","561877077035.318","380581307810.631","390454379064.224","344284389323.809","361933969778.076","403354671398.263","446894233271.764","465770068925.84","475820335214.519","515243741362.746","577555393310.858","580255087940.943","565029334317.57","624719536900.607","739740924019.894","857124962326.471","996469269796.192","1209996489935.98","1469142385234.62","1421593053226.48","1629127925063.32","1909176954972.57","2056110731997.59","1933842437518.53","1923472432973.06","1784466385695.77","1852920687942.14","1882187717766.39","1881940334175.63","1838491544905.83","1672646665964.66","1944658742702.15","2165681910516.43","2094194824252.19","2197681462518.61","2132889870483.32",
"Montenegro","MNE","GDP (current US$)","NY.GDP.MKTP.CD","","","","","","","","","","","","","","","","","","","","","","","","","","","","","","","","","","","","","","838288806.001293","854261160.714286","828950327.353261","984293043.811565","1159869245.92513","1286314054.19177","1708196980.68706","2077046941.92317","2258016379.81634","2719979875.03411","3682586459.42836","4559410049.1032","4159063347.27246","4136936243.54334","4507127584.90565","4071828832.31109","4422097042.14762","4579635403.65249","4010884106.80136","4357467226.269","4803964684.21648","5433469310.85184","5483622632.13097","4734192593.29169","5822908963.58053","6259721790.0652","7643318276.40347","8274290505.96367","9232801464.79257",
"Mongolia","MNG","GDP (current US$)","NY.GDP.MKTP.CD","","","","","","","","","","","","","","","","","","","","","2101394100","2310099100","2552401933.33333","2725736633.33333","2098734600","2186505475","2896178866.66667","3020611600","3204461566.66667","3576966800","2560785660","2379018326.31579","1317611863.84977","768401634.154573","925817092.217484","1452165005.2384","1345719472.35883","1180934202.83801","1124440204.84738","1057408588.68269","1136896123.61298","1267997934.3125","1396555719.97409","1595297355.78349","1992066808.09598","2523471601.10421","3414055661.61598","4234999703.90059","5623216608.04288","4583850367.88972","7189481998.90094","10409797377.8571","12292770631.565","12582122604.2577","12226514668.0622","11619892590.6941","11181350649.3573","11480847740.736","13178094720.4986","14206359017.5143","13312981429.0891","15286441737.6686","17146471713.748","20325121393.9074","23794540024.5132","25369107325.4549",
"Northern Mariana Islands","MNP","GDP (current US$)","NY.GDP.MKTP.CD","","","","","","","","","","","","","","","","","","","","","","","","","","","","","","","","","","","","","","","","","","","1284000000","1239000000","1210000000","1061000000","990000000","938000000","939000000","795000000","799000000","729000000","746000000","772000000","832000000","910000000","1230000000","1560000000","1301000000","1179000000","866000000","914000000","1096000000","","","",
"Mozambique","MOZ","GDP (current US$)","NY.GDP.MKTP.CD","","","","","","","","","","","","","","","","","","","","","","","","","","","","","","","","3854856434.58062","2798696511.18156","2883161897.42651","2958108170.32061","3061646173.73938","4030146134.5706","4873663774.93019","5551118148.73836","6285219691.22462","5930685214.61595","5650154067.10346","5950769426.60213","6583526860.58062","7937255565.35765","8868504899.94673","9509835536.93373","10811456005.9405","12920340964.6544","12263894790.0125","11411894723.864","14619279988.716","16688114144.0745","17198073057.1981","17978246586.0662","16208985769.615","12069051237.1711","13264640645.7768","15017358952.8452","15512759046.672","14235420174.1884","16168055475.4449","18884232598.8698","20927498317.3094","22752244245.473","22337997046.1913",
"Mauritania","MRT","GDP (current US$)","NY.GDP.MKTP.CD","","159213430.204754","164271557.513473","168186297.281077","224495743.865038","255340474.997828","266533605.185831","282615310.216284","311395937.322956","295062308.474696","309405315.98667","335568907.051937","391669449.290746","493237876.273031","613010552.500776","703377837.452223","775045516.827791","799030017.057464","804629876.848091","951900945.252492","1047925105.54497","1105494681.63193","1108776652.78389","1165171263.34593","1074373230.36274","1009723326.32808","1186628778.4874","1344664724.68991","1414951290.06682","1450647019.18099","1506914407.82047","2133692696.74857","2164298425.48412","1847353211.3475","1944876755.00708","2091726101.43014","2132087009.28942","2071996564.05296","2032347664.94993","1985922775.53351","1779520886.47015","1746063557.61355","1777057481.26043","2051147606.73687","2362501023.24249","2936019525.60241","3919577285.92703","4346212355.02975","5206437193.80413","4714595547.75102","5628878797.98257","6764627745.9033","6728208836.22143","7230646063.35983","6615483550.17817","6182303676.55144","6407900701.25829","6812472965.33868","7475471309.52265","7894764885.82312","8260567356.81635","9221044666.76483","9562497460.55394","10687541640.1299","10879212033.4823","11679910946.4371",
"Mauritius","MUS","GDP (current US$)","NY.GDP.MKTP.CD","162089563.829564","191757729.477729","197738207.858208","253839557.949558","218914569.184569","230024160.524161","227534083.454083","238439290.867222","206576630.576631","221553612.873613","224125805.005805","251437337.841491","318664899.637091","404285775.079719","669894029.624369","673311287.073382","713510051.522669","834722972.199873","1029040323.36704","1227446632.17561","1147027924.10804","1157769443.59463","1092923635.57767","1104956573.09802","1054564759.05328","1090611324.6814","1482601552.40192","1906174437.96762","2163252449.13108","2211312823.20576","2689212760.18576","2895354736.18332","3267677814.23984","3307302125.87528","3606050873.0139","4094741652.30048","4481489761.54368","4243755307.55239","4225813976.36359","4402193195.46945","4726108622.47661","4675755867.17657","4906494249.38255","5894873919.74797","6667418752.07307","6576108447.47531","7137710412.93687","8277474849.95045","10127741914.5324","9264482255.83389","10144716154.9356","11677718382.4259","11832323837.1071","12434596541.2996","13230490081.5656","12162211503.0793","12757680846.5663","13896938315.2799","14957535715.9696","14645235204.6176","11566111137.5568","11622048696.8129","12936444123.3037","14072212290.4596","14938055690.3609","16157804491.7614",
"Malawi","MWI","GDP (current US$)","NY.GDP.MKTP.CD","","","","","","","","","","","","","","","","","","","","","1801156774.56852","1801193909.52073","1717379494.63245","1780148049.43635","1758028656.12928","1646442272.89094","1722586299.409","1721711808.48111","2008189508.37875","2314205129.58032","2737087861.62245","3206783830.41779","2618837835.02508","3013392657.99911","1719864761.30628","2033701497.97085","3319573749.6119","3875785863.38323","2547609590.06984","2584478924.06081","2537307580.32808","2498008664.6691","5087328437.8737","4669789300.35662","5058726350.48896","5320409651.47544","5818279739.14354","6451210219.11683","7743617352.21427","9009887946.82039","10128323010.6049","11648142958.3651","8773203178.16512","8031571927.62055","8801326169.14547","9219474379.31534","7909868618.46366","8943543793.5839","9879220354.29186","11051852712.6142","11769313597.8545","12378119199.0839","12429059928.102","13363669672.9405","11311971400.3864","14918276698.303",
"Malaysia","MYS","GDP (current US$)","NY.GDP.MKTP.CD","1916229477.13657","1901856122.72231","2001489602.18475","2510110348.16184","2674423922.48842","2956337669.29525","3143517943.82632","3188924677.08953","3330371551.21161","3664552041.34299","3864145667.41365","4244395955.78358","5043347250.41815","7662902677.9027","9496204301.74981","9298800799.46702","11050234598.6249","13139488632.5546","16358079862.1096","21213264962.0141","24488224677.2105","25004285791.7865","26804493635.3297","30347442110.9316","33942897422.0465","31199633352.9598","27734111399.7525","32181210157.9671","35272109220.1988","38847965292.9185","44024585239.6137","49143148094.2683","59167550162.956","66894966968.9736","74478356957.7808","88705342902.7113","100855393910.486","100005323301.867","72167498980.8398","79148421052.6316","93789736842.1053","92783947368.4211","100845526315.789","110202368421.053","124749473684.211","143534405818.501","162692258307.056","193549569477.733","230811614370.384","202257453036.641","255017638455.59","297951668674.835","314443047642.111","323276235524.415","338066095097.254","301355266964.947","301256033870.334","319109094160.343","358788845712.53","365177721021.516","337456163961.211","373784553029.978","407830525989.553","399949418752.657","422227005428.688","472193128644.597",
"North America","NAC","GDP (current US$)","NY.GDP.MKTP.CD","582624755153.847","603055003182.732","646056325348.93","682281489551.125","733740484526.021","796652272547.487","874400174025.376","925611758906.731","1012423833006.16","1097008083538.61","1161681557632.31","1264667554743.51","1392809248873.62","1557409843565.64","1706504788139.06","1859668757176.56","2081069912576.06","2294598176304.65","2571444342386.25","2871741324295.71","3132696865996.05","3515026742787.86","3659222307440.61","3976793677182.73","4395317100091.54","4706204512481.65","4959811337023.72","5289645738278.71","5747233127658.55","6210293493275.24","6560811991360.99","6772291612315.61","7116394258318.85","7439432921639.4","7869047506907.26","8247740840061.21","8706425384132.74","9235472549085.8","9699947073918.43","10312910648521.3","10999205634931.6","11324591275355.4","11693695836551.6","12356178599084.6","13248371709917.8","14217183637402.9","15141018255289.1","15949815407783.3","16329835439550.1","15859350766599.6","16672954718091.5","17399380418900.9","18088707665072","18733732587414.4","19420303676809","19858183921200.2","20339809161640.9","21268513812514.6","22389072713237.7","23291134417156.9","23037855330882","25755312987896.8","28262944669046.3","30016713196347.4","31577283688683.4","33099237425506.2",
"Namibia","NAM","GDP (current US$)","NY.GDP.MKTP.CD","","","","","","","","","","","","","","","","","","","","","2421990338.12083","2249908578.03115","2118710248.32937","2297400687.55049","1951260037.94542","1608237350.44365","1809048527.11034","2300068216.96898","2495094746.44024","2535135797.50766","2789921853.53112","2996869281.48364","3429521699.4026","3251188833.14533","3666503529.62911","3978514206.31168","3989163196.56767","4154989950.00393","3873109865.55683","3868551730.39163","3922232164.83175","3557341215.15159","3349169826.38896","4926439383.51425","6609205994.77406","7248374837.72056","8001779551.06323","8839536475.99963","8607431497.49471","8938847189.07592","11431412421.1316","12523359440.5499","13042053591.6857","12043307277.1235","12435430969.6301","11335161083.5061","10722018732.0936","12895153370.9132","13682019076.4022","12541928303.48","10583748541.5258","12402486183.6396","12569449123.3661","12522012873.7957","13641190683.4641","15080340653.5276",
"New Caledonia","NCL","GDP (current US$)","NY.GDP.MKTP.CD","","","","","","159594492.463655","164206536.445162","180036767.648861","215507162.56893","263108841.338416","358815684.071892","413985778.589656","506808996.694661","542293399.862618","637403478.492486","816652164.400241","798313521.689803","837620126.558528","846004687.758093","1047225723.57386","1182463951.21814","972564154.815131","904599869.725833","823857893.163123","796066194.738573","854820893.577136","1201321513.76667","1488093101.50275","2072775508.14796","2185082938.93078","2529440424.16648","2653780672.09555","2923883281.08579","2822243780.97543","3038728384.86634","3628440505.14193","3606968435.99917","3291131281.04099","3556304832.68104","3647802049.80911","3420032041.07385","3297734891.14661","3740056747.71979","4915353827.10576","5895008977.9531","6238629487.01331","6979155387.86792","8819917180.34265","9067619760.07073","8704438102.20142","9364350076.91225","10351448004.7674","9659151917.40484","10151382933.1594","10635035594.7528","8738203074.3957","8724568954.89799","9174048681.98577","9896402283.68587","9475655324.59495","9454629467.91408","10071349663.8484","9623318718.31459","9769167530.35744","8548919387.12607","",
"Niger","NER","GDP (current US$)","NY.GDP.MKTP.CD","449526873.29589","485785230.978987","531736599.250464","586294878.744643","582816396.404409","673383510.812866","702296078.593173","665586872.274446","641214226.209493","625867985.273798","649916621.242978","693573703.630273","742779660.818693","946385105.193732","1026137110.89309","1048690933.21027","1064517601.29025","1291458041.46193","1774365589.70815","2109277665.69912","2508524720.71895","2170893414.3888","2017612215.97935","1803099561.20046","1461243326.12882","1440581652.39853","1904096998.30009","2233006104.92776","2280356192.76273","2179567114.33391","3512356507.88599","3285796874.97125","3386232579.22522","3052673849.25181","1938058175.21399","2302537562.24406","2405686940.0464","2290318910.20658","2643363518.99272","2537789820.69295","2241753192.81158","2448714703.96617","2782192878.67204","3394084732.49543","3760443737.53797","4383315964.58718","4756361252.37923","5731485051.79069","7297600226.00536","7352131309.73341","7851192502.30917","8772950777.79176","9426912647.59111","10224897437.8648","10862943543.5419","9683867926.44282","10341025540.2322","11359273443.3897","12800907985.9863","12420836506.7888","13648332189.7307","14936154253.3242","15531799640.9005","16949765463.9058","19729786046.7618","21646191388.2507",
"Nigeria","NGA","GDP (current US$)","NY.GDP.MKTP.CD","4196174501.5302","4467287893.08484","4909399176.24033","5165590253.7639","5552931318.82747","5874537650.18494","6366917453.23302","5203237918.70483","5200997919.60083","6634317346.27306","12546094981.562","9181769911.50443","12274416017.7976","15162871287.1287","24846641318.1242","27778934624.6973","36308883248.731","36035407725.3219","36527862208.7133","47259911894.2731","64201788122.6054","164475209515.939","142769363314.176","97094911792.0489","73484359521.4887","73745821158.2254","54805852580.9129","52676041931.1087","49648470440.4593","44003061108.4005","54035795387.8086","59526833412.3581","52058181853.8055","56721051402.4732","80399613063.6364","140919776986.364","185730236700","200850397618.182","218416200672.727","59145077039.1437","69171451627.2465","73557840064.489","95054059302.6995","104738954264.226","135764731645.611","175670569969.346","238454997161.48","278260846800.103","339476276257.793","295008835380.997","366990417129.04","414466676831.16","463971018239.281","520117180313.906","574183763411.508","493026682800.63","404649125252.16","375745731053.427","421739251509.08","668219992686.575","598586817817.392","609147716965.348","646950257575.455","487387801877.803","252261880140.271","290794361542.112",
"Nicaragua","NIC","GDP (current US$)","NY.GDP.MKTP.CD","227223322.141537","244144236.65331","269283803.686825","297324163.095513","347119918.158577","564290020.384288","607140010.475682","657140010.747554","692859984.612158","750000002.894903","778569938.824225","828569953.4744","878570045.450998","1092900014.79168","1521400011.53463","1581599958.5989","1836899998.94579","2226999873.71856","2127699978.78077","1567599981.69806","2144300006.18028","2474700227.04662","2454499872.03789","2753100057.78802","3117599872.08764","2683699935.36479","2885799993.91571","3851200117.77355","2630900095.60219","1013184755.57026","1009455483.87097","1488804123.71134","1792800000","1756454248.36601","3863185119.04762","4140470000","4308351902.78601","4389973489.86032","4635347385.5446","4856026259.07657","5109587049.97449","5351752034.2221","5223727302.54906","5322228350.58068","5792932838.40051","6321324279.14826","6763672380.61154","7423375014.75729","8496967596.77008","8298702489.0801","8758602232.98358","9774329332.71276","10532017231.8253","10982988249.2103","11880438824.4494","12756696261.0676","13286093388.4752","13785893007.4769","13025221974.232","12699023614.245","12726422432.4868","14209019392.3025","15634573555.9049","17805842220.7571","19696311850.3289","22237167113.0916",
"Netherlands","NLD","GDP (current US$)","NY.GDP.MKTP.CD","13282979014.563","14599836396.388","15847582341.1664","17193744109.0367","20232048552.8327","22721869808.1438","24741480717.0389","27143828098.7481","30097635750.982","34086038090.3986","38220884519.3888","44644730576.4411","54787070173.0294","71946639602.7117","87371810804.1643","100397061693.97","109329386564.427","127203923857.412","156089077205.133","179933827309.678","195439301706.939","164375775854.456","158712765536.024","153671294108.563","144124462912.088","144057523221.868","201157708220.903","245406949521.323","262295966105.474","258716904291.801","318799003993.707","327982316124.47","363497050125.313","354070495965.828","379688232231.505","452967334614.329","451372549019.608","417506211881.635","438612530548.767","447778514140.155","417649282153.726","432536219668.898","475529972122.746","582435617081.96","661224886143.245","688133699635.797","737593995289.411","853499460872.552","957901566041.406","878954223140.234","852464982433.335","913140741332.687","845689017065.625","883951539006.669","901556501756.467","775743675302.734","797163949289.885","848233537845.884","929733599796.862","928903005576.469","932560861701.17","1054472123449.6","1046540797548.64","1135475867551","1213936238063.28","1332767651100.39",
"Norway","NOR","GDP (current US$)","NY.GDP.MKTP.CD","5172811442.41911","5642867671.71849","6078186244.59462","6522268052.83911","7172430304.05326","8073570565.93266","8712528094.54776","9532076025.937","10178705992.4833","11083505596.0497","12753503478.9791","14523306736.2066","17283931878.2065","22433660550.1405","27033413361.7344","32742543381.3542","35815449463.9421","41362637362.6374","46355988783.5492","52935763511.779","64176789763.5245","63392804251.2414","62453362255.9653","61417685433.9126","61866078539.4842","65211464197.6457","78438205741.9503","93913320964.7495","101497621605.033","102226808603.085","119344377526.08","121149331317.774","129998873602.06","119841699440.38","126324387893.902","151083627983.331","162427517132.314","160013571973.874","152955958171.529","161304620986.768","170620327660.251","173590978346.698","195359978957.389","229192678172.933","265662977688.108","311417306946.061","349773283644.925","407813774161.08","472060283687.943","395664488017.429","440132138425.479","512868581627.712","525082939406.962","540132255319.149","515829568897.117","400669174330.888","383284047619.048","415673181543.421","454588871810.636","424244886363.636","382252517921.94","521592200232.829","617321834098.986","502197633322.816","500886328034.123","530755719438.879",
"Nepal","NPL","GDP (current US$)","NY.GDP.MKTP.CD","508334413.965087","531959561.62226","574091101.194382","496947904.443033","496098775.308642","735267082.294264","906811943.824649","841974025.462659","772231386.914829","788641965.432099","865975308.641975","882765471.604938","1024098400.35619","972101724.995368","1217953546.97604","1575789254.46938","1452788984.86265","1382400000","1604162497.45945","1851250008.33333","1945916583.33333","2275583316.66667","2395423741.79762","2447174803.37791","2581207387.79709","2619913955.51556","2850782044.04306","2957255379.54315","3487009748.35638","3525225786.58691","3627560239.48997","3921476084.89072","3401211581.29176","3660041666.66667","4066775510.20408","4401104417.67068","4521580381.47139","4918691916.53516","4856255044.39064","5033642384.10596","5494252207.90502","6007055042.17687","6050875806.66403","6330473096.54071","7273938314.71988","8130258377.90964","9043715355.8881","10325618017.379","12545438605.3959","12854985464.0764","16002656434.4746","21573872420.7008","21703100877.1309","22162204924.5726","22731612922.1906","24360801286.7638","24524109483.5293","28971588940.364","33111525237.149","34186180699.0255","33433659301.2466","36924841394.2605","41182939519.8161","41049329851.0546","43298911699.9284","45489810283.1132",
"Nauru","NRU","GDP (current US$)","NY.GDP.MKTP.CD","","","","","","","","","","","17570366.2224213","19009433.3072013","21734268.6915888","26529816.7841127","35994511.422255","40106775.9115117","40287427.2028236","40444701.7664602","41754147.3043086","44431330.2283313","46947124.2339833","51689636.5958435","52877742.469381","48439093.1211979","47363231.2986778","41548740.5077855","39939390.7386682","40118409.8729486","45931133.5855646","53736786.0923378","55572375.5290496","52533788.5566282","51133123.1254326","43542088.2518269","39742511.2417848","39969705.969706","37458801.2139605","37331507.2781343","29664450.9258631","27328612.6080962","26930980.3429002","22613287.5389074","21017423.6082043","24778159.5806639","30587565.7988334","30070666.0652533","29200359.3890386","22766972.1889659","37602264.7306872","44176245.5492433","47562844.6104251","65071879.7787162","101055722.95058","94385014.9425842","99149244.4001333","84863440.5801997","97541943.0355053","109355638.866955","130995566.30391","125160115.547819","124685688.161094","149268323.992868","180671357.349805","161531316.884061","167833414.846177","176040043.932346",
"New Zealand","NZL","GDP (current US$)","NY.GDP.MKTP.CD","5536098360.49526","5721994864.23066","6133158532.21667","6699741645.07827","7340766415.01868","5706251400.19577","5917437693.37459","6016017227.09124","5228045415.27318","5814357708.51005","6495605330.94411","7911136757.06867","9567331064.65727","12802281897.8712","13940981798.1247","12861983284.3912","13604832424.0062","15446825318.4556","18530518394.6488","20731243113.2926","23244547384.6748","24417617184.2478","24164603058.9949","24309279705.5731","21665975318.8842","24679795396.4194","30604668356.5695","40376354069.9474","45176811594.2029","43920222524.7085","45495129385.0475","42745329732.163","41649829859.6342","46775620817.4327","55314732279.1379","63918703506.9075","70140835299.0148","66075143415.4952","56227169851.0448","58762260625.8758","52623281956.7031","53872425916.6248","66627729311.4495","88250885550.2626","103905210084.034","114720129550.095","111538810712.665","137188946865.584","133437126590.286","121663439315.385","146887902524.052","168458838711.118","176508049114.249","190943478289.796","201435445068.164","178147457242.978","188980351890.848","206561943051.354","211726161989.495","213088034258.42","213318129988.602","253732493987.834","249723029451.237","256372177757.764","261497198363.906","264057413739.965",
"OECD members","OED","GDP (current US$)","NY.GDP.MKTP.CD","1062841719232.63","1133702376244.47","1225938927272.44","1319615976705.73","1444181513943.63","1569066175922.82","1717892614248.92","1836300238018.25","1991987221224.54","2195440068708.58","2405807007730.75","2665486006287.6","3096949726907.79","3749808809394.65","4206138222982.96","4713265708508.11","5107686741760.2","5761752851908.58","6939118143810.71","8008774769355.28","8893187859939.41","9057826626387.92","8916333542752.18","9218750722174.5","9635840635986.99","10143870168742.7","12302900423371.4","14252214899479","16073835168616.3","16812814432437.2","18927536081483.4","20039911664796.5","21561169598530.3","21906239018901.5","23421916750614.7","25867831172924.9","26094310406311.8","25697173077083.4","25844629792768.9","27152879473912.4","27778488573282.7","27514799599349.8","28704330298725.5","32089713975113.4","35719361405775.1","37779302577053.4","39873621654155.2","43663244462480.1","46373966166329.6","43394862640331.7","45526677050419.5","48976221855396.9","48933153056612.9","49637322451829.6","50718548398932.9","47849615079402.5","48791020854023.8","50962966454996.4","53918014151383","54485019277771","53331159716240.7","59666281326989","61286449816069.9","65416979138062.7","68279421598473.9","72543267888365.3",
"Oman","OMN","GDP (current US$)","NY.GDP.MKTP.CD","44234656.4535004","45634487.3539276","56273202.1971746","59912762.5382854","61872525.7988835","63279974.6880101","67759972.8960108","107151832.489651","188879848.896121","239999808.000154","256319794.944164","301010587.102984","366883548.347591","483066990.612417","1645917776.49102","2096699189.34569","2560220034.74233","2741169947.88651","2740301389.69311","3733352634.62652","5981760277.93862","7259120150.55009","7554719455.70353","7932541690.79328","8821443150.92488","10005645420.4606","7324167369.14305","7811183094.92848","8386215864.75943","9372171651.49545","13310273081.9246","12918335500.6502","14183615084.5254","14230429128.7386","14715214564.3693","15722236671.0013","17402080624.1873","18039791937.5813","16044213263.9792","17832769830.9493","22259557867.3602","22205721716.515","23065539661.8986","24733680104.0312","28378933680.104","35506892067.6203","42577633289.987","48300390117.0351","69804681404.4213","55454096228.8687","64993498049.4148","77497529258.7776","87408842652.7958","89936020806.2419","92699089726.9181","78710793237.9714","75128738621.5865","80856697009.1027","91505851755.5267","88060858257.4772","75909492847.8544","87323797139.1417","109852795838.752","106174707932.38","107137198699.61","109604780696.23",
"Other small states","OSS","GDP (current US$)","NY.GDP.MKTP.CD","","","","","","","","","","","","","","","","7536675204.26276","8756552568.98943","10751088166.3922","12466371861.2508","16393627219.4403","24469509825.3031","22822814057.999","21876317951.7335","20072665046.9033","19829824800.7996","19321547629.0152","19271096442.811","24115018696.512","25998041842.417","26569541982.5848","31954015147.636","33550913340.2058","36340445476.6316","34799288270.5363","36855488521.8451","43750838246.0409","44988678260.3284","45001855638.8828","45175657701.3022","47126365642.7187","47447997451.6871","47626338310.4085","52122511271.7999","64819510796.1105","76950784902.5047","86284958292.6193","95908328760.0445","115445997132.217","125254076612.117","107852490662.02","112786677893.28","128764141897.791","125764680258.238","130969031866.96","135415534454.347","121433689793.067","128159306240.899","143284638053.643","158084162753.728","158537272264.689","146178019948.381","172054189148.087","181929859029.679","196776788550.521","208356256433.884","228636677706.691",
"Pakistan","PAK","GDP (current US$)","NY.GDP.MKTP.CD","3749265014.69971","4118647627.04746","4310163796.72407","4630827383.45233","5204955900.88198","5929231415.37169","6561108777.82444","7464510709.7858","8041999160.0168","8683116337.67325","10027509449.811","10665896682.0664","9415016359.56604","6383429490.21091","8899191919.19192","11230606060.6061","13168080808.0808","15126060606.0606","17811515151.5152","19688383838.3838","23654444444.4444","28100606060.6061","30725971563.981","28691889763.7795","31151825467.4978","31144920844.3272","31899070055.7967","33351529274.6869","38472742808.3167","40171106279.0078","40010423970.4576","45625336680.2047","48884671947.4657","51809999353.1614","52293470813.1336","60636071684.1918","63320170084.4076","62433340468.0228","62191955814.3478","62973857068.5113","99484802344.5277","97145618479.9038","97923302809.3537","112371913740.823","132216048339.413","145208562960.767","161871385506.36","184140869997.46","202203748583.854","187337783856.466","196709621849.586","230586581059.665","250106966104.704","258657231672.412","271390474857.632","299963590534.773","313630000130.435","339205534861.1","356128166704.921","320909472770.669","300425609817.981","348516647445.148","374890295666.694","336686348609.266","371747087751.306","407307214476.222",
"Panama","PAN","GDP (current US$)","NY.GDP.MKTP.CD","537147100","599026300","652120900","722784500","776137500","852485300","928833000","1034376400","1112791100","1221305700","1351006400","1523917200","1673411700","1913793400","2188307600","2435304100","2588106000","2738261900","3244558600","3704551600","4614086400","5222421500","5769767900","5923755900","6183387100","6541517100","6797834200","6827665300","5902783400","5918469800","6433967000","7074675500","8042337700","8782585400","9365289800","9573813700","9197503300","10058854400","11019557700","11660704800","11966497000","12252906300","12800851300","13603456000","15100203400","16623906700","18659721500","21717433800","25721328000","27791215500","30231009500","35687738300","41595439700","46949496500","51427104900","55767806100","59760858700","64327688800","67316471200","69778991200","57059846500","67396392500","76479304500","83812155200","86523959100","90462600000",
"Peru","PER","GDP (current US$)","NY.GDP.MKTP.CD","2571986572.12719","2897852693.27494","3284322201.27831","3598272493.3109","4353664866.67985","5163008077.37371","6109048736.61853","6194340079.8786","5736083835.29034","6420909789.83","7432223176.93623","8289582883.67673","9189413409.28138","10994381895.1161","13858441211.4692","16931162355.4802","16131958850.6444","14544913960.5062","12491876742.9708","15954012439.1662","18136838537.725","21648214892.8828","21794535621.216","17345260564.4824","17600400384.5073","15078736875.387","21859448586.485","36889706592.6843","15439408447.2","22499558526.3682","26410386962.8019","34341465998.2003","35966302303.263","34832077220.8537","44882079766.8913","53312793687.3836","55252414130.3019","58147522522.5225","55501467877.381","50187324567.883","51744749133.213","52030158775.4055","54777553515.0809","58731030121.8671","66768703497.5687","76060606060.6061","88643193061.748","102170981144.136","120550599815.441","120822986521.479","147527631520.729","171761737046.585","192650021648.583","201175543571.392","200786250582.943","189802976285.619","191898104390.379","211007984080.911","222597009739.235","228346006003.648","201409694755.934","226406075008.878","246169867862.821","268025009709.319","291751523018.903","334854659181.893",
"Philippines","PHL","GDP (current US$)","NY.GDP.MKTP.CD","7515894110.56487","8171194424.94498","4954593071.82796","5505023238.40669","5953756194.80988","6517349771.93386","7189017887.69231","7724873935.12821","8632749269.48718","9571800652.5641","7559115516.69532","8375075629.8327","9067815521.3262","11412449735.3056","15607882555.2916","16875240683.5083","19381055197.2794","22283109803.3521","25762224562.6316","31218296292.1295","36848080898.8112","40499388869.1271","42206011275.1757","37759179894.5298","35730185633.5233","34961486348.2382","33987207294.9432","37791488666.0743","43152128958.6116","48513773720.673","50508286641.5746","51784144942.727","60422328242.1803","62036529147.1831","73159336915.2718","84644328727.4825","94648084429.0341","94106317565.0846","74492416329.9142","85640171045.1254","83669788376.9213","78921234457.5487","84307345887.543","87039092974.2272","95001999685.3314","107419977318.166","127652926368.069","155980408673.403","181624626327.361","175974755881.372","208368893151.144","234216730291.32","261920540962.63","283902828588.718","297483555338.044","306445871242.322","318627003016.731","328480736802.76","346841896587.313","376823402239.136","361751145451.597","394087359848.11","404353369604.631","437055627245.138","461671157904.74","487086123720.417",
"Palau","PLW","GDP (current US$)","NY.GDP.MKTP.CD","","","","","","","","","","","11563041","12706874","13956474","15331889","16848759","18521112","20364420","22308104","24530015","27004251","29728054","32726594","36027583","39661530","44814259","51030637","58109314","66169905","75348615","85800543","97702303","106555300","104771300","96455700","106138500","121018500","137494600","143860800","149079600","144206500","149551484.375","159446234.375","162658718.75","154566781.25","166363734.375","185658171.875","190777421.875","196012718.75","199046109.375","184049765.625","184292328.125","195163578.125","214928296.875","226257828.125","245436546.875","283224750","303326125","289983656.25","288228343.75","281954000","258985859.375","235935734.375","247470812.5","276157406.25","321501812.5","345000000",
"Papua New Guinea","PNG","GDP (current US$)","NY.GDP.MKTP.CD","230496036.879366","244832039.173126","261184041.789447","275968044.154887","305312048.849928","344176055.068169","390992062.55873","441728182.676509","485184189.62947","551263864.202218","645568215.290914","717750278.105664","858761926.08968","1299079410.43638","1467417672.17002","1356603608.09695","1511843235.49111","1640746618.68467","1947878830.62383","2293760510.9609","2545808455.52399","2498190847.39668","2368719683.44848","2562351551.04491","2552662617.18854","2423339171.50015","2647995602.28698","3143851794.08723","3656177880.70625","3546472565.69364","3219729083.06487","3787394957.98319","4377980510.05598","4974550286.18152","5502786069.65174","4636057476.42568","5155311077.38998","4936615298.79367","3789443014.61662","3477038204.01733","3521339699.07407","3081024212.42924","2999511040.19764","3536411824.2958","3927157866.96465","4865892972.27595","8354911040.70193","9545028944.34579","11670892800.5309","11619456449.266","14250786674.7766","17985138065.8549","21295168665.7247","21261338064.8783","23210823987.308","21723437010.0982","20758876952.6232","22742699138.356","24109780708.0268","24750626029.8777","23848447849.6081","26113409477.7318","31653230962.4549","30816328065.6492","30803971189.4102","32498658653.8415",
"Poland","POL","GDP (current US$)","NY.GDP.MKTP.CD","","","","","","","","","","","","","","","","","","","","","","","","","","","","","","","65977748210.5263","85500935934.9901","94337050693.2727","96043157272.862","110803635287.621","142838527115.448","160813026223.063","159893964916.817","175282269666.801","170704452714.673","172953527033.013","191823200371.284","199694463255.567","218561225998.47","256268656145.134","306999913150.525","345897630736.173","429715132137.503","535612030671.888","440891472247.096","478111630683.514","527848543023.469","498148649702.66","518179836405.36","542134167178.627","480054118583.367","473259623976.262","528356723263.073","594616632477.019","602683770144.88","605914237903.742","689170230665.35","695607470875.276","812451193396.143","917767106146.761","1035491784197.44",
"Pre-demographic dividend","PRE","GDP (current US$)","NY.GDP.MKTP.CD","24364156193.6751","25256725916.2585","27666238152.2065","31983402735.1923","30268695831.8517","33350877902.1101","36463686475.7368","34694458407.5893","37417938617.9153","42086630830.6663","47414033706.7934","46895053548.1857","55102867455.823","67902484335.5968","93597653615.4013","106608000583.775","124631310796.996","137554858322.5","156118418496.885","192716721393.453","238216835061.158","325165387006.701","308202776425.152","255682160761.561","238957760966.18","247847811937.524","214950800439.552","231283902157.28","242238712773.83","244959218938.888","397040693431.745","224731322067.218","174864985460.838","182710500407.879","190512119843.382","280321612127.713","339779202888.236","372342820435.282","394007939420.991","245465540937.774","283217741818.426","269595630764.068","312135025048.78","340468658769.863","424234077245.53","531122307170.791","668501035348.266","808147234881.565","1008759607218.59","914568494528.633","1069026111074.64","1236913792349.94","1346198739594.6","1476570945874.25","1564268518633.72","1327649722440.53","1179646343672.88","1234012453109.89","1372992333739.42","1634623930442.19","1493808964934.18","1632692476237.58","1857970259244.7","1679661211478.96","1516630881743.9","1665770125125.75",
"Puerto Rico (US)","PRI","GDP (current US$)","NY.GDP.MKTP.CD","1691900000","1865100000","2094400000","2333600000","2570500000","2881500000","3170500000","3532700000","3941700000","4460700000","5034700000","5646800000","6328900000","7002400000","7684800000","8198300000","8968600000","9910900000","11165000000","12750000000","14436100000","15955700000","16764200000","17276600000","19162600000","20289200000","22009300000","24025800000","26385800000","28161200000","30603919000","32287031000","34630430000","36922456000","39690630000","42647331000","45340835000","48187039000","54086400000","57841000000","61701800000","69208400000","71623500000","74827400000","80322313000","83914521300","87276164400","89524131600","93639300000","96385600000","98381300000","100351700000","101564800000","102450000000","102445800000","103375500000","104336700000","103445500000","100958100000","105126400000","103130900000","106426600000","113843700000","118478754280.882","126029527033.705","129368484000",
"Korea, Dem. People's Rep.","PRK","GDP (current US$)","NY.GDP.MKTP.CD","","","","","","","","","","","","","","","","","","","","","","","","","","","","","","","","","","","","","","","","","","","","","","","","","","","","","","","","","","","","","","","","","","",
"Portugal","PRT","GDP (current US$)","NY.GDP.MKTP.CD","3339150157.85605","3573719084.53354","3835883663.25123","4084251592.81599","4429202656.90741","4901711247.81592","5370108031.12859","6002607029.64663","6644693214.18343","7287555035.34403","8108235704.32357","9201604240.28269","11239117865.0852","15090564186.4268","17512391475.9274","19347607843.1373","20332831564.9867","21439523310.6338","23487614051.0949","26622819672.1311","32896519823.7885","31977276872.9642","30527754793.1382","27239650741.9472","25217969049.5755","27115807742.0873","38745901353.7059","48182925857.4071","56347250696.3788","60594092182.3275","78713860216.5659","89233599278.4792","107592098307.098","95009751901.2592","99688641304.3478","118122007430.012","122630089680.27","117016535162.95","123946327916.296","127470385557.184","118605192877.388","121604107164.997","134795565549.419","165226175536.793","189382122532.169","197253876704.921","208756449275.848","240496147317.381","263416394624.084","244667762835.543","238443864993.217","245426767676.002","216536676771.973","226677408291.745","230078616299.675","199038523119.639","206305431241.638","220862990767.229","242092894542.888","240115970063.019","229618773422.577","256055879091.139","256898677175.024","292323800948.839","313656884870.859","346639825141.821",
"Paraguay","PRY","GDP (current US$)","NY.GDP.MKTP.CD","288884368.016934","322053713.15873","360698412.698413","383904761.904762","408349206.349206","443587301.587302","465888888.888889","492674603.174603","517650793.650794","556293650.793651","594611111.111111","664571428.571429","769039682.539683","995531746.031746","1333475396.8254","1511420634.92063","1698960317.46032","2092158730.15873","2559857142.85714","3416777777.77778","4448087301.5873","5624515873.01587","5419411764.70588","5673248726.16438","4502462807.13993","3282449235.76129","3723993942.79088","3971044723.8024","4255683528.33333","4757732199.96213","5812114523.01187","6984367762.90371","7157424031.06045","7249533620.30614","7870982004.8195","9062131475.02318","9788391780.52421","9965225678.05093","9260481572.42462","8837070235.51892","8855705139.55857","8495806432.18467","7196260656.84556","7691367471.17992","9624440836.29309","10737500188.1123","13429430050.261","17856393235.4338","24615267663.5456","22355151161.994","27260886405.2263","33756238766.5","33271921136.315","38501122141.4241","40377929295.6419","36211447840.0971","36089700222.9461","38997129473.5558","40225448340.6322","37925338329.1494","35432178068.1814","39937357255.8716","41841201626.7253","43140465595.6662","44738819362.3269","49278227554.3339",
"West Bank and Gaza","PSE","GDP (current US$)","NY.GDP.MKTP.CD","","","","","","","","","","","","","","","","","","","","","","","","","","","","","","","","","","","2843300000","3282800000","3409600000","3759800000","4067800000","4271200000","4313600000","4003700000","3555800000","3968000000","4603100000","5125700000","5348300000","5815700000","7310400000","8085700000","9681500000","11186100000","12208400000","13515500000","13989700000","13972400000","15405400000","16128000000","16276600000","17133500000","15531700000","18109000000","19165500000","18635100000","16016900000","17167100000",
"Pacific island small states","PSS","GDP (current US$)","NY.GDP.MKTP.CD","","","","","","","","","","","423802353.214943","477298982.38294","565885771.690898","757316230.701195","1027747649.55854","1136928461.97446","1137538860.09831","1196696800.8061","1371556833.26728","1652934748.58291","1890599862.17306","1955541041.41009","1925494376.45517","1843535002.96169","1938376709.25212","1862560930.08934","2030345446.65008","1986467977.58922","2046486236.29193","2132424514.70178","2385132399.14983","2529727432.96099","2776997611.93855","2916179026.94266","3414639447.83478","3704482549.69281","3969814416.10293","3979427620.50815","3430045707.46023","3741318844.91822","3444510932.12133","3387243157.37087","3551511786.21902","4235417136.34079","4871855213.81226","5404344027.47777","5674869059.2092","6250949279.73079","6698924092.51423","6033680449.649","6638995493.57921","7747875552.18314","8215948619.93726","8650287218.9751","9395064505.28979","9199527864.78686","9660620527.27464","10408975105.1516","10918390849.5149","10750020320.3809","9428309122.8276","9575143114.30798","10469882963.8981","11293798175.2794","12328647285.5226","13005809518.6945",
"Post-demographic dividend","PST","GDP (current US$)","NY.GDP.MKTP.CD","1037959409544.85","1105869159912.67","1196413040988.99","1287337283978.73","1406601628400.39","1529637324850.25","1673645680720.21","1788839892010.5","1940376264531.03","2137878560891.3","2345872993207.51","2604193032670.94","3024550254615.12","3659008643960.66","4087941653804.52","4581012268316.78","4969987460435.58","5617533350348.88","6770431388324.11","7777153895816.37","8604552678229.45","8706310416643.52","8665328122024.88","8994080352440.54","9397210164113.05","9894529348405.42","12104236444328.3","14036962887095.9","15818191302834.7","16514949656851.6","18523011752433.9","19543831632332.8","20970587190583.7","21134194430801.3","22640945743653.1","25102168130845.7","25225933434935.2","24722077238172","24783774164438.5","26035692714139.7","26514807286901","26251047428649","27380537491974.1","30686884653568","34093567886599.5","35883964025378.4","37770129321606.9","41227786934667.2","43675050278961.9","41130483724941.1","42907615946030.4","46093024710194","46027371705948.9","46537786135637.6","47527207893966.3","44970537111944.2","46016102013930.7","48003116664049.3","50874931441807.4","51425400491830.9","50460094948336.7","56312999693620.9","57655583144884.1","61116976921687.7","63619224251453.8","67379697065259.9",
"French Polynesia","PYF","GDP (current US$)","NY.GDP.MKTP.CD","","","","","","176534588.403052","215659453.550939","220984367.626581","259590074.527934","242943783.142736","254036000.752587","296865513.746817","326433558.076079","431252938.061046","555340842.860311","690323388.529907","732288906.273954","793196378.708826","1005569835.39664","1215032463.67336","1320416024.95218","1234743073.00034","1235897957.88874","1284180701.00787","1325515445.08362","1448281228.15738","2212028299.56001","2677977163.2095","2723496362.0482","2731683484.45369","3320159522.36546","3410078967.89823","3713785765.42205","3544608548.41734","3676123788.0323","4186994249.08861","4166072829.60099","3762859093.26192","3903186592.82431","3911602004.14205","3599845480.34359","3573808556.31268","3965405552.5203","4927780606.7707","5564109981.9138","5705052134.54253","5877997979.62266","6631156405.59637","7136741421.95908","6584557973.9375","6086644798.55982","6203940036.91982","5692858099.00217","6031827122.60663","6151996560.84289","5325846361.81186","5497036476.8031","5833352692.7995","6135116253.33452","6022276196.13871","5574821989.38239","5994931236.42282","5622688338.06317","6137447782.87066","6323716355.05009","",
"Qatar","QAT","GDP (current US$)","NY.GDP.MKTP.CD","","","","","","","","","","","301791301.791302","387703105.521252","510262500.1767","793885559.971313","2401403227.44085","2512773165.81173","3284273986.71808","3617564637.88865","4052000412.70087","5632962996.82641","7837915956.03679","8672527472.52747","7611263736.26374","6484890109.89011","6870329670.32967","6153296703.2967","5053021978.02198","5446428571.42857","6038186813.18681","6487912087.91209","7360439560.43956","6883516483.51648","7646153846.15385","7156593406.59341","7374450549.45055","8137912087.91209","9059340659.34066","11297802197.8022","10255494505.4945","12393131868.1319","17759890109.8901","17538461538.4615","19363736263.7363","23533791208.7912","31734065934.0659","44530494505.4945","60882142857.1429","79711813186.8132","115269780219.78","97798351648.3516","125122252747.253","167775274725.275","186833502362.637","198727642967.033","206224598571.429","161739955576.923","151732181868.132","161099122225.275","183334953818.681","176371267692.308","144411363351.648","179732009560.44","235709325714.286","213002809340.659","216294505494.505","215559615384.615",
"Romania","ROU","GDP (current US$)","NY.GDP.MKTP.CD","","","","","","","","","","","","","","","","","","","","","","","","","","","","38067567567.5676","40424528301.8868","41450777202.0725","38247882300.4904","28850634899.856","25121666666.6667","26361160449.9704","30072805104.2542","37430162102.6125","36937074278.3004","35575214078.2428","41696091973.7076","35953156753.739","37253739511.1273","40395116581.4832","46065502702.5817","57806384143.166","74973656851.8076","98454380120.0761","122023735992.706","174588782938.583","214315932061.275","174110532658.867","170064350671.827","192623977894.173","179117323107.087","189798603751.235","199722319675.741","177885131240.315","185290759248.844","210147385855.419","241791427223.903","250080428511.595","250624575871.819","285072444957.216","295317862855.924","347757995758.914","382564217988.866","428677977854.826",
"Russian Federation","RUS","GDP (current US$)","NY.GDP.MKTP.CD","","","","","","","","","","","","","","","","","","","","","","","","","","","","","554828660436.137","506631299734.748","517014446227.929","517962962962.963","460290556900.726","435083713850.837","395077301248.464","395537185734.854","391724890744.498","404928954191.876","270955486862.442","195907128350.934","259710142196.943","306602070620.5","345470494417.863","430347420184.885","591016690732.385","764015973481.11","989932071352.543","1299703478481.65","1660848058303.11","1222645900055.7","1524916715223.95","2045922753398.04","2208293553878.42","2292470078346.22","2059241589895.01","1363482182197.71","1276786350881.14","1574199360089","1657328773461.31","1693115002708.32","1493075894362.14","1829186719575.1","2292495097681.47","2046284838151.09","2186462268813.08","2561310169358.74",
"Rwanda","RWA","GDP (current US$)","NY.GDP.MKTP.CD","119000024.001543","122000016.001582","125000008.001621","128000000.001659","129999994.001685","148799980.001929","124525702.858758","159560018.002069","172200018.002233","188700037.002446","219900006.002851","222952504.408961","246457838.339876","290746157.14969","308458423.187853","571863500.256072","637753853.133788","746650613.044475","905709076.434772","1109346130.96703","1254765641.53743","1407062526.93345","1407243139.27274","1479687586.9621","1587413083.94118","1715626330.61697","1944710683.89669","2157432667.64396","2395492686.81271","2405022593.08283","2550185679.11415","1911600236.67461","2029026961.55894","1971525711.83511","753636370.454545","1293535193.49248","1382334879.40812","1851558197.31088","1989343546.17594","2157108262.84452","2068836754.37431","1966600715.49841","1966003468.49117","2138237278.73822","2376496067.01198","2933819766.17656","3274207945.36553","4017977506.55904","5120655375.24365","5603399014.71331","6052276077.6354","6802676033.65947","7556673275.95438","7714276919.73722","8129984483.78727","8447064078.84373","8596812240.52305","9164345443.2575","9650161136.17648","10519272170.3346","10487146253.4025","11252894909.5043","13747404814.2677","14806501437.282","15111064181.9687","16372132990.2271",
"South Asia","SAS","GDP (current US$)","NY.GDP.MKTP.CD","43270012739.1649","46076379864.3708","49304727903.0606","55539363101.615","63741466508.7531","67970199332.8318","54738691616.6907","60155334542.3489","63211416560.9717","69748993757.947","74658791269.593","79443177465.6173","81426298286.7553","97561887957.8079","116963620422.229","123400629130.854","117988534885.073","136743438548.561","155039888662.564","173920685619.916","210608299657.661","220616445555.575","226594563448.698","243700817417.399","239973094448.251","263678832418.149","280349120351.567","313355004645.126","334074870363.848","335790574664.33","364740287587.943","314469355543.217","333546277429.535","327009281232.946","377442853701.433","416341940329.578","458508459742.388","484982931205.649","492856423475.407","531825749349.825","544940514563.357","562554379798.02","593707009776.721","694775911444.331","804159915389.764","924419567611.272","1051884831127.45","1342148092012.26","1347380565219.4","1502961023415.75","1869826822336.76","2045738549406.63","2057958207007.53","2111097580244.47","2323062261802.12","2414503392327.99","2679313169084.49","3075955433025.62","3159841615195.03","3318484576408.75","3172770463540.28","3717045071947.61","3834471492016.05","4073084906363.46","4364256137661.4","4578021773987.28",
"Saudi Arabia","SAU","GDP (current US$)","NY.GDP.MKTP.CD","1748124063.55556","1920811284.22222","2130606531.77778","2207393171.55556","2371808712.88889","2647955557.55556","2920555557.11111","3257022222.66667","4187777711.11111","4485777644.44444","5377333333.33333","7184806909.28939","9664267086.60323","14947435499.323","45412957746.4789","46773208642.6814","64005665722.3796","74188986586.0629","80266516686.5614","111858444786.224","164539660725.118","184291360138.69","153240313858.323","129171635311.143","119624858115.778","103897846493.65","86961922765.3254","85695861148.1976","88256074766.3551","95344459279.0387","117630173564.753","132223230974.633","137087850467.29","132967957276.368","135174899866.489","143343124165.554","158662483311.081","165963684913.218","146775466666.667","161717066666.667","189514933333.333","184137600000","189605866666.667","215807733333.333","258742133333.333","328459608764.111","376900133511.348","415964509673.115","519796800000","429097866666.667","528207466666.667","680660800000","751921333333.333","769755733333.333","787153066666.667","693414400000","689279466666.667","741266133333.333","886564800000","888890133333.333","767951200000","982661066666.667","1239075200000","1218584800000","1254140800000","1276942933333.33",
"Sudan","SDN","GDP (current US$)","NY.GDP.MKTP.CD","1126364161.7644","1222860428.55503","1328259624.72217","1351234926.33899","1388282600.1961","1446869619.31898","1484491675.71652","1607409539.36648","1677771400.56798","1847501441.26221","2100229759.04718","2288340041.03486","2483055722.23738","3077254460.30228","3958931659.84759","4823090191.91008","6013210815.66115","7499005639.37649","8128719315.0792","8418407786.60599","8951800000","10753888154.2798","8732542273.73424","8230153846.15385","10447615384.6154","8075259600.3398","10092200000","12093333333.3333","14372555555.5556","21408111111.1111","33641222222.2222","44171194366.2039","7031933491.84899","8881005435.80602","12793794737.042","13830363899.9163","9018300724.66086","11681175864.3383","11250221536.7484","10682028339.6898","12257299147.2936","15716361792.1926","18137128388.3606","21355298459.5955","26646007250.7319","35182711987.974","45263831634.1497","59440139774.8128","64833083257.1431","51621044076.9231","58962978034.4828","55018567210.5263","37632919966.6667","43024018082.1918","49516748617.9775","51726758676.7677","42630376000","41283617976.1905","32333780383.2924","32338079165.2893","27034593750","34229513774.9936","51666875363.0963","39898289820.7951","49672435513.1126","60162634574.4689",
"Senegal","SEN","GDP (current US$)","NY.GDP.MKTP.CD","1003692370.46869","1058975256.97025","1085475790.59112","1122139861.67805","1188930645.34423","1210058228.17112","1246908185.96343","1246480765.97984","1309384861.92219","1245234931.43233","1297407654.92832","1339549032.83782","1620857103.53492","1863398590.4556","2099325228.95651","2830388404.8977","2869777884.45166","2938046462.7098","3280354920.8516","4084877822.91679","4510108290.69571","4095892780.58289","4013951442.67081","3569356124.93159","3485165431.71354","3818944917.56713","5392093445.51053","6487353102.81483","6418419388.63499","6366039372.53683","7390967360.42121","7255210469.51743","7769817839.95644","7367986241.21869","5034588195.55806","6326342633.4034","6559712165.96508","6041478725.90443","6505607909.05324","6592834932.80876","6013185003.97525","6507824829.26254","7006402319.75856","8768721563.18211","10076816666.6196","11009033437.939","11697918243.0035","13994218412.9619","16853989627.548","16145867494.9405","16121315909.0758","17814283639.3119","17660870411.5235","18918667724.8817","19797253440.2679","17774766696.1759","19040312333.1864","20965069572.7168","23116701556.1381","23403995992.1354","24530513037.7518","27520784129.7508","27783332222.6759","30696331295.7826","32169996051.8502","37006536238.3731",
"Singapore","SGP","GDP (current US$)","NY.GDP.MKTP.CD","704751700.302494","764629788.123689","826239211.817511","917608012.491752","894153311.424857","974644096.144674","1096425608.09089","1238035815.78586","1425706091.0356","1659893767.84419","1920574150.17542","2263785443.61688","2721440980.75851","3696213333.33333","5221534955.64418","5633673929.99302","6327077974.10703","6618585073.66035","7517176354.84135","9296921723.83465","11896256782.8566","14175228843.6391","16084252378.473","17784112149.5327","19749361097.965","19156532745.7691","18586746056.9974","20919215578.2125","25371462488.1292","30465364738.6206","36144336768.7023","45466164978.2923","52131320032.8797","60603815716.2653","73688724431.1412","87812540788.4293","96293086513.0872","100123787215.299","85728207781.7785","86286849754.8905","96076539925.7409","89793790669.6515","92538372869.6942","97646401095.6369","115033593101.049","127807848728.398","148627286361.351","180941701357.97","193617323539.203","194150283771.566","239807980591.24","279356499090.458","295092888076.589","307576360584.992","314863580758.455","307998545269.398","320759207438.623","344795119213.571","377976367877.038","376827390962.044","351226533656.292","441110903524.645","514252535238.749","511181761243.76","572877260178.427","603869516998.738",
"Solomon Islands","SLB","GDP (current US$)","NY.GDP.MKTP.CD","","","","","","","","25203524.0325638","28084252.7582748","28606411.398041","","50056882.8213879","40606712.050639","55272108.8435374","84539332.282562","74620320.0295339","83100834.307935","93145283.3557141","111027427.208358","151276496.482533","182852106.523408","193750540.701429","192902018.733318","181220398.969839","181570473.771605","165524943.492123","147620047.660063","155128542.419178","176494394.043362","172882410.578561","214877666.846068","227540473.340087","269034595.812985","300746361.128739","402837005.272596","469443201.503274","510586430.190127","526554005.954357","457579840.225066","488024514.369359","419842674.227652","409508552.979972","346406738.885237","417666638.600021","468000121.313434","552881356.697517","617257457.758489","695291217.982227","776335523.470373","805557289.459198","898128551.289162","1063898226.71892","1185217634.37393","1285905957.64116","1335576762.84974","1307908813.59962","1379486290.71433","1469790526.3972","1615473250.25259","1619150563.92084","1536143427.82958","1558312103.84225","1466670929.62333","1506124566.40404","1583964703.75061","1749572442.95016",
"Sierra Leone","SLE","GDP (current US$)","NY.GDP.MKTP.CD","322009961.547048","327834190.577094","342721416.490967","348547278.787707","371847461.441278","359379856.248058","375479849.80806","348795303.000385","329859731.943893","408690163.476065","434410973.76439","419549304.72479","465381339.740404","575230724.377773","648590642.939889","679336343.584559","594895941.914381","691777583.951156","960728338.93643","1109374911.30306","1100685844.92284","1114830471.91787","1295361885.92419","995104305.347075","1087471861.98928","856890459.363958","490181456.62441","660106336.104339","1055083933.07498","932974420.276529","649644097.566129","779981987.10656","679940813.948366","768867882.965994","911853802.365613","870740291.519248","941709422.502965","850232760.017239","672368187.114756","669386623.951402","635866403.776065","1681473893.76655","1933863910.73227","2142618045.93129","2237350687.46606","2545275312.60512","3263697466.73514","3632957611.35152","4157895298.19572","3953403098.37107","4262805966.78755","4861632884.67985","6141666509.36295","7502762862.72657","7686138790.90872","6788352974.78329","6084297211.10217","5749846528.48046","6390514688.52816","6523577590.38319","6688307705.64217","7166931483.2953","7121125277.18159","6415852766.09227","6971127234.07241","7464157904.43509",
"El Salvador","SLV","GDP (current US$)","NY.GDP.MKTP.CD","","","","","","877720000","929520000","976200000","1009760100","1049400000","1132920000","1186120000","1263720000","1442320000","1665880000","1884120100","2328280100","2941640100","3127960000","3463639900","3573959900","3437200200","3399189100","3506347800","3661683400","3800368600","3771663200","3958045800","4189880000","4372215300","4817542204","5252342400","5813399300","6680269200","7679384000","8921947100","9586327800","10221705900","10936669900","11284197000","11784927700","12282533600","12664190300","13243892200","13724810900","14698000000","15999890000","17011750000","17986890000","17601620000","18447920000","20283780000","21386150000","21990960000","22593470000","23438240000","24191430000","24979190000","26020850000","26881140000","24921190000","29043140000","31870110000","33565430000","34879730000","36708110000",
"San Marino","SMR","GDP (current US$)","NY.GDP.MKTP.CD","","","","","","","","","","","","","","","","","","","","","","","","","","","","","","","","","","","","","","976606910.602381","1048316225.70471","1109473282.23938","1007661290.98039","1059529731.10236","1148872076.47059","1462590387.05882","1715341294.5946","1786513631.1284","1909765810.58823","2188653428.62746","2403214435.9375","2064277984.375","1881191950","1813717694.55253","1604701051.17188","1678741201.56863","1673910988.23529","1419400395.73301","1468342400.08249","1528621192.886","1655354328.79184","1616231696.04862","1544713784.67674","1855395712.2147","1831701022.87082","2027243193.5116","","",
"Somalia, Fed. Rep.","SOM","GDP (current US$)","NY.GDP.MKTP.CD","180459936.776025","191659914.376034","203531927.547229","216145935.941626","229529912.668035","243725898.029641","257375897.049641","271781886.807245","286719885.312046","306357284.571429","347985394.285714","347039445.705569","447883941.190165","483699610.602563","572504035.901509","757015878.792693","871344245.115171","498550724.637681","564571823.20442","589566929.133858","602515548.452104","699302473.050095","774578931.96392","735408641.768548","787434541.728857","875702247.191011","916590786.326105","1018972664.4638","1051596967.1287","1181360843.93549","1031282081.16683","717974929.763158","709297578.5","1260132955.78746","1481205097.98113","1534756134.55022","1792234297.39194","2191749013.58124","2962047564.41651","3045751527.66005","3412797450.20112","2252847464.68608","2192684134.59273","2836724351.5616","3859592813.10255","4683246454.10048","5026743282.04251","5430713728.89074","5913620292.90573","2948594552.44952","2687807003.73935","2906000096.93249","4364670159.99578","5062881600.00104","5728399719.99958","6152149099.99942","6613743069.99912","7621501710.0012","7873000000","8656000000","8628000000","9483000000","10203000000","10958000000","11967000000","12995200000.2658",
"Serbia","SRB","GDP (current US$)","NY.GDP.MKTP.CD","","","","","","","","","","","","","","","","","","","","","","","","","","","","","","","","","","","","17921892655.3672","23277430167.5978","27153408994.8074","21004077441.4802","20878694850.5767","7326373882.11044","13599378661.9952","17930583571.3055","23593044417.5086","26845632341.8075","28334256180.8801","33298057361.7412","44888028946.0854","54220641201.6474","46955984409.7271","43536629233.1424","51251098408.0924","45103269969.4112","50455529604.0696","49114321280.3466","41297410634.9586","42225495909.5633","45972834713.8077","52787520248.9242","53864693664.5568","55874017668.998","66159884072.5308","66809895701.2152","81343999280.0179","90088366320.4062","99953324472.9042",
"Sub-Saharan Africa (excluding high income)","SSA","GDP (current US$)","NY.GDP.MKTP.CD","35981349568.2146","37510743971.9899","40541592928.5713","46114167869.2449","45876299000.7028","50528954823.2586","54764751023.0443","54827305446.5408","58671532850.0316","66243495753.1879","73982285641.5261","76058577381.5618","85698710356.4402","109245029398.87","138601593895.61","152176108976.258","164628848549.885","180898165665.774","202570446656.94","238798833853.744","299944932616.329","404804849824.919","376332410781.611","337775114854.157","301777739303.904","288131966060.292","270019348453.915","302367005061.245","318387278274.655","324065103015.043","379398895465.495","406298212694.08","365435981519.312","369351885276.884","377661601267.351","480536248746.56","536993447940.282","564682059532.031","566166520917.656","403985079543.677","428130754795.261","410270416419.428","448754410667.31","565165696847.835","701946427139.91","836012300136.335","987742442581.503","1144107728262.45","1299991378851.19","1241036741316.59","1468562341636.17","1649814720968.03","1716111793311.73","1824058015016.54","1901434469437.93","1686510433482.35","1531072388307.79","1671771628567.24","1797993099717.5","2044013272643","1900851749615.81","2138242804315.06","2288209678021","2115430662235.11","1987702493350.57","2208834023249.31",
"South Sudan","SSD","GDP (current US$)","NY.GDP.MKTP.CD","","","","","","","","","","","","","","","","","","","","","","","","","","","","","","","","","","","","","","","","","","","","","","","","","14586253383.0632","12231264525.0671","14602072410.9506","14907308932.7534","11931472169.4915","18426469016.9492","13962212847.4576","11997800760.2242","","","","","","","","","","",
"Sub-Saharan Africa","SSF","GDP (current US$)","NY.GDP.MKTP.CD","35992840315.6247","37521672250.0088","40553531625.494","46127234839.1369","45891029636.7017","50543662441.0134","54780166138.8791","54842929106.494","58686328764.3184","66258308877.6066","73998894005.1136","76078849833.2722","85727801728.0296","109279814642.668","138641829045.606","152220755514.281","164674566173.82","180959402619.766","202653123357.711","238924309636.553","300099287848.277","404964246963.97","376485687161.413","337928018074.435","301936361900.011","288309978620.849","270240108448.996","302632179778.341","318689734593.005","324390296940.169","379792346523.418","406697411520.779","365899500396.638","369858677464.712","378181813146.723","481079007260.503","537530179194.328","565282993319.412","566816310317.237","404651982255.301","428788727164.408","410936482186.298","449501126211.834","565920228913.281","702843567490.156","836994144673.233","988827706638.027","1145187476948.82","1300970976245.49","1241887642937.02","1469543958178.5","1650873639675.29","1717201201150.92","1825391175423.92","1902822047308.01","1687942836834.48","1532640901655.94","1673446999208.25","1799777413644.27","2045881962739.73","1902234301367.38","2139729978109.87","2290209566620.26","2117602210170.5","1989931102034.87","2211221046102.8",
"Small states","SST","GDP (current US$)","NY.GDP.MKTP.CD","","","","","","","","","","","4890889496.99746","5468619820.41405","6351288900.77119","7975691955.23565","12697499906.3869","13756779384.7989","15045613015.1234","18115910570.6174","20865461498.9433","26701110584.6934","37297800330.422","37080220828.0361","37651257006.5261","35757123310.6083","36203727886.5206","35762826952.1383","33618097085.4343","38725831003.7765","41025318188.0561","41503137702.0696","47935378887.7763","50019032461.5015","53255036349.5165","51480858165.3107","55022851743.2451","63080936208.5003","65815856108.6083","69056214779.699","70249508073.8252","74261596877.6893","76518051310.254","77518242593.9385","83416069983.4625","99644317338.348","115420457208.667","129913596278.825","145909077802.476","171436169405.063","189249315966.561","161799686490.784","172229082958.886","193240230206.073","194132843203.259","201677128538.424","208949943932.74","193179840479.883","195897524567.684","213547946193.144","230253786373.11","231472341497.406","208945862118.581","244321758053.768","270875639826.53","287664662032.448","311165525991.05","337311651764.509",
"Sao Tome and Principe","STP","GDP (current US$)","NY.GDP.MKTP.CD","","","","","","","","","","","37211826.0869565","37288845.210287","41430256.8067496","56011244.7398414","57817591.4570048","60101709.8452627","52039421.1975774","49207692.3210324","55044562.8014217","65755928.1359723","81662231.0329968","83499263.5007481","80307762.6236105","75110289.1832665","78213795.9250336","82733069.4418031","115928906.745482","115952925.468271","99000764.3902251","98545367.0431211","119297932.757045","107484142.71556","94861780.6228352","125742228.756741","131338414.584209","103695236.781001","135188165.74708","91920274.2401657","72285403.8423458","77302211.9248351","76198394.8202671","75951133.3777948","85171073.8777498","102085769.123419","114582283.916382","136450662.390592","142775104.081626","149146918.888611","188021165.00338","200668065.03175","190021192.489536","226455001.243083","229371348.441006","267041747.584354","293119143.246825","259999643.047388","292267272.196925","322002845.229335","383717327.830508","412976082.620705","471229484.607144","524402455.54816","540809499.189348","690456806.696406","824992558.045383","981293586.906408",
"Suriname","SUR","GDP (current US$)","NY.GDP.MKTP.CD","99650000","107700000","116150000","125950000","134400000","154150000","190350000","220700000","241350000","259650000","274900000","301000000","311950000","339450000","409850000","465500000","505500000","641500000","735500000","782500000","795000000","889000000","915000000","883500000","864000000","873000000","891000000","980000000","1161000000","542600000","388400000","448100000","404600000","428764705.882353","605492537.313433","691590497.737557","861372806.2082","926422500","1110850000","886290697.674419","947671969.69697","834279357.798165","1093574468.08511","1274190311.41869","1484092538.40527","1793410397.38738","2626380435.17877","2936612021.85792","3532969034.60838","3875409836.06557","4368370997.92126","4422276621.78703","4980000000","5145757575.75758","5240606060.60606","5126237646.22072","3317421648.09918","3591679430.99988","3996198866.57453","4016040575.08796","2911807496.20227","3107923197.96954","3791603200.0259","3472693412.08497","4416775112.72266","4523657796.86421",
"Slovak Republic","SVK","GDP (current US$)","NY.GDP.MKTP.CD","","","","","","","","","","","","","","","","","","","","","","","","","","","","","","","17068924601.58","11952983607.5985","12932972788.7293","13991963247.0881","16187735322.0356","20306095054.0841","21864845213.7406","22026728498.4531","22911708404.9614","20813421086.4137","20626538612.3376","21377597034.604","24768142566.4057","33761723945.8299","42960730480.0495","48823790951.4538","57111148619.2975","77019443089.3052","96685492864.2317","89342984697.5246","91112160800.7668","99705104723.4341","94724394278.052","99134277850.3418","101713075598.862","89178548717.3324","90347173228.6356","95978130734.9766","106611673364.837","105843498304.094","107732602896.441","120511265913.343","115792972358.209","133578518423.544","140934076532.375","154530066506.895",
"Slovenia","SVN","GDP (current US$)","NY.GDP.MKTP.CD","","","","","","","","","","","","","","","","","","","","","","","","","","","","","","","19832029087.1272","14454495058.907","14277261540.7456","14449298371.7879","16400767069.6294","21367422159.3207","21470699362.6062","20726878751.5006","22058635314.4836","22609669083.7179","20159190701.6789","20668868706.8115","23214593516.2095","29360575031.8177","34156553313.4031","35947936823.7781","39260368837.0342","47880266542.577","55509332322.3578","49975540954.8465","47793117240.9001","51199194599.3094","46167053954.3367","47867056858.8892","49514466379.6057","42709468274.8137","44290685824.0682","48153200134.6613","53689067639.9176","53909922735.545","53384760135.1581","61540813361.8556","59899117741.0022","69255264238.3855","72972015197.3859","79648204979.3618",
"Sweden","SWE","GDP (current US$)","NY.GDP.MKTP.CD","15930075466.8898","17329620584.6147","18794066990.0612","20342131881.5074","22685490195.3119","24963947414.6983","27154716721.2854","29474881505.9928","31277871668.8452","33967301561.0634","38037226668.2131","41506151114.9262","48883173399.9664","59318842992.2378","65917634590.2599","82765232647.753","89232517045.8459","94331782622.2778","104290933495.629","123207527699.377","141886067003.972","129498921475.688","114214731798.937","104862109663.367","109043045407.287","113958084357.094","150279869728.789","182744315973.756","206686590775.558","217632340194.512","261466577008.853","273831464572.137","283908914454.48","212644602615.823","228699066874.028","267050453506.792","291949597375.485","268249616890.856","270887306758.576","274318357862.122","262903560280.282","242497797484.776","267371907446.776","334072443515.576","384545442175.019","391688455928.597","422528394459.353","490047789548.441","514614100832.941","434311714442.499","492750897239.447","570538581144.45","549739674655.127","584125353119.18","577727767303.596","501602351911.6","513058312950.939","535172356784.769","549649344043.182","530894124494.418","544265668451.678","631693331300.776","575071237640.921","578990915246.07","604827393488.582","668998664082.081",
"Eswatini","SWZ","GDP (current US$)","NY.GDP.MKTP.CD","35076845.9692616","43026042.7895829","45927961.6288154","54129438.3482247","64980554.0077784","70279971.8880112","76859969.2560123","74759970.096012","79799968.0800128","105419957.832017","112139955.144018","136462080.739132","146736479.235097","221915127.550763","264320940.959002","288299788.508035","272550068.137517","304060076.015019","340630085.157521","412093133.760988","541976852.577057","570774824.830585","537568059.413381","555336145.767884","494483408.878468","360079419.385958","449140318.385038","584126092.258819","692026454.737872","696921542.378265","1114694040.66987","1156135717.94598","1284759927.54594","1357189551.68431","1419294254.4183","1698989463.99106","1602741833.70552","1716714070.12471","1576908856.34674","1547888495.98428","1697161557.89452","1502870485.88122","1393945030.65105","2149632433.27703","2710331785.24986","3097946371.06311","3215307900.74767","3391122887.17476","3235921170.5095","3525213502.43118","4360714358.88708","4722912047.32265","4747813067.26006","4463396204.01995","4285065665.03168","3908217914.21824","3722306116.72872","4462640651.49219","4643751059.28203","4617018958.69086","4134677809.50096","4807069277.20114","4746660273.50829","4621191261.84214","4858885840.77236","5160679612.81734",
"Sint Maarten (Dutch part)","SXM","GDP (current US$)","NY.GDP.MKTP.CD","","","","","","","","","","","","","","","","","","","","","","","","","","","","","","","","","","","","","","","","","","","","","","","","","","854972067.039106","892290502.793296","936089385.47486","985865921.787709","1022905027.93296","1361811508.37989","1417888715.0838","1427017206.70391","1353212122.90503","1259200446.92737","1407880446.92737","1236428100.55866","1353071061.45251","1592564636.87151","1686525977.65363","1797836648.04469","1887728480.44693",
"Seychelles","SYC","GDP (current US$)","NY.GDP.MKTP.CD","12012024.6246505","11592023.7636487","12642025.9161531","13923028.5422085","15393031.5557147","15603031.9862156","16443033.7082191","16632032.1339974","16074027.6473276","16452028.2974887","18432031.7030945","21965950.7711142","30645122.9204727","36896280.4764104","43134496.1645367","47803145.9480985","49278981.7550701","64526401.4638544","85552365.8005137","127261099.223864","156783829.504298","163750728.155916","157211789.714587","156098237.022585","160992920.960262","179691482.72165","221147061.290068","265212956.838633","301985618.085556","324333366.514829","392163560.868669","398307169.860405","461409398.855893","504230620.551871","517570058.151034","540733047.733048","535250347.089479","598966982.350186","647287375.762528","662838614.880674","654212394.27164","662064155.920692","742134837.50919","750847230.099263","893012218.181818","977899381.818182","1081441283.31798","1077308813.82945","979597394.293453","850901620.433301","981616542.328454","1058918707.26124","1089407839.19709","1333160407.38516","1387577870.08161","1432403352.12944","1568513348.14463","1675370641.01416","1784313926.76807","1868690096.73454","1382551751.56908","1487173794.80528","1999888599.25474","2171547935.38159","2228608684.29911","2387022853.48583",
"Syrian Arab Republic","SYR","GDP (current US$)","NY.GDP.MKTP.CD","857704413.407821","945244972.067039","1110565880.75881","1200447408.37696","1339494267.01571","1472036540.13329","1342287553.19149","1580229799.42693","1753746429.62092","2245011514.55676","2140384010.0724","2589851325.14544","3059681697.61273","3239487516.42576","5159557147.50895","6826980444.14982","7633528866.93424","7696011396.0114","9275200458.19015","9929681528.66242","13062420382.1656","15518201335.3151","16298929011.4681","17589277143.1314","17503078174.0039","16403539892.7783","13293205278.2803","11356215543.3043","10577041644.9944","9853395761.63227","12308624417.8268","12981833333.3333","13253565861.1424","13695962055.4771","10122020000","11396706586.8263","13789560878.2435","14505233463.035","15200846153.8462","15873875968.9922","18937031609.7969","20078599626.0129","20786986579.9105","21828144686.0394","25086910447.9968","28858937499.1801","33751812958.6391","40465331020.308","52557913397.4638","54111721043.8087","61390833272.6687","67539433544.3077","43190318032.5627","21361254634.9336","21502061466.067","16466861435.0236","12597854088.3602","16369842725.4718","21497779247.9835","22583046644.6891","12501503673.2425","14892885528.1402","23737634644.3994","","","",
"Turks and Caicos Islands","TCA","GDP (current US$)","NY.GDP.MKTP.CD","","","","","","","","","","","","","","","","","","","","","","","","","","","","","","","","","","","","","","","","","","358744800","366707900","409753600","485598800","578645800","721891500","773490000","862684000","703176000","686788000","842941000","832848000","863328000","956605000","1078274000","1202078000","1197958000","1314329000","1371838000","918387000","1236459000","1434119000","1638653000","1745378000","",
"Chad","TCD","GDP (current US$)","NY.GDP.MKTP.CD","313582728.147574","333975336.110722","357635713.41932","371767002.194886","392247517.728482","416926303.316872","432794921.680489","449826322.613453","453980096.208711","471635621.561599","469266736.650677","501866730.148987","585427546.798272","647199482.982537","652532795.084805","864602104.679653","866044962.016274","935360464.701341","1113920123.76723","1004316496.35051","1033002403.85304","876937558.273757","834369859.663018","832415806.010064","919103734.876996","1033069709.3319","1067828245.86207","1163426852.20442","1482597297.98821","1433686312.02914","1738605557.76313","1877137981.75712","1881847669.69794","1463251163.9188","1179837963.22213","1445919894.57661","1607345355.78298","1544689576.92712","1744794531.21401","1534673583.2487","1388506771.58756","1710843377.00119","1997005708.81576","2742815071.5744","4422855660.82592","8655892392.92919","9709626596.13031","10865385131.5172","13385593990.3378","12317614053.6841","14058506663.7252","16685349673.9957","17892228569.8861","17865316886.3315","18144336903.7175","14559599499.5011","13026289835.7789","13349041408.7152","15327000248.8701","14905517742.8454","14932897821.2387","16871937697.5854","17828508289.6049","18352937976.2179","19906706689.7582","21472835225.4338",
"East Asia & Pacific (IDA & IBRD countries)","TEA","GDP (current US$)","NY.GDP.MKTP.CD","80803222392.8859","71174424446.8864","64922599309.2546","70216443534.957","81101169480.9704","94498004640.0973","103377065683.287","100371950314.405","101476791156.079","114101000754.857","127052297158.08","136440829735.232","155359237838.582","195413149940.391","221440713584.624","248519521080.329","252686739157.612","291229976122.31","282630837737.006","327249769951.168","377549806578.642","403129803803.166","423407966724.839","443371246698.137","480403927228.946","526032437680.959","524621676243.052","518488360539.102","575525093193.548","622193930069.763","666725912038.334","723904575173.197","812130263840.671","891466245843.004","1073279171690.89","1324237119504","1521371528101.19","1574968030482.32","1439654527489.21","1585945646832.78","1746600304145.18","1860776095171.98","2061454246158.09","2335145056826.44","2709157341038.36","3136370768809.06","3778749876885.47","4781266905492.39","6054649425101.54","6573323824227.51","7998793934320.62","9762253898511.05","10891968824139.1","12032819510378.6","12988820106481","13532365705740.1","13827255558413.7","15097175319188","16881439039177.6","17481840638100.6","17783125335539.1","21205167482133","21537381722236.2","21618798469116.3","22221295178065.7","23218679986475.4",
"Europe & Central Asia (IDA & IBRD countries)","TEC","GDP (current US$)","NY.GDP.MKTP.CD","","","","","","","","","","","","","","","","","","","","","","","","","","","","","991676770953.412","963860077864.432","1023447655222.17","1001726332504.6","928560950239.102","919184389271.211","828931569961.887","991386506668.089","1021246372670.98","1056346888859.98","949940635053.96","824136419159.807","896296644399.434","911685748933.185","1024837356677.88","1261025229727.55","1631386098916.6","2043000026365.16","2471291016359.46","3179151934107.3","3936202053332.51","3121840190453.83","3673616542653.72","4468439340114.01","4664191795996.97","4934304443297.29","4663476749067.68","3645031517122.17","3500968563901.72","3925651486138.39","4086887247276.34","4176304236875.06","3913694661148.13","4627341470532.29","5264957389633.5","5535571828711.02","6147416367408.77","7077191807196.39",
"Togo","TGO","GDP (current US$)","NY.GDP.MKTP.CD","171057069.137772","178497098.264275","186745757.859216","202305865.235908","234572186.455851","264505506.022433","305227594.821437","327215843.636336","341691567.465593","378091809.602636","358665753.909298","404648367.76644","474043921.843537","574030983.980053","791450308.362944","871781686.907321","874681611.928369","1097893825.98815","1164025637.26464","1259365711.53521","1604836915.96662","1359026709.45126","1160337039.38068","1081387264.60786","1014170069.21689","1076604520.42427","1498219578.86978","1763978065.8368","1947208354.22555","1910635575.38044","2299665505.61434","2262767860.10937","2390796915.91958","1741944426.20894","1387662121.46736","1849110468.19569","2069506014.46659","2116818622.95834","2241650112.33333","2226577203.91399","2106848752.27753","2093498674.49678","2410199032.43102","2987984050.99318","3191561508.69088","3221910408.46516","3320907721.74508","3759962853.26476","4578847112.70688","4721888275.26937","4746386893.22553","5422439152.10906","5413541649.14901","6021729629.82454","6393314707.85456","5755457836.01866","6071167584.1951","6387424239.8801","7029215766.46367","6992942458.99419","7486031561.86885","8541668141.26198","8646453099.4124","9723300576.72675","10643440332.2445","11889949067.4697",
"Thailand","THA","GDP (current US$)","NY.GDP.MKTP.CD","2760750860.62197","3034037810.96795","3308912796.93487","3540403456.55305","3889129942.30769","4388937649.03846","5279230817.30769","5638461442.30769","6081009427.88461","6695336567.30769","7086538437.5","7375000024.03846","8177873151.04224","10838587357.7466","13702998512.4492","14882770593.9796","16985208648.2112","19779312261.3155","24006566636.6855","27371650824.5092","32353514988.7287","34846039193.6131","36589772403.7566","40042798388.4951","41797647775.6238","38900711332.5373","43096773980.8569","50535446554.8769","61667253471.3736","72250748099.9762","85343190719.0107","98234714971.0612","111452746517.655","128889262951.157","146683778959.101","169278916592.843","183035237429.281","150180456565.728","113675596787.738","126669211778.94","126392224253.794","120296476180.402","134300904400.022","152280615245.887","172895685154.658","189318408468.595","221758296021.621","262942621455.053","291382982430.951","281710630187.319","341104766329.17","370818739623.622","397558325278.579","420333654592.547","407339040197.651","401296238228.084","413366349747.508","456356813536.764","506754208404.485","543976691793.886","500274927778.532","506049783824.94","495691837308.033","517013369475.121","529385520941.539","577009981112.015",
"Tajikistan","TJK","GDP (current US$)","NY.GDP.MKTP.CD","","","","","","","","","","","","","","","","","","","","","","","","","","","","","","","2629395066.27017","2536585365.85366","1908554572.27139","1646623195.15603","1522001205.54551","1231561860.39946","1043654822.33503","921518032.909326","1320199581.52261","1086612290.27171","860541842.263697","1080772551.29433","1221106220.2868","1555318261.4172","2076176869.41089","2312352020.6689","2830213848.6203","3719524540.86193","5161299725.27673","4979472364.4534","5642221099.17704","6522756255.012","7633036903.07634","8448411318.25417","9112605459.32845","8271431485.07484","6992416096.89018","7536402852.85802","7764999999.45362","8300813599.3084","8133963550.65742","8937805347.13963","10713525200.3998","12244169292.7998","14425113699.7925","17660626562.4832",
"Turkmenistan","TKM","GDP (current US$)","NY.GDP.MKTP.CD","","","","","","","","","","","","","","","","","","","","","","","","","","","","2331358819.75954","3010982414.24425","3006988216.55045","3189539641.3171","3208098919.0146","3200539816.0601","3179225948.58114","2561118608.35516","2482228439.71407","2378759975.44506","2450350625.10407","2605689134.49042","2450564100.18292","2904663310.9825","3534772732.39746","4462029108.72349","5977440582.80171","6838351088.46688","8103901996.37024","10276674364.8961","12664165103.1895","19271523178.8079","20214385964.9123","22583157894.7368","29233333333.3333","35164210526.3158","39197543859.6491","43524210526.3158","35799714285.7143","33313947368.4211","33352261306.5327","26036313868.6131","29700000000","27350527267.6636","26334182093.7903","37583913148.2791","39020211239.6728","44249447717.2312","49828621355.6516",
"Latin America & the Caribbean (IDA & IBRD countries)","TLA","GDP (current US$)","NY.GDP.MKTP.CD","74399051115.6208","82362832266.3746","86399815744.6585","93844819440.9468","104302526502.261","111946641395.147","123240741042.798","125362127677.747","134361744441.374","149979264961.847","163499670766.647","181794578090.035","204232100660.441","274036287245.746","358182606143.697","374350708856.512","411065254886.087","452376511736.924","541374940142.382","607502561689.17","743795740311.93","852847482696.127","779872014723.552","681554554313.973","715171116848.308","706307698037.013","712610987834.594","765000529871.095","839372117493.825","931218807729.826","1033600786045.64","1123495935430.92","1232566922623.74","1466869007644.58","1715191251553.97","1855934080188.14","2016321456860.39","2212066943070.45","2233346783882.49","2002746450823.54","2214459331301.87","2161359793667.25","1927322088503.17","1960517237957","2264876337798.89","2752003834143.61","3234927436484.26","3826960106951.6","4465814394726.48","4176789652249.38","5212372072821.22","5942123318729.2","5998234101785.24","6044199922527.12","6005472855928.78","5068412682233.61","4922127744500.54","5482938029714.53","5347169359023.49","5230913289241.76","4388400203662.59","5119629917733.74","5853946060777.18","6590712953369.3","6755669283863.94","7050566084338.85",
"Timor-Leste","TLS","GDP (current US$)","NY.GDP.MKTP.CD","","","","","","","","","","","","","","","","","","","","","","","","","","","","","","","128210142","147713000","187891500","216914400","239040500","262819900","306956900","319972700","325729800","225357600","366924300","477359300","469455500","490439100","440772000","462268000","453792400","542795400","648523600","726937800","881909300","1042534600","1160555000","1395727400","1447535200","1590282400","1640464600","1584878400","1555988600","2032550400","2162619200","3625024300","3208599900","2079767200","1865608515.41321","1902180257.82737",
"Middle East, North Africa, Afghanistan & Pakistan (IDA & IBRD)","TMN","GDP (current US$)","NY.GDP.MKTP.CD","21778972843.595","22717751218.1729","23127900677.7136","25478894508.1686","28460826053.4474","31555336456.2392","33702284407.6518","37016912911.7274","41567819047.5623","46228188368.3185","51929379871.0718","58738170025.7823","66728372408.0814","82296472055.3865","126534190174.301","145360706847.237","179327380850.29","207141478367.042","222362511169.492","276440930354.188","335679627861.987","327781528067.705","366322118774.31","400996279136.591","418884127934.889","450074290381.884","483834373197.515","423609526601.928","410799887112.368","412556844401.159","557461708924.973","377590606394.643","387386092628.761","341578918010.526","359089803725.527","400070200953.642","443484189035.585","462008531499.284","471749358011.739","510969926889.365","573241793310.858","576251387940.943","561473534317.57","620751536900.607","735137824019.893","851999262326.47","991120969796.192","1204180789935.98","1461831985234.62","1413507353226.48","1619446425063.32","1897990854972.57","2043902331997.59","1920326937518.54","1909482732973.06","1770493985695.77","1837515287942.14","1866059717766.39","1865663734175.63","1821358044905.83","1657114965964.66","1926549742702.15","2146516410516.43","2075559724252.19","2181664562518.61","2115722770483.32",
"Tonga","TON","GDP (current US$)","NY.GDP.MKTP.CD","","","","","","","","","","","","","","","","32506741.7201204","30036416.9619944","34139387.8908849","41567471.6721987","44667002.0120724","53260077.4311091","62242013.3302689","62068161.0711025","60863963.963964","64248354.5414656","60058663.3144773","68195855.6149733","81667133.4546982","106657267.367342","106344854.986095","113563821.577404","132201141.446861","137066290.550071","138489884.393064","195990986.21421","208871665.748682","222100576.345483","214991452.314998","191504892.761394","199208717.501913","204848487.806485","181117230.406546","182764280.828501","202246591.215502","230678011.42199","261823805.433238","292232703.306768","298519623.342085","344438844.333518","312415028.446113","366887374.989696","414143828.494419","471122971.305043","451788498.263614","440997734.928723","437525538.903019","420828254.541601","459976847.108128","493530766.930564","506031247.606648","506571486.576395","519306339.3498","556514556.392844","591139733.623755","647488243.847291","679218218.578017",
"South Asia (IDA & IBRD)","TSA","GDP (current US$)","NY.GDP.MKTP.CD","43270012739.1649","46076379864.3708","49304727903.0606","55539363101.6149","63741466508.7531","67970199332.8318","54738691616.6906","60155334542.3489","63211416560.9716","69748993757.9469","74658791269.593","79443177465.6173","81426298286.7553","97561887957.8079","116963620422.229","123400629130.854","117988534885.073","136743438548.561","155039888662.564","173920685619.915","210608299657.661","220616445555.575","226594563448.698","243700817417.399","239973094448.251","263678832418.149","280349120351.567","313355004645.126","334074870363.848","335790574664.33","364740287587.943","314469355543.217","333546277429.535","327009281232.946","377442853701.433","416341940329.578","458508459742.388","484982931205.649","492856423475.407","531825749349.825","544940514563.357","562554379798.02","593707009776.721","694775911444.331","804159915389.764","924419567611.271","1051884831127.45","1342148092012.26","1347380565219.4","1502961023415.75","1869826822336.76","2045738549406.63","2057958207007.53","2111097580244.47","2323062261802.12","2414503392327.99","2679313169084.49","3075955433025.62","3159841615195.03","3318484576408.75","3172770463540.28","3717045071947.61","3834471492016.05","4073084906363.46","4364256137661.4","4578021773987.28",
"Sub-Saharan Africa (IDA & IBRD countries)","TSS","GDP (current US$)","NY.GDP.MKTP.CD","35992840315.6247","37521672250.0087","40553531625.494","46127234839.1369","45891029636.7016","50543662441.0134","54780166138.879","54842929106.4939","58686328764.3184","66258308877.6066","73998894005.1136","76078849833.2721","85727801728.0296","109279814642.668","138641829045.606","152220755514.281","164674566173.82","180959402619.766","202653123357.711","238924309636.553","300099287848.277","404964246963.97","376485687161.413","337928018074.435","301936361900.011","288309978620.849","270240108448.996","302632179778.341","318689734593.005","324390296940.169","379792346523.418","406697411520.779","365899500396.638","369858677464.712","378181813146.723","481079007260.503","537530179194.328","565282993319.412","566816310317.237","404651982255.302","428788727164.409","410936482186.298","449501126211.834","565920228913.281","702843567490.156","836994144673.233","988827706638.027","1145187476948.82","1300970976245.49","1241887642937.02","1469543958178.5","1650873639675.29","1717201201150.92","1825391175423.92","1902822047308.01","1687942836834.48","1532640901655.94","1673446999208.25","1799777413644.27","2045881962739.73","1902234301367.38","2139729978109.87","2290209566620.26","2117602210170.5","1989931102034.87","2211221046102.8",
"Trinidad and Tobago","TTO","GDP (current US$)","NY.GDP.MKTP.CD","535673252.483535","584964620.921781","619322810.026308","678239329.401676","711897520.256199","736573158.567104","723739857.317023","761981912.42271","758899950","779200000","821850000","896765214.626133","1083391757.89486","1308785430.53591","2042001070.5079","2442669824.56431","2500424955.23006","3138666666.66667","3562333458.33333","4602416625","6235833333.33333","6992083333.33333","8140416666.66667","7763750000","7757083333.33333","7375918367.34694","4794444444.44444","4797777777.77778","4496910569.10569","4323058823.52941","5068000000","5307905882.35294","5439552941.17647","4669491134.2478","4947181645.55221","5329217747.21258","5759570336.11287","5737771523.10148","6043686653.62189","6808982520.75759","8154342116.10311","8824849191.03571","9008298228.60273","11305459802.0683","13280291989.5755","15982389018.4041","18369361094.3886","21641620049.9352","27871587349.5413","19172165225.5015","22157920592.3669","25433007437.1605","27147349937.4689","28560537057.1548","29474180005.1333","26841141793.2143","23624322192.6274","23830750900.6899","23883058083.2171","23477745791.6977","20888515184.2239","24222963262.7213","28341164301.126","25036993423.3664","25633544529.4849","25942749718.4685",
"Tunisia","TUN","GDP (current US$)","NY.GDP.MKTP.CD","","866155428.571429","880027733.333333","1026737600","1025866792.15686","991047619.047619","1040952380.95238","1085714285.71429","1214666666.66667","1289904761.90476","1439238095.2381","1685162272.40652","2237556148.51085","2730813385.32624","3545868575.14639","4328965587.53266","4508191942.16081","5109324009.32401","5968460080.1113","7188863903.63675","8744134354.16152","8428445294.08429","8133580051.70251","8350582747.83541","8254541194.82566","8410226052.6114","9017806654.4169","9696715910.70907","10096245762.4352","10101851744.5627","12290568181.8182","13074782608.6957","15496708060.4184","14608335608.1543","15633174304.0905","18030876599.3444","19587161806.7655","20746210353.845","21802893587.126","22943202174.9668","21473528160.7782","22065832448.8623","23141616604.5242","27453902261.4629","31183885241.4396","32272186694.8043","34376664600.5898","38915353866.757","44859439902.2191","43455740497.3061","46206091937.9628","48123325825.0739","47311401812.6733","48685446413.953","50271812920.612","45779494041.9295","44360072680.4476","42163530590.9462","42686504459.801","41905642418.825","42491780918.361","47073234359.1819","44929920092.7955","48205328303.3398","51412122479.8468","57502836548.0878",
"Turkiye","TUR","GDP (current US$)","NY.GDP.MKTP.CD","7566666666.66667","7988888888.88889","8922222222.22222","10355555555.5556","11177777777.7778","11966666666.6667","14100000000","15644444444.4444","17500000000","19466666666.6667","17863636363.6364","16166666666.6667","20650000000","26000000000","35414285714.2857","46042857142.8571","51450000000","58683333333.3333","65912500000","89616129032.2581","68823684210.5263","71180180180.1802","64369325153.3742","61803555555.5556","59937602179.8365","67232758620.6897","75673037037.037","87190081680.28","90875175808.7201","107127191328.935","150655500191.644","151034731543.624","159104772991.851","180415757851.616","130650447499.071","234699627004.035","250366965174.129","263817553748.395","276035372654.608","256673939247.773","274748463178.502","202195080239.036","240778008473.845","315392899922.379","410156784495.948","508314210212.544","559668118237.002","685228481017.03","775415944332.866","653894449921.288","782545664268.333","844192507380.795","885327622479.052","962167643588.925","942343431928.654","865460050683.656","870818016909.84","863874522365.276","788356985773.667","775853144222.613","733628247119.077","839938668172.134","926097476913.818","1141242864657.45","1359123768774.12","1597293229287",
"Tuvalu","TUV","GDP (current US$)","NY.GDP.MKTP.CD","","","","","","","","","","","2585955.87411804","2716989.58449994","2968457.94392523","3411915.43882127","4122328.66617539","4014748.0540762","3919072.22992563","3669419.59164946","3798781.86329799","4065659.43428377","4206128.13370474","4773017.53163822","4118945.16164625","4152550.30416472","4481977.90255389","3862851.88310194","4574706.2115277","5020513.49920593","7011059.37136205","8454523.24729257","9542900.90136505","10127313.9132358","10535028.1423687","10414399.9564792","11772610.6579341","11922614.1984666","13338597.3300737","13734210.096632","13795146.2092638","14800503.2582747","14881202.5785774","14139705.2510497","16639799.8873171","19584879.571753","22878877.9130312","22846519.1722166","24274966.4338055","28547819.7129545","31602915.0009478","27851666.1740196","32425361.8050211","39665361.1329159","38912985.1801769","38767554.542532","38643167.2951054","36755290.7767318","41306141.62505","45288858.1637361","48026990.1943497","53527720.0597564","52302514.9939611","61597447.1614093","54104146.3198082","50491930.924381","56752265.8012166","57345434.7234984",
"Tanzania","TZA","GDP (current US$)","NY.GDP.MKTP.CD","2651729807.38808","2826179031.22839","3101589992.664","3456579293.44828","3748840925.06363","3817226546.22938","4377998825.12047","4565132047.52718","4895251824.05927","5142066811.47328","2851419386.07225","3050673517.33059","3472787266.0964","4144104535.49655","4977337978.35959","5729917839.54264","6472511987.84735","7732598995.10303","9261675709.83072","9804637490.81892","11409228086.7463","13161540377.5792","13927383239.8322","14049883809.0089","12906635133.1557","15328295175.4067","10840864521.2338","7824193222.11908","7406614407.46127","6418799006.80247","6184384225.02712","7197768158.58347","6681997469.31292","6182872707.82523","6550480483.9385","7631431840.49992","9433528150.36609","11158197941.9152","12172790056.3733","12704334195.8151","13371767081.7428","13563990022.3641","14129651895.6911","15211487708.7684","16673062473.3981","18395383647.4975","18619859795.2852","21860434823.4808","27947821397.9272","29400573553.6075","32012892919.37","34657140096.4836","39650394362.9287","45648857242.315","49986726460.6805","47413919817.124","49774409374.4538","53274884532.7886","57003712892.0858","61026731925.9213","66068737786.0639","70655628147.8986","75749121846.9703","79030935638.1317","79235713444.9777","90143496090.4411",
"Uganda","UGA","GDP (current US$)","NY.GDP.MKTP.CD","423145605.043164","441667334.611947","449158233.391351","516315231.449087","589247687.30035","884502309.953801","925381492.370153","967240655.186896","1037379252.41495","1168556628.86742","1259554808.90382","1417191656.16688","1490970180.59639","1701829789.02127","2098944967.20844","2359555555.55556","2447300000","2936470588.23529","2420260869.56522","2139025000","1244610000","1337300000","2177500000","2240333333.33333","3615647477.05434","3519695443.52516","3923244049.95796","6269522042.11556","6508931651.66667","5276480799.33868","4304399310.30967","3321729159.62277","2857457761.90922","3220439044.18949","3990430446.71216","5755818842.49246","6044585326.938","6269333313.17108","6584815846.52754","5998563257.94659","6193246837.09687","5840503868.51573","6178563591.12051","6606884275.23087","7939487547.77384","9239221763.05793","9977647682.96954","11902564494.8833","14440404132.2047","25127805566.6584","26673441430.7857","27871725241.4723","27305915910.7877","28915786516.6123","32612397257.4458","32387183730.1002","29203988696.2626","30744473841.424","32927025619.6795","35353061003.4359","37600368241.6657","40529788748.6737","45565333210.9108","48768955863.3175","53911907079.0485","61985829288.1496",
"Ukraine","UKR","GDP (current US$)","NY.GDP.MKTP.CD","","","","","","","","","","","","","","","","","","","","","","","","","","","","64087694038.2333","74703517902.6642","82709161099.1244","81393558423.4406","77350733982.4458","73945908383.7046","65648559903.0571","52549580264.8064","48213856468.5718","44558831005.0621","50151531591.7317","41882523345.1804","31580639553.8298","32375083934.8241","39309580983.2282","43956163612.0433","52010355753.0461","67220154164.3166","89238865118.5263","111884752475.248","148733861386.139","188110390659.515","121552153444.124","141209170427.233","169333835201.554","182591753827.949","190498811460.028","133503871861.723","91030967789.0717","93355869403.9223","112090505081.739","130891088293.55","153883047509.577","156617722013.342","199765859570.935","161989520721.19","181221517868.744","190833835445.1","214233312784.397",
"Upper middle income","UMC","GDP (current US$)","NY.GDP.MKTP.CD","179647675929.48","178044137599.392","175808321781.777","192924574028.817","220600808414.933","246880022876.045","272279692186.194","276236567576.867","292560318454.198","328191952373.766","357322870259.766","388963904622.776","445604350357.297","586232264472.127","755295896977.662","835178680341.486","905701592507.667","1016006576236.01","1119259201944.6","1304988562841.99","1529101460688.88","1654001130609.48","1628062721273.22","1589539435488.54","1675485525575.91","1726141756660.03","1784392059875.74","1816575081464.68","1949072009549.52","2132376280600.83","2473739364735.27","2410640500595.07","2582335563908.3","2843925173135.26","3207856037634.24","3715826421204.09","4109725004123.6","4370993512297.64","4227162980183.22","4132511001157.02","4507754295878.04","4509040189335.72","4553680056521.29","5071283063644.65","5972840657142.61","7097354678868.01","8371855781848.93","10288887282489.9","12452519927310.1","12377976349831.6","15141574779332.9","18081813106490.9","19328537995113.8","20573131213543.3","21389435063220.6","20660115075151.9","20790061776936.1","22770082997292.7","24363395677899.7","24819718113219.4","24069773148091","28618153386292.8","29881576742720.3","30942010900869.1","32044776966659.1","33529653863548.8",
"Uruguay","URY","GDP (current US$)","NY.GDP.MKTP.CD","1242289239.20493","1547388781.43133","1710004407.22785","1539681490.78174","1975701816.46615","1890767155.52622","1809185093.55188","1597713469.09611","1593674184.56285","2004435483.87097","2137096774.19355","2807258064.51613","2189418688.80408","3964296443.35254","4090209681.97172","3538278046.96236","3667161241.48372","4114670014.3472","4910254565.57831","7181182224.11227","10163020115.7344","11048301420.6301","9178780076.99713","5102276308.45313","4850238549.61832","4732017873.38369","5880112788.40947","7367494080.40014","8213538368.84635","8438951476.06644","9298807850.29979","11206176650.9075","12878148790.7348","15002136971.1745","17474588895.8918","19297663096.5506","20515458113.5857","23969739233.8966","25385886977.5228","23983945190.6202","22823270892.1094","20898761742.2386","13606515722.5864","12045638351.8507","13686329890.1191","17362857683.8545","19741420739.8901","23797773024.3992","31119602538.8322","32708319077.5179","41950361211.9581","50342406067.0777","54232266358.7811","61337621933.7857","61496186973.902","57680327998.6689","57480787465.2716","65006039809.739","65344577415.7535","62222324964.633","53559354501.4278","60739061281.1628","71240669088.0587","79208725899.5531","82322859144.2816","85347696277.6859",
"United States","USA","GDP (current US$)","NY.GDP.MKTP.CD","541988586206.897","561940310344.828","603639413793.103","637058551724.138","684144620689.655","741904862068.965","813032758620.69","859620034482.759","940225000000","1017438172413.79","1073303000000","1164850000000","1279110000000","1425376000000","1545243000000","1684904000000","1873412000000","2081826000000","2351599000000","2627333000000","2857307000000","3207041000000","3343789000000","3634038000000","4037613000000","4338979000000","4579631000000","4855215000000","5236438000000","5641580000000","5963144000000","6158129000000","6520327000000","6858559000000","7287236000000","7639749000000","8073122000000","8577552000000","9062817000000","9631172000000","10250952000000","10581929000000","10929108000000","11456450000000","12217196000000","13039197000000","13815583000000","14474228000000","14769862000000","14478067000000","15048971000000","15599732000000","16253970000000","16880683000000","17608138000000","18295019000000","18804913000000","19612102000000","20656516000000","21539982000000","21375281000000","23725645000000","26054614000000","27811517000000","29298013000000","30769700000000",
"Uzbekistan","UZB","GDP (current US$)","NY.GDP.MKTP.CD","","","","","","","","","","","","","","","","","","","","","","","","","","","","8523160592.61112","10722799639.3121","11948815258.1132","13362340337.8657","13800167711.5003","12953801760.2414","13099920055.9608","12899074922.38","13350461264.9969","13948892215.5689","14744603773.5849","14988971210.8383","17078465982.0282","13760513969.314","11401421329.1974","9687788512.80184","10134453435.4603","12030023547.8807","14307509838.8053","17330833852.919","22311393927.8817","29549438883.8338","33689223673.2577","55544226552.8467","67404618404.5392","75318846931.3239","82674178351.6216","91303765114.0144","97564568986.8161","97871364319.3985","72276404057.649","61318332402.7908","70170662562.6111","70127127133.2164","81170051810.5825","94286355836.1594","107526539716.318","121356065241.228","147038081129.405",
"St. Vincent and the Grenadines","VCT","GDP (current US$)","NY.GDP.MKTP.CD","13066634.0000817","13999965.0000875","14524963.6875908","13708299.0625857","14758296.4375922","15108295.5625944","16099959.7501006","15835106.0327781","15350000","16650000","18450000","20051922.3261445","27585804.8653032","30165081.0858817","32923702.7281866","33237225.9880652","32792844.6829448","49353161.8518519","60844771.4814815","71096359.6296296","82340339.6296296","102086539.259259","113759203.333333","122255349.62963","135024987.777778","145641705.185185","160846656.666667","175580647.407407","200726712.592593","214745002.222222","240366666.666667","254829629.62963","277955555.555556","286307407.407407","289437037.037037","316007407.407407","331488888.888889","347770370.37037","373618518.518519","390718518.518519","427946037.037037","462072333.333333","487763851.851852","509090888.888889","549900185.185185","579948925.925926","643501148.148148","713596666.666667","732663259.259259","714300259.259259","720447888.888889","713796370.37037","730032592.592593","764781259.259259","770900000","786555555.555555","814303703.703704","844040740.740741","884329629.62963","910481481.481481","864566666.666667","888677777.777778","989188888.888889","1072237037.03704","1157207407.40741","1255222222.22222",
"Venezuela, RB","VEN","GDP (current US$)","NY.GDP.MKTP.CD","7663938303.07171","8067267030.61862","8814309884.21165","9608717288.17057","8192413793.10345","8427777777.77778","8781333333.33333","9250000000","10034444444.4444","10285111111.1111","11561111111.1111","12986590909.0909","13977727272.7273","17035581395.3488","26100930232.5581","27464651162.7907","31419534883.7209","36210697674.4186","39316279069.7674","48310930232.5581","59116511627.907","66327441860.4651","67736744186.0465","67556279069.7674","59867743467.9335","61965466666.6667","60516123711.3402","48029034482.7586","60226413793.1035","43536709104.0115","48606952194.7752","53453444786.6256","60416519620.0849","60037460783.1941","58418666666.6667","77389487770.0883","70543211119.099","85837678559.8324","91336763255.0597","97972842461.5131","117146466002.661","122911036746.729","92893587733.6549","83620628582.1082","112451400424.964","145513489651.872","183477522123.894","230364012575.687","315953388510.678","329787628928.472","393192354510.653","316482190800.364","371846610182.327","258512396297.714","214838755021.964","125249941853.534","112948035494.959","115892475742.789","101987075928.918","73014157107.594","42837965906.8675","56615026262.6535","89013251020.9831","102377501185.925","120566112397.063","99661244155.6306",
"British Virgin Islands","VGB","GDP (current US$)","NY.GDP.MKTP.CD","","","","","","","","","","","","","","","","","","","","","","","","","","","","","","","","","","","","","","","","","","","","","","","","","","","","","","","","","","","","","","","","","","",
"Virgin Islands (U.S.)","VIR","GDP (current US$)","NY.GDP.MKTP.CD","","","","","","","","","","","","","","","","","","","","","","","","","","","","","","","","","","","","","","","","","","","3262000000","3443000000","3797000000","4428000000","4484000000","4784000000","4244000000","4201000000","4324000000","4223000000","4089000000","3738000000","3565000000","3663000000","3798000000","3794000000","3923000000","4121000000","4229000000","4507000000","4672000000","","","",
"Viet Nam","VNM","GDP (current US$)","NY.GDP.MKTP.CD","","","","","","","","","","","","","","","","","","","","","","","","","","14094687820.7445","26336616250.4397","36658108850.3148","25423812648.5941","6293304974.59403","6471740805.56984","9613369520.41885","9866990236.43587","13180953598.1716","16286433533.3228","20736164458.9505","24657470574.7501","26843700441.5482","27209602050.0452","28683659006.7752","31172518403.3162","32685198808.5549","35064105500.8344","39552513231.9169","45427854693.2554","57633255738.1992","66371664817.0436","77414425532.2452","99130304099.1274","106014659565.214","147201173196.979","172595049183.925","195590661129.249","213708811665.34","233451469642.519","239258328381.741","257096001177.982","281353605986.903","310106478394.659","334365270496.667","346615738537.796","366474752771.009","413445230668.578","433805036898.465","476324572783.807","514697215165.065",
"Vanuatu","VUT","GDP (current US$)","NY.GDP.MKTP.CD","","","","","","","","","","","","","","","","","","","","119258835.335525","121185497.569261","113781795.82356","114501912.522867","117389554.191406","144482515.368336","131856420.703184","126498935.335649","139464173.547324","158351368.433149","154013202.116475","168879207.244148","201334169.054441","209088824.608438","200491853.167847","233701301.490486","249333250.082507","261370044.486614","272771209.113662","262293410.708334","268006972.690296","272014627.835262","257926881.72043","262596535.549028","314471413.001776","364996869.129618","394962433.029368","439358586.535588","516392922.513728","590748429.401902","592622319.145664","670712979.682038","770153588.218833","747839697.746593","863347171.906814","879185478.498067","855360239.609869","908725512.790966","998536154.882053","1034402941.04298","1061547512.69257","1017403362.80118","1093826088.94269","1151863789.76624","1188137265.19047","1297956614.77783","1353658840.63993",
"World","WLD","GDP (current US$)","NY.GDP.MKTP.CD","1367697816706.48","1445418078270.82","1546545764840.33","1672226662378.7","1833219012877.02","1997655804366.35","2165498646895.2","2298119095631.23","2483627131302.64","2743573825629.55","3009478988898.71","3325831293865.24","3842019736073.42","4699146820051.78","5431302723228.32","6048005016166.34","6574572862295.26","7433986513280.19","8804316947866.46","10181253373888.4","11479787747421.4","11872917775514.8","11747181261106.9","11993276558849.8","12459409786103.5","13050699141666.9","15397826688510.3","17532755119890.9","19597682774627.7","20467635430294.5","22991895905266.2","23998499386379.8","25631432757013.7","26071136171460.6","28066274308784.1","31338014339198.1","32064860700885.1","31954804098164.9","31780795899557.2","32829035976968.2","33965806441911.9","33747838963540","35048255697763.3","39288473726074.5","44264898214305.3","47938461749088.8","51965655998564.4","58574302755950.8","64378551514749.4","61049315651690.3","66893676131662.8","74388644404622.5","76055253368044.6","78171001460419","80243543597078.9","75839351828606.2","77084966373474","82110104984460","87310840056717.8","88796498078977.7","86388502867289.2","98780038374127","102862471365575","107348614073350","111669432109121","118350166039396",
"Samoa","WSM","GDP (current US$)","NY.GDP.MKTP.CD","","","","","","","","","","","45208337.609386","53719568.9655172","62566116.3754812","82452985.3658537","93549610.93343","93489282.5537294","85003077.6967563","98295671.0342196","108223444.248268","122257392.883079","125747037.963668","118190654.675563","121221651.619316","111862823.574979","109200934.328518","95572172.9835657","100947848.64478","111713922.141578","133016065.416065","122888609.715243","125766269.755358","125597205.422315","132303041.36253","133122897.196262","221098106.508876","224865731.381903","249907868.772424","285475591.89651","269485244.15511","255408060.259486","258856139.798489","266299591.479428","281790134.211972","333426188.41876","407747565.096959","476801793.159429","499923757.780736","573548459.833372","641346191.664776","628006115.424052","680260907.153983","744097050.169115","773141661.165548","797736334.281305","796683519.593842","824150498.653536","843924796.697421","884844384.463214","878448433.404342","912950466.064906","868884902.953089","859724936.05765","889554711.842341","1044909500.02527","1175749785.65113","1287936621.64619",
"Kosovo","XKX","GDP (current US$)","NY.GDP.MKTP.CD","","","","","","","","","","","","","","","","","","","","","","","","","","","","","","","","","","","","","","","","","","","","","","","","","5202943075.49453","5035779642.01679","5343950626.16668","6341614504.59145","6163483291.08047","6735327512.05178","7074392884.04507","6295845465.35898","6682674062.9615","7180768692.26354","7878762812.20156","7899204690.79214","7734497455.75411","9412099545.05799","9367633202.54673","10466753839.9923","11203038332.3359","12456403306.8191",
"Yemen, Rep.","YEM","GDP (current US$)","NY.GDP.MKTP.CD","","","","","","","","","","","","","","","","","","","","","","","","","","","","","","","12643821568.9626","14665445462.1149","17959367194.005","21736802664.4463","28019483763.5304","12796345679.0123","6496163615.66086","6838298530.54911","6322175565.94651","7639325295.88287","9679316770.18633","9852990692.98714","10693430511.4664","11777532662.0499","13867634371.4773","16731566717.1888","19063143369.858","21650528674.0933","26910855807.288","25130278212.5575","30906749533.221","32726417878.391","35401331609.5916","40415233436.1767","43228585321.3272","42444490073.8555","31317825274.1507","26842229044.5848","21606160663.0318","","","","","","","",
"South Africa","ZAF","GDP (current US$)","NY.GDP.MKTP.CD","8748596500.5614","9225996309.60148","9813996074.40157","10854195658.3217","11955995217.6019","13068994772.4021","14211394315.4423","15821393671.4425","17124793150.0827","19256992297.2031","21218391512.6434","23411076638.279","24515919216.8851","33262772008.1446","41389186094.5992","42906905672.42","41150460287.6151","45328411332.1028","51607412901.8532","63038658088.9121","89411864402.4272","93141472163.7596","85904057409.3585","96204110941.5672","84870163365.9306","64459376086.6883","73354771399.2627","96535763418.3729","103976831870.957","108055624081.806","126048140141.869","135203698237.977","146956150986.636","147194747565.75","153512712381.836","171735933897.331","163234925380.563","168978057327.73","152982984557.233","151516957078.536","151752757215.309","135429905922.526","129087556612.449","197018965308.697","255806908594.573","288867217196.534","303858675363.643","333077117253.684","316131258616.309","329754060647.129","417363822801.713","458199494830.834","434400545085.811","400886013595.573","381198869776.106","346709790458.563","323585509674.481","381448814653.456","405260723892.517","389330032224.269","337974655408.055","419986284375.368","407596043067.885","381440724491.232","401144998373.585","427184325997.307",
"Zambia","ZMB","GDP (current US$)","NY.GDP.MKTP.CD","698739720.783607","682359727.329053","679279728.55982","704339718.545848","822639671.273187","1061199575.94465","1238999504.8958","1340639464.28047","1573739371.13375","1926399230.21087","1788779285.2038","1653259341.29113","1872416680.07912","2434255236.99935","2910981262.10018","2442672140.947","2742859262.9794","2515296939.60686","2811032472.93922","3353445378.15126","3884530853.76162","4008126497.36464","3871117092.86676","3321048451.15171","2719518932.99541","2252454500.14896","1664413508.09853","2265250972.34879","3728878148.80792","3994673161.02649","3288381797.32415","3376806697.1218","3182810841.01704","3273505343.85539","3656806165.78848","3806983413.16416","3597220962.00017","4303288479.7086","3537741941.89367","3404284890.5306","3600632111.41414","4094441301.21423","4193850445.42632","4901869764.05957","6221110219.45542","8331870169.14977","12756858899.2812","14056957976.2648","17910858637.9048","15328342303.9575","20265559483.8548","23459515275.5776","25503060420.026","28037239462.7142","27141023558.0829","21251216798.7762","20958412538.3093","25873601260.8353","26311507273.6735","23308667781.2258","18137764930.651","22096416932.0089","29163782140.4858","27577956471.244","25303185342.2511","28879806220.1264",
"Zimbabwe","ZWE","GDP (current US$)","NY.GDP.MKTP.CD","1053528036.42755","1097206526.43457","1118172225.65019","1160103724.1325","1217759447.00099","1312105393.62448","1282403936.37681","1397715282.06274","1480355354.94474","1748891294.20526","1885168339.10681","2179828710.18738","2679096596.57517","3311043291.61257","3984194614.19552","4373532601.15703","4320576876.79177","4366610468.65438","4353822342.61788","5180102910.1171","6682278300.2622","8015464251.71692","8544060905.16113","7768031181.67262","6355369171.99585","5640137575.00727","6220698246.72927","6744657033.37727","7818774176.83792","8290553535.28012","8788301546.04498","8646000000","6755000000","6567250000","6894250000","7115000000","8557500000","8534000000","6405250000","6861500000","6693250000","6780750000","6345250000","5730500000","5808500000","5758250000","5446750000","5294750000","4418000000","9670750000","12047750000","14109000000","17123500000","19100750000","19505500000","19973250000","20559250000","51035657370.5179","34141666666.6667","33360632553.3556","31979753644.6558","41287852523.5016","40757585308.5016","35871781303.429","41521975830.2351","51215643905.5886",
